council,ward_name,seats,council_key,ward_key,majority,control_group,boundary_code,feature_index,last_result_party,last_result_year
Barnsley,Athersley and New Lodge,3,barnsley,athersley and new lodge,REF,Reform UK,,,,
Barnsley,Darfield and Great Houghton,3,barnsley,darfield and great houghton,REF,Reform UK,,,,
Barnsley,"Dodworth, Stainborough and Tankersley",3,barnsley,dodworth stainborough and tankersley,REF,Reform UK,,,,
Bradford,Airedale,3,bradford,airedale,TBC,TBC,,,,
Bradford,Bingley East,3,bradford,bingley east,TBC,TBC,,,,
Bradford,Bingley West,3,bradford,bingley west,TBC,TBC,,,,
Bradford,Heaton and Frizinghall,3,bradford,heaton and frizinghall,TBC,TBC,,,,
Bradford,Holme Wood and Bierley,3,bradford,holme wood and bierley,TBC,TBC,,,,
Bradford,Ilkley and Addingham,3,bradford,ilkley and addingham,TBC,TBC,,,,
Bradford,Wibsey and Odsal,3,bradford,wibsey and odsal,TBC,TBC,,,,
Calderdale,Greetland,3,calderdale,greetland,REF,Reform UK,,,,
Calderdale,Halifax Town,3,calderdale,halifax town,REF,Reform UK,,,,
Calderdale,Hebden Bridge and Todmorden East,3,calderdale,hebden bridge and todmorden east,REF,Reform UK,,,,
Calderdale,"Salterhebble, Southowram and Skircoat Green",3,calderdale,salterhebble southowram and skircoat green,REF,Reform UK,,,,
Calderdale,Todmorden West,3,calderdale,todmorden west,REF,Reform UK,,,,
Calderdale,Wainhouse,3,calderdale,wainhouse,REF,Reform UK,,,,
Coventry,Holbrooks,3,coventry,holbrooks,TBC,TBC,,,,
Coventry,Tile Hill and Canley,3,coventry,tile hill and canley,TBC,TBC,,,,
East Surrey,Ashtead,2,east surrey,ashtead,TBC,TBC,,,,
East Surrey,"Banstead, Woodmansterne and Chipstead",2,east surrey,banstead woodmansterne and chipstead,TBC,TBC,,,,
East Surrey,Bookham and Fetcham West,2,east surrey,bookham and fetcham west,TBC,TBC,,,,
East Surrey,Caterham Hill,2,east surrey,caterham hill,TBC,TBC,,,,
East Surrey,Caterham Valley,2,east surrey,caterham valley,TBC,TBC,,,,
East Surrey,Cobham and Oxshott South,2,east surrey,cobham and oxshott south,TBC,TBC,,,,
East Surrey,Dorking,2,east surrey,dorking,TBC,TBC,,,,
East Surrey,Dorking Hills,2,east surrey,dorking hills,TBC,TBC,,,,
East Surrey,Dorking Rural,2,east surrey,dorking rural,TBC,TBC,,,,
East Surrey,Earlswood and Reigate South,2,east surrey,earlswood and reigate south,TBC,TBC,,,,
East Surrey,Epsom Town and Downs,2,east surrey,epsom town and downs,TBC,TBC,,,,
East Surrey,Epsom West,2,east surrey,epsom west,TBC,TBC,,,,
East Surrey,"Esher, Claygate and Oxshott North",2,east surrey,esher claygate and oxshott north,TBC,TBC,,,,
East Surrey,"Ewell Court, Auriol and Cuddington",2,east surrey,ewell court auriol and cuddington,TBC,TBC,,,,
East Surrey,"Ewell Village, Stoneleigh and Nonsuch",2,east surrey,ewell village stoneleigh and nonsuch,TBC,TBC,,,,
East Surrey,Godstone,2,east surrey,godstone,TBC,TBC,,,,
East Surrey,Hersham,2,east surrey,hersham,TBC,TBC,,,,
East Surrey,Horley East,2,east surrey,horley east,TBC,TBC,,,,
East Surrey,"Horley West, Salfords and Sidlow",2,east surrey,horley west salfords and sidlow,TBC,TBC,,,,
East Surrey,Leatherhead and Fetcham East,2,east surrey,leatherhead and fetcham east,TBC,TBC,,,,
East Surrey,Lingfield,2,east surrey,lingfield,TBC,TBC,,,,
East Surrey,"Long Ditton, Hinchley Wood and Weston Green",2,east surrey,long ditton hinchley wood and weston green,TBC,TBC,,,,
East Surrey,Merstham and Banstead South,2,east surrey,merstham and banstead south,TBC,TBC,,,,
East Surrey,Nork and Tattenhams,2,east surrey,nork and tattenhams,TBC,TBC,,,,
East Surrey,Oxted,2,east surrey,oxted,TBC,TBC,,,,
East Surrey,Redhill East and North Earlswood,2,east surrey,redhill east and north earlswood,TBC,TBC,,,,
East Surrey,Redhill West and Meadvale,2,east surrey,redhill west and meadvale,TBC,TBC,,,,
East Surrey,Reigate,2,east surrey,reigate,TBC,TBC,,,,
East Surrey,"Tadworth, Walton and Kingswood",2,east surrey,tadworth walton and kingswood,TBC,TBC,,,,
East Surrey,Thames Ditton and East Molesey,2,east surrey,thames ditton and east molesey,TBC,TBC,,,,
East Surrey,Walton,2,east surrey,walton,TBC,TBC,,,,
East Surrey,Walton South and Oatlands,2,east surrey,walton south and oatlands,TBC,TBC,,,,
East Surrey,Warlingham,2,east surrey,warlingham,TBC,TBC,,,,
East Surrey,West Ewell,2,east surrey,west ewell,TBC,TBC,,,,
East Surrey,West Molesey,2,east surrey,west molesey,TBC,TBC,,,,
East Surrey,Weybridge,2,east surrey,weybridge,TBC,TBC,,,,
East Sussex,"Arlington, East Hoathly and Hellingly",1,east sussex,arlington east hoathly and hellingly,CON min,Conservative,,,,
East Sussex,Ashdown and Conquest,1,east sussex,ashdown and conquest,CON min,Conservative,,,,
East Sussex,Baird and Ore,1,east sussex,baird and ore,CON min,Conservative,,,,
East Sussex,Battle and Crowhurst,1,east sussex,battle and crowhurst,CON min,Conservative,,,,
East Sussex,Bexhill East,1,east sussex,bexhill east,CON min,Conservative,,,,
East Sussex,Bexhill North,1,east sussex,bexhill north,CON min,Conservative,,,,
East Sussex,Bexhill South,1,east sussex,bexhill south,CON min,Conservative,,,,
East Sussex,Bexhill West,1,east sussex,bexhill west,CON min,Conservative,,,,
East Sussex,Braybrooke and Castle,1,east sussex,braybrooke and castle,CON min,Conservative,,,,
East Sussex,Brede Valley and Marsham,1,east sussex,brede valley and marsham,CON min,Conservative,,,,
East Sussex,Central St Leonards and Gensing,1,east sussex,central st leonards and gensing,CON min,Conservative,,,,
East Sussex,Chailey,1,east sussex,chailey,CON min,Conservative,,,,
East Sussex,Crowborough North and Jarvis Brook,1,east sussex,crowborough north and jarvis brook,CON min,Conservative,,,,
East Sussex,Crowborough South and St Johns,1,east sussex,crowborough south and st johns,CON min,Conservative,,,,
East Sussex,Devonshire,1,east sussex,devonshire,CON min,Conservative,,,,
East Sussex,Forest Row and Groombridge,1,east sussex,forest row and groombridge,CON min,Conservative,,,,
East Sussex,Hailsham Market,1,east sussex,hailsham market,CON min,Conservative,,,,
East Sussex,Hailsham New Town,1,east sussex,hailsham new town,CON min,Conservative,,,,
East Sussex,Hampden Park,1,east sussex,hampden park,CON min,Conservative,,,,
East Sussex,Heathfield and Mayfield,1,east sussex,heathfield and mayfield,CON min,Conservative,,,,
East Sussex,Hollington and Wishing Tree,1,east sussex,hollington and wishing tree,CON min,Conservative,,,,
East Sussex,Langney,1,east sussex,langney,CON min,Conservative,,,,
East Sussex,Lewes,1,east sussex,lewes,CON min,Conservative,,,,
East Sussex,Maresfield and Buxted,1,east sussex,maresfield and buxted,CON min,Conservative,,,,
East Sussex,Maze Hill and West St Leonards,1,east sussex,maze hill and west st leonards,CON min,Conservative,,,,
East Sussex,Meads,1,east sussex,meads,CON min,Conservative,,,,
East Sussex,Newhaven and Bishopstone,1,east sussex,newhaven and bishopstone,CON min,Conservative,,,,
East Sussex,Northern Rother,1,east sussex,northern rother,CON min,Conservative,,,,
East Sussex,Old Hastings and Tressell,1,east sussex,old hastings and tressell,CON min,Conservative,,,,
East Sussex,Old Town,1,east sussex,old town,CON min,Conservative,,,,
East Sussex,Ouse Valley West and Downs,1,east sussex,ouse valley west and downs,CON min,Conservative,,,,
East Sussex,Peacehaven,1,east sussex,peacehaven,CON min,Conservative,,,,
East Sussex,Pevensey and Stone Cross,1,east sussex,pevensey and stone cross,CON min,Conservative,,,,
East Sussex,Polegate and Watermill,1,east sussex,polegate and watermill,CON min,Conservative,,,,
East Sussex,Ratton,1,east sussex,ratton,CON min,Conservative,,,,
East Sussex,Ringmer and Lewes Bridge,1,east sussex,ringmer and lewes bridge,CON min,Conservative,,,,
East Sussex,Rother North West,1,east sussex,rother north west,CON min,Conservative,,,,
East Sussex,Rye and Eastern Rother,1,east sussex,rye and eastern rother,CON min,Conservative,,,,
East Sussex,Seaford North,1,east sussex,seaford north,CON min,Conservative,,,,
East Sussex,Seaford South,1,east sussex,seaford south,CON min,Conservative,,,,
East Sussex,Sovereign,1,east sussex,sovereign,CON min,Conservative,,,,
East Sussex,St. Anthony's,1,east sussex,st anthony s,CON min,Conservative,,,,
East Sussex,St Helens and Silverhill,1,east sussex,st helens and silverhill,CON min,Conservative,,,,
East Sussex,Telscombe,1,east sussex,telscombe,CON min,Conservative,,,,
East Sussex,Uckfield North,1,east sussex,uckfield north,CON min,Conservative,,,,
East Sussex,Uckfield South with Framfield,1,east sussex,uckfield south with framfield,CON min,Conservative,,,,
East Sussex,Upperton,1,east sussex,upperton,CON min,Conservative,,,,
East Sussex,Wealden East,1,east sussex,wealden east,CON min,Conservative,,,,
East Sussex,Wealden North East,1,east sussex,wealden north east,CON min,Conservative,,,,
East Sussex,Willingdon and South Downs,1,east sussex,willingdon and south downs,CON min,Conservative,,,,
Essex,Billericay North,1,essex,billericay north,REF,Reform UK,,,,
Essex,Bocking,1,essex,bocking,REF,Reform UK,,,,
Essex,Braintree Eastern,1,essex,braintree eastern,REF,Reform UK,,,,
Essex,Braintree Town,1,essex,braintree town,REF,Reform UK,,,,
Essex,Brentwood Hutton,1,essex,brentwood hutton,REF,Reform UK,,,,
Essex,Brentwood North,1,essex,brentwood north,REF,Reform UK,,,,
Essex,Brentwood Rural,1,essex,brentwood rural,REF,Reform UK,,,,
Essex,Brentwood South,1,essex,brentwood south,REF,Reform UK,,,,
Essex,Brightlingsea,1,essex,brightlingsea,REF,Reform UK,,,,
Essex,Broomfield and Writtle,1,essex,broomfield and writtle,REF,Reform UK,,,,
Essex,Burnham and Southminster,1,essex,burnham and southminster,REF,Reform UK,,,,
Essex,Burstead,1,essex,burstead,REF,Reform UK,,,,
Essex,Canvey Island East,1,essex,canvey island east,REF,Reform UK,,,,
Essex,Canvey Island West,1,essex,canvey island west,REF,Reform UK,,,,
Essex,Castledon and Crouch,1,essex,castledon and crouch,REF,Reform UK,,,,
Essex,Chelmer,1,essex,chelmer,REF,Reform UK,,,,
Essex,Chelmsford Central,1,essex,chelmsford central,REF,Reform UK,,,,
Essex,Chelmsford North,1,essex,chelmsford north,REF,Reform UK,,,,
Essex,Chelmsford West,1,essex,chelmsford west,REF,Reform UK,,,,
Essex,Chigwell and Buckhurst Hill East,1,essex,chigwell and buckhurst hill east,REF,Reform UK,,,,
Essex,Clacton North,1,essex,clacton north,REF,Reform UK,,,,
Essex,Clacton South,1,essex,clacton south,REF,Reform UK,,,,
Essex,Clacton West and St Osyth,1,essex,clacton west and st osyth,REF,Reform UK,,,,
Essex,Colchester Abbey,1,essex,colchester abbey,REF,Reform UK,,,,
Essex,Colchester Lexden,1,essex,colchester lexden,REF,Reform UK,,,,
Essex,Colchester Maypole,1,essex,colchester maypole,REF,Reform UK,,,,
Essex,Colchester North,1,essex,colchester north,REF,Reform UK,,,,
Essex,Colchester St Johns,1,essex,colchester st johns,REF,Reform UK,,,,
Essex,Constable,1,essex,constable,REF,Reform UK,,,,
Essex,Danbury and the Hanningfields,1,essex,danbury and the hanningfields,REF,Reform UK,,,,
Essex,Dunmow,1,essex,dunmow,REF,Reform UK,,,,
Essex,Epping and Theydon Bois,1,essex,epping and theydon bois,REF,Reform UK,,,,
Essex,Frinton and Walton,1,essex,frinton and walton,REF,Reform UK,,,,
Essex,Gloucester Park,1,essex,gloucester park,REF,Reform UK,,,,
Essex,Great Baddow and Galleywood,1,essex,great baddow and galleywood,REF,Reform UK,,,,
Essex,Hadleigh,1,essex,hadleigh,REF,Reform UK,,,,
Essex,Halstead,1,essex,halstead,REF,Reform UK,,,,
Essex,Harlow Common and Church Langley,1,essex,harlow common and church langley,REF,Reform UK,,,,
Essex,Harlow Netteswell,1,essex,harlow netteswell,REF,Reform UK,,,,
Essex,Harlow Parndon and Toddbrook,1,essex,harlow parndon and toddbrook,REF,Reform UK,,,,
Essex,Harlow South West,1,essex,harlow south west,REF,Reform UK,,,,
Essex,Harwich,1,essex,harwich,REF,Reform UK,,,,
Essex,Hedingham,1,essex,hedingham,REF,Reform UK,,,,
Essex,Laindon Town,1,essex,laindon town,REF,Reform UK,,,,
Essex,Loughton North,1,essex,loughton north,REF,Reform UK,,,,
Essex,Loughton South and Buckhurst Hill West,1,essex,loughton south and buckhurst hill west,REF,Reform UK,,,,
Essex,Maldon Rural North,1,essex,maldon rural north,REF,Reform UK,,,,
Essex,Maldon Rural South,1,essex,maldon rural south,REF,Reform UK,,,,
Essex,Maldon Town and Heybridge,1,essex,maldon town and heybridge,REF,Reform UK,,,,
Essex,Mersea and Tiptree,1,essex,mersea and tiptree,REF,Reform UK,,,,
Essex,North Weald and Nazeing,1,essex,north weald and nazeing,REF,Reform UK,,,,
Essex,Old Harlow,1,essex,old harlow,REF,Reform UK,,,,
Essex,Ongar and Rural,1,essex,ongar and rural,REF,Reform UK,,,,
Essex,Pitsea,1,essex,pitsea,REF,Reform UK,,,,
Essex,Rayleigh South,1,essex,rayleigh south,REF,Reform UK,,,,
Essex,Rayleigh West,1,essex,rayleigh west,REF,Reform UK,,,,
Essex,Rochford East,1,essex,rochford east,REF,Reform UK,,,,
Essex,Rochford North,1,essex,rochford north,REF,Reform UK,,,,
Essex,Rochford South,1,essex,rochford south,REF,Reform UK,,,,
Essex,Saffron Walden,1,essex,saffron walden,REF,Reform UK,,,,
Essex,South Benfleet,1,essex,south benfleet,REF,Reform UK,,,,
Essex,Stansted,1,essex,stansted,REF,Reform UK,,,,
Essex,Stanway and Marks Tey,1,essex,stanway and marks tey,REF,Reform UK,,,,
Essex,Takeley,1,essex,takeley,REF,Reform UK,,,,
Essex,Tendring Rural East,1,essex,tendring rural east,REF,Reform UK,,,,
Essex,Tendring Rural West,1,essex,tendring rural west,REF,Reform UK,,,,
Essex,Thaxted,1,essex,thaxted,REF,Reform UK,,,,
Essex,Three Fields and Great Notley,1,essex,three fields and great notley,REF,Reform UK,,,,
Essex,Thundersley,1,essex,thundersley,REF,Reform UK,,,,
Essex,Vange,1,essex,vange,REF,Reform UK,,,,
Essex,Waltham Abbey,1,essex,waltham abbey,REF,Reform UK,,,,
Essex,Westley Heights,1,essex,westley heights,REF,Reform UK,,,,
Essex,Wickford East and Bowers Gifford,1,essex,wickford east and bowers gifford,REF,Reform UK,,,,
Essex,Witham Town,1,essex,witham town,REF,Reform UK,,,,
Essex,Witham West and Rural,1,essex,witham west and rural,REF,Reform UK,,,,
Essex,Wivenhoe St Andrew,1,essex,wivenhoe st andrew,REF,Reform UK,,,,
Essex,Woodham Ferrers,1,essex,woodham ferrers,REF,Reform UK,,,,
Gateshead,Birtley North and Lamesley,3,gateshead,birtley north and lamesley,REF,Reform UK,,,,
Gateshead,Birtley South,3,gateshead,birtley south,REF,Reform UK,,,,
Gateshead,"Dunston, Teams and Riverside",3,gateshead,dunston teams and riverside,REF,Reform UK,,,,
Gateshead,"Pelaw, Heworth and Bill Quay",3,gateshead,pelaw heworth and bill quay,REF,Reform UK,,,,
Gateshead,Whickham North and Swalwell,3,gateshead,whickham north and swalwell,REF,Reform UK,,,,
Hampshire,Aldershot North,1,hampshire,aldershot north,TBC,TBC,,,,
Hampshire,Aldershot South,1,hampshire,aldershot south,TBC,TBC,,,,
Hampshire,Alton Rural,1,hampshire,alton rural,TBC,TBC,,,,
Hampshire,Alton Town,1,hampshire,alton town,TBC,TBC,,,,
Hampshire,Andover North,1,hampshire,andover north,TBC,TBC,,,,
Hampshire,Andover South,1,hampshire,andover south,TBC,TBC,,,,
Hampshire,Andover West,1,hampshire,andover west,TBC,TBC,,,,
Hampshire,Baddesley,1,hampshire,baddesley,TBC,TBC,,,,
Hampshire,Basingstoke Central,1,hampshire,basingstoke central,TBC,TBC,,,,
Hampshire,Basingstoke North,1,hampshire,basingstoke north,TBC,TBC,,,,
Hampshire,Basingstoke North West,1,hampshire,basingstoke north west,TBC,TBC,,,,
Hampshire,Basingstoke South East,1,hampshire,basingstoke south east,TBC,TBC,,,,
Hampshire,Basingstoke South West,1,hampshire,basingstoke south west,TBC,TBC,,,,
Hampshire,Bishopstoke and Fair Oak,1,hampshire,bishopstoke and fair oak,TBC,TBC,,,,
Hampshire,Bishops Waltham,1,hampshire,bishops waltham,TBC,TBC,,,,
Hampshire,Botley and Hedge End North,1,hampshire,botley and hedge end north,TBC,TBC,,,,
Hampshire,Bridgemary,1,hampshire,bridgemary,TBC,TBC,,,,
Hampshire,Brockenhurst,1,hampshire,brockenhurst,TBC,TBC,,,,
Hampshire,Calleva,1,hampshire,calleva,TBC,TBC,,,,
Hampshire,"Candovers, Oakley and Overton",1,hampshire,candovers oakley and overton,TBC,TBC,,,,
Hampshire,Catherington,1,hampshire,catherington,TBC,TBC,,,,
Hampshire,Chandler's Ford,1,hampshire,chandler s ford,TBC,TBC,,,,
Hampshire,Church Crookham and Ewshot,1,hampshire,church crookham and ewshot,TBC,TBC,,,,
Hampshire,Cowplain and Hart Plain,1,hampshire,cowplain and hart plain,TBC,TBC,,,,
Hampshire,Dibden and Hythe,1,hampshire,dibden and hythe,TBC,TBC,,,,
Hampshire,Eastleigh North,1,hampshire,eastleigh north,TBC,TBC,,,,
Hampshire,Eastleigh South,1,hampshire,eastleigh south,TBC,TBC,,,,
Hampshire,Emsworth and St Faiths,1,hampshire,emsworth and st faiths,TBC,TBC,,,,
Hampshire,Fareham Crofton,1,hampshire,fareham crofton,TBC,TBC,,,,
Hampshire,Fareham Portchester,1,hampshire,fareham portchester,TBC,TBC,,,,
Hampshire,Fareham Sarisbury,1,hampshire,fareham sarisbury,TBC,TBC,,,,
Hampshire,Fareham Titchfield,1,hampshire,fareham titchfield,TBC,TBC,,,,
Hampshire,Fareham Town,2,hampshire,fareham town,TBC,TBC,,,,
Hampshire,Fareham Warsash,1,hampshire,fareham warsash,TBC,TBC,,,,
Hampshire,Farnborough North,1,hampshire,farnborough north,TBC,TBC,,,,
Hampshire,Farnborough South,1,hampshire,farnborough south,TBC,TBC,,,,
Hampshire,Farnborough West,1,hampshire,farnborough west,TBC,TBC,,,,
Hampshire,Fleet Town,1,hampshire,fleet town,TBC,TBC,,,,
Hampshire,Hamble,1,hampshire,hamble,TBC,TBC,,,,
Hampshire,Hardway,1,hampshire,hardway,TBC,TBC,,,,
Hampshire,Hartley Wintney and Yateley West,1,hampshire,hartley wintney and yateley west,TBC,TBC,,,,
Hampshire,Hayling Island,1,hampshire,hayling island,TBC,TBC,,,,
Hampshire,Hedge End and West End South,1,hampshire,hedge end and west end south,TBC,TBC,,,,
Hampshire,Itchen Valley,1,hampshire,itchen valley,TBC,TBC,,,,
Hampshire,Lee,1,hampshire,lee,TBC,TBC,,,,
Hampshire,Leesland and Town,2,hampshire,leesland and town,TBC,TBC,,,,
Hampshire,"Liphook, Headley and Grayshott",1,hampshire,liphook headley and grayshott,TBC,TBC,,,,
Hampshire,Loddon,1,hampshire,loddon,TBC,TBC,,,,
Hampshire,Lymington and Boldre,1,hampshire,lymington and boldre,TBC,TBC,,,,
Hampshire,Lyndhurst and Fordingbridge,1,hampshire,lyndhurst and fordingbridge,TBC,TBC,,,,
Hampshire,Meon Valley,1,hampshire,meon valley,TBC,TBC,,,,
Hampshire,New Milton,1,hampshire,new milton,TBC,TBC,,,,
Hampshire,"New Milton North, Milford and Hordle",1,hampshire,new milton north milford and hordle,TBC,TBC,,,,
Hampshire,North East Havant,1,hampshire,north east havant,TBC,TBC,,,,
Hampshire,North West Havant,1,hampshire,north west havant,TBC,TBC,,,,
Hampshire,Odiham and Hook,1,hampshire,odiham and hook,TBC,TBC,,,,
Hampshire,Petersfield Butser,1,hampshire,petersfield butser,TBC,TBC,,,,
Hampshire,Petersfield Hangers,1,hampshire,petersfield hangers,TBC,TBC,,,,
Hampshire,Purbrook and Stakes South,1,hampshire,purbrook and stakes south,TBC,TBC,,,,
Hampshire,Ringwood,1,hampshire,ringwood,TBC,TBC,,,,
Hampshire,Romsey Rural,1,hampshire,romsey rural,TBC,TBC,,,,
Hampshire,Romsey Town,1,hampshire,romsey town,TBC,TBC,,,,
Hampshire,South Waterside,1,hampshire,south waterside,TBC,TBC,,,,
Hampshire,Tadley and Baughurst,1,hampshire,tadley and baughurst,TBC,TBC,,,,
Hampshire,Test Valley Central,1,hampshire,test valley central,TBC,TBC,,,,
Hampshire,Totton North and Netley Marsh,1,hampshire,totton north and netley marsh,TBC,TBC,,,,
Hampshire,Totton South and Marchwood,1,hampshire,totton south and marchwood,TBC,TBC,,,,
Hampshire,Waterloo and Stakes North,1,hampshire,waterloo and stakes north,TBC,TBC,,,,
Hampshire,West End and Horton Heath,1,hampshire,west end and horton heath,TBC,TBC,,,,
Hampshire,Whitchurch and the Cleres,1,hampshire,whitchurch and the cleres,TBC,TBC,,,,
Hampshire,"Whitehill, Bordon and Lindford",1,hampshire,whitehill bordon and lindford,TBC,TBC,,,,
Hampshire,Winchester Downlands,1,hampshire,winchester downlands,TBC,TBC,,,,
Hampshire,Winchester Eastgate,1,hampshire,winchester eastgate,TBC,TBC,,,,
Hampshire,Winchester Southern Parishes,1,hampshire,winchester southern parishes,TBC,TBC,,,,
Hampshire,Winchester Westgate,1,hampshire,winchester westgate,TBC,TBC,,,,
Hampshire,Yateley East and Blackwater,1,hampshire,yateley east and blackwater,TBC,TBC,,,,
Kirklees,Colne Valley East,3,kirklees,colne valley east,LAB min,Labour,,,,
Kirklees,Colne Valley West,3,kirklees,colne valley west,LAB min,Labour,,,,
Kirklees,Crosland Moor,3,kirklees,crosland moor,LAB min,Labour,,,,
Kirklees,Netherton and Newsome,3,kirklees,netherton and newsome,LAB min,Labour,,,,
Milton Keynes,Bletchley Park and Fenny Stratford,3,milton keynes,bletchley park and fenny stratford,TBC,TBC,,,,
Milton Keynes,Bletchley South,3,milton keynes,bletchley south,TBC,TBC,,,,
Milton Keynes,Broughton and Moulsoe,3,milton keynes,broughton and moulsoe,TBC,TBC,,,,
Milton Keynes,Campbell Park and Willen,3,milton keynes,campbell park and willen,TBC,TBC,,,,
Milton Keynes,Danesborough,3,milton keynes,danesborough,TBC,TBC,,,,
Milton Keynes,Furzton,3,milton keynes,furzton,TBC,TBC,,,,
Milton Keynes,Great Linford,3,milton keynes,great linford,TBC,TBC,,,,
Milton Keynes,Hanslope,1,milton keynes,hanslope,TBC,TBC,,,,
Milton Keynes,New Bradwell,2,milton keynes,new bradwell,TBC,TBC,,,,
Milton Keynes,Newport Pagnell,3,milton keynes,newport pagnell,TBC,TBC,,,,
Milton Keynes,Olney and Rural,3,milton keynes,olney and rural,TBC,TBC,,,,
Milton Keynes,Ouzel Valley,3,milton keynes,ouzel valley,TBC,TBC,,,,
Milton Keynes,Walton,3,milton keynes,walton,TBC,TBC,,,,
Milton Keynes,Watling,3,milton keynes,watling,TBC,TBC,,,,
Newcastle upon Tyne,"Benwell, Scotswood and Denton Burn",3,newcastle upon tyne,benwell scotswood and denton burn,LAB min,Labour,,,,
Newcastle upon Tyne,Blakelaw and Cowgate,3,newcastle upon tyne,blakelaw and cowgate,LAB min,Labour,,,,
Newcastle upon Tyne,Jesmond,3,newcastle upon tyne,jesmond,LAB min,Labour,,,,
Newcastle upon Tyne,Kingston Park and Dinnington,3,newcastle upon tyne,kingston park and dinnington,LAB min,Labour,,,,
Newcastle upon Tyne,Newbiggin Hall and Callerton,3,newcastle upon tyne,newbiggin hall and callerton,LAB min,Labour,,,,
Newcastle upon Tyne,Parklands and North Gosforth,3,newcastle upon tyne,parklands and north gosforth,LAB min,Labour,,,,
Newcastle upon Tyne,"Throckley, Walbottle and Newburn",3,newcastle upon tyne,throckley walbottle and newburn,LAB min,Labour,,,,
Norfolk,Acle,1,norfolk,acle,TBC,TBC,,,,
Norfolk,Attleborough,1,norfolk,attleborough,TBC,TBC,,,,
Norfolk,Aylsham,1,norfolk,aylsham,TBC,TBC,,,,
Norfolk,Blofield and Brundall,1,norfolk,blofield and brundall,TBC,TBC,,,,
Norfolk,Bowthorpe,1,norfolk,bowthorpe,TBC,TBC,,,,
Norfolk,Breydon,1,norfolk,breydon,TBC,TBC,,,,
Norfolk,Catton Grove,1,norfolk,catton grove,TBC,TBC,,,,
Norfolk,Clenchwarton and King's Lynn South,1,norfolk,clenchwarton and king s lynn south,TBC,TBC,,,,
Norfolk,Coltishall and Spixworth,1,norfolk,coltishall and spixworth,TBC,TBC,,,,
Norfolk,Costessey,1,norfolk,costessey,TBC,TBC,,,,
Norfolk,Crome,1,norfolk,crome,TBC,TBC,,,,
Norfolk,Cromer,1,norfolk,cromer,TBC,TBC,,,,
Norfolk,Dereham North and Scarning,1,norfolk,dereham north and scarning,TBC,TBC,,,,
Norfolk,Dereham South,1,norfolk,dereham south,TBC,TBC,,,,
Norfolk,Dersingham,1,norfolk,dersingham,TBC,TBC,,,,
Norfolk,Diss and Roydon,1,norfolk,diss and roydon,TBC,TBC,,,,
Norfolk,Docking,1,norfolk,docking,TBC,TBC,,,,
Norfolk,Downham Market,1,norfolk,downham market,TBC,TBC,,,,
Norfolk,Drayton and Horsford,1,norfolk,drayton and horsford,TBC,TBC,,,,
Norfolk,East Depwade,1,norfolk,east depwade,TBC,TBC,,,,
Norfolk,Eaton,1,norfolk,eaton,TBC,TBC,,,,
Norfolk,Elmham and Mattishall,1,norfolk,elmham and mattishall,TBC,TBC,,,,
Norfolk,Erpingham,1,norfolk,erpingham,TBC,TBC,,,,
Norfolk,Fakenham and the Raynhams,1,norfolk,fakenham and the raynhams,TBC,TBC,,,,
Norfolk,Feltwell,1,norfolk,feltwell,TBC,TBC,,,,
Norfolk,Forehoe,1,norfolk,forehoe,TBC,TBC,,,,
Norfolk,Freebridge Lynn,1,norfolk,freebridge lynn,TBC,TBC,,,,
Norfolk,Gaywood North and Central,1,norfolk,gaywood north and central,TBC,TBC,,,,
Norfolk,Gaywood South,1,norfolk,gaywood south,TBC,TBC,,,,
Norfolk,Gorleston,1,norfolk,gorleston,TBC,TBC,,,,
Norfolk,Guiltcross,1,norfolk,guiltcross,TBC,TBC,,,,
Norfolk,Hellesdon,1,norfolk,hellesdon,TBC,TBC,,,,
Norfolk,Henstead,1,norfolk,henstead,TBC,TBC,,,,
Norfolk,Hethersett,1,norfolk,hethersett,TBC,TBC,,,,
Norfolk,Hingham,1,norfolk,hingham,TBC,TBC,,,,
Norfolk,Holt,1,norfolk,holt,TBC,TBC,,,,
Norfolk,Hoveton,1,norfolk,hoveton,TBC,TBC,,,,
Norfolk,King's Lynn North and Central,1,norfolk,king s lynn north and central,TBC,TBC,,,,
Norfolk,Lakenham,1,norfolk,lakenham,TBC,TBC,,,,
Norfolk,Launditch,1,norfolk,launditch,TBC,TBC,,,,
Norfolk,Loddon,1,norfolk,loddon,TBC,TBC,,,,
Norfolk,Long Stratton,1,norfolk,long stratton,TBC,TBC,,,,
Norfolk,Lothingland,1,norfolk,lothingland,TBC,TBC,,,,
Norfolk,Magdalen,1,norfolk,magdalen,TBC,TBC,,,,
Norfolk,Mancroft,1,norfolk,mancroft,TBC,TBC,,,,
Norfolk,Marshland North,1,norfolk,marshland north,TBC,TBC,,,,
Norfolk,Marshland South,1,norfolk,marshland south,TBC,TBC,,,,
Norfolk,Mile Cross,1,norfolk,mile cross,TBC,TBC,,,,
Norfolk,Nar and Wissey Valleys,1,norfolk,nar and wissey valleys,TBC,TBC,,,,
Norfolk,Nelson,1,norfolk,nelson,TBC,TBC,,,,
Norfolk,North Caister and Ormesby,1,norfolk,north caister and ormesby,TBC,TBC,,,,
Norfolk,North Coast,1,norfolk,north coast,TBC,TBC,,,,
Norfolk,North Walsham East,1,norfolk,north walsham east,TBC,TBC,,,,
Norfolk,North Walsham West and Mundesley,1,norfolk,north walsham west and mundesley,TBC,TBC,,,,
Norfolk,Old Catton,1,norfolk,old catton,TBC,TBC,,,,
Norfolk,Reepham,1,norfolk,reepham,TBC,TBC,,,,
Norfolk,Sewell,1,norfolk,sewell,TBC,TBC,,,,
Norfolk,Sheringham,1,norfolk,sheringham,TBC,TBC,,,,
Norfolk,South Caister and Bure,1,norfolk,south caister and bure,TBC,TBC,,,,
Norfolk,Sprowston,1,norfolk,sprowston,TBC,TBC,,,,
Norfolk,Stalham,1,norfolk,stalham,TBC,TBC,,,,
Norfolk,Swaffham,1,norfolk,swaffham,TBC,TBC,,,,
Norfolk,Taverham,1,norfolk,taverham,TBC,TBC,,,,
Norfolk,The Brecks,1,norfolk,the brecks,TBC,TBC,,,,
Norfolk,The Fleggs,1,norfolk,the fleggs,TBC,TBC,,,,
Norfolk,Thetford East,1,norfolk,thetford east,TBC,TBC,,,,
Norfolk,Thetford West,1,norfolk,thetford west,TBC,TBC,,,,
Norfolk,Thorpe Hamlet,1,norfolk,thorpe hamlet,TBC,TBC,,,,
Norfolk,Thorpe St Andrew,1,norfolk,thorpe st andrew,TBC,TBC,,,,
Norfolk,Town Close,1,norfolk,town close,TBC,TBC,,,,
Norfolk,University,1,norfolk,university,TBC,TBC,,,,
Norfolk,Watlington and the Fens,1,norfolk,watlington and the fens,TBC,TBC,,,,
Norfolk,Watton,1,norfolk,watton,TBC,TBC,,,,
Norfolk,Waveney Valley,1,norfolk,waveney valley,TBC,TBC,,,,
Norfolk,Wells,1,norfolk,wells,TBC,TBC,,,,
Norfolk,Wensum,1,norfolk,wensum,TBC,TBC,,,,
Norfolk,West Depwade,1,norfolk,west depwade,TBC,TBC,,,,
Norfolk,Woodside,1,norfolk,woodside,TBC,TBC,,,,
Norfolk,Wroxham,1,norfolk,wroxham,TBC,TBC,,,,
Norfolk,Wymondham,1,norfolk,wymondham,TBC,TBC,,,,
Norfolk,Yare and Necton,1,norfolk,yare and necton,TBC,TBC,,,,
Norfolk,Yare Valley,1,norfolk,yare valley,TBC,TBC,,,,
Norfolk,Yarmouth Nelson and Southtown,1,norfolk,yarmouth nelson and southtown,TBC,TBC,,,,
Norfolk,Yarmouth North and Central,1,norfolk,yarmouth north and central,TBC,TBC,,,,
Sandwell,Bearwood,3,sandwell,bearwood,REF,Reform UK,,,,
Sandwell,Charlemont and Grove Vale,3,sandwell,charlemont and grove vale,REF,Reform UK,,,,
Sandwell,Friar Park and Stone Cross,3,sandwell,friar park and stone cross,REF,Reform UK,,,,
Sandwell,"Great Barr, Tamebridge and Yew Tree",3,sandwell,great barr tamebridge and yew tree,REF,Reform UK,,,,
Sandwell,Hill Top,3,sandwell,hill top,REF,Reform UK,,,,
Sandwell,Newton and Valley,3,sandwell,newton and valley,REF,Reform UK,,,,
Sandwell,Wednesbury,3,sandwell,wednesbury,REF,Reform UK,,,,
Sefton,Aintree and Maghull South,3,sefton,aintree and maghull south,LAB,Labour,,,,
Sefton,Bootle East,3,sefton,bootle east,LAB,Labour,,,,
Sefton,Bootle West,3,sefton,bootle west,LAB,Labour,,,,
Sefton,Formby East,3,sefton,formby east,LAB,Labour,,,,
Sefton,Formby West,3,sefton,formby west,LAB,Labour,,,,
Sefton,Great Crosby,3,sefton,great crosby,LAB,Labour,,,,
Sefton,Lydiate and Maghull West,3,sefton,lydiate and maghull west,LAB,Labour,,,,
Sefton,Maghull East,3,sefton,maghull east,LAB,Labour,,,,
Sefton,Netherton North,3,sefton,netherton north,LAB,Labour,,,,
Sefton,Netherton South and Orrell,3,sefton,netherton south and orrell,LAB,Labour,,,,
Sefton,Thornton and Hightown,3,sefton,thornton and hightown,LAB,Labour,,,,
Sefton,Waterloo,3,sefton,waterloo,LAB,Labour,,,,
Solihull,Balsall and Berkswell,3,solihull,balsall and berkswell,TBC,TBC,,,,
Solihull,Fordbridge,3,solihull,fordbridge,TBC,TBC,,,,
Solihull,Kingshurst and Smith's Wood,3,solihull,kingshurst and smith s wood,TBC,TBC,,,,
Solihull,Meriden and Arden,3,solihull,meriden and arden,TBC,TBC,,,,
Solihull,Shirley East and Sharmans Cross,3,solihull,shirley east and sharmans cross,TBC,TBC,,,,
Solihull,St Alphege with Monkspath and Hillfield,3,solihull,st alphege with monkspath and hillfield,TBC,TBC,,,,
South Tyneside,Cleadon Park and Harton Moor,3,south tyneside,cleadon park and harton moor,REF,Reform UK,,,,
South Tyneside,Cleadon Village and East Boldon,3,south tyneside,cleadon village and east boldon,REF,Reform UK,,,,
South Tyneside,Horsley Hill and Westoe Crown,3,south tyneside,horsley hill and westoe crown,REF,Reform UK,,,,
Suffolk,Abbeygate and Minden,1,suffolk,abbeygate and minden,REF,Reform UK,,,,
Suffolk,Aldeburgh and Leiston,1,suffolk,aldeburgh and leiston,REF,Reform UK,,,,
Suffolk,Barrow and Thingoe,1,suffolk,barrow and thingoe,REF,Reform UK,,,,
Suffolk,Beccles and Kessingland,2,suffolk,beccles and kessingland,REF,Reform UK,,,,
Suffolk,Belstead Hills,1,suffolk,belstead hills,REF,Reform UK,,,,
Suffolk,Bixley,1,suffolk,bixley,REF,Reform UK,,,,
Suffolk,Blackbourn,1,suffolk,blackbourn,REF,Reform UK,,,,
Suffolk,Blyth Estuary,1,suffolk,blyth estuary,REF,Reform UK,,,,
Suffolk,Bosmere,1,suffolk,bosmere,REF,Reform UK,,,,
Suffolk,Brandon,1,suffolk,brandon,REF,Reform UK,,,,
Suffolk,Bridge,1,suffolk,bridge,REF,Reform UK,,,,
Suffolk,Brook,1,suffolk,brook,REF,Reform UK,,,,
Suffolk,Bungay,1,suffolk,bungay,REF,Reform UK,,,,
Suffolk,Carlford,1,suffolk,carlford,REF,Reform UK,,,,
Suffolk,Carlton Colville,1,suffolk,carlton colville,REF,Reform UK,,,,
Suffolk,Carlton and Whitton,1,suffolk,carlton and whitton,REF,Reform UK,,,,
Suffolk,Clare,1,suffolk,clare,REF,Reform UK,,,,
Suffolk,Constable,1,suffolk,constable,REF,Reform UK,,,,
Suffolk,Cornard and Sudbury East,1,suffolk,cornard and sudbury east,REF,Reform UK,,,,
Suffolk,Cosford,1,suffolk,cosford,REF,Reform UK,,,,
Suffolk,Eastgate and Moreton Hall,1,suffolk,eastgate and moreton hall,REF,Reform UK,,,,
Suffolk,Exning and Newmarket,1,suffolk,exning and newmarket,REF,Reform UK,,,,
Suffolk,Felixstowe Clifflands,1,suffolk,felixstowe clifflands,REF,Reform UK,,,,
Suffolk,Felixstowe Maritime,1,suffolk,felixstowe maritime,REF,Reform UK,,,,
Suffolk,Framlingham and Wickham Market,1,suffolk,framlingham and wickham market,REF,Reform UK,,,,
Suffolk,Gainsborough,1,suffolk,gainsborough,REF,Reform UK,,,,
Suffolk,Gipping,1,suffolk,gipping,REF,Reform UK,,,,
Suffolk,Gipping Valley,1,suffolk,gipping valley,REF,Reform UK,,,,
Suffolk,Gunton,1,suffolk,gunton,REF,Reform UK,,,,
Suffolk,Hadleigh,1,suffolk,hadleigh,REF,Reform UK,,,,
Suffolk,Halesworth,1,suffolk,halesworth,REF,Reform UK,,,,
Suffolk,Harbour,1,suffolk,harbour,REF,Reform UK,,,,
Suffolk,Hardwick,1,suffolk,hardwick,REF,Reform UK,,,,
Suffolk,Hartismere,1,suffolk,hartismere,REF,Reform UK,,,,
Suffolk,Haverhill East and Rural,1,suffolk,haverhill east and rural,REF,Reform UK,,,,
Suffolk,Haverhill North West and Withersfield,1,suffolk,haverhill north west and withersfield,REF,Reform UK,,,,
Suffolk,Haverhill South,1,suffolk,haverhill south,REF,Reform UK,,,,
Suffolk,Hoxne and Eye,1,suffolk,hoxne and eye,REF,Reform UK,,,,
Suffolk,Kesgrave,1,suffolk,kesgrave,REF,Reform UK,,,,
Suffolk,Kirkley and Pakefield,1,suffolk,kirkley and pakefield,REF,Reform UK,,,,
Suffolk,Martlesham,1,suffolk,martlesham,REF,Reform UK,,,,
Suffolk,Melford,1,suffolk,melford,REF,Reform UK,,,,
Suffolk,Mildenhall,1,suffolk,mildenhall,REF,Reform UK,,,,
Suffolk,Newmarket and Red Lodge,1,suffolk,newmarket and red lodge,REF,Reform UK,,,,
Suffolk,Oulton,1,suffolk,oulton,REF,Reform UK,,,,
Suffolk,Oulton Broad and Normanston,1,suffolk,oulton broad and normanston,REF,Reform UK,,,,
Suffolk,Peninsula,1,suffolk,peninsula,REF,Reform UK,,,,
Suffolk,Priory Heath,1,suffolk,priory heath,REF,Reform UK,,,,
Suffolk,Row Heath,1,suffolk,row heath,REF,Reform UK,,,,
Suffolk,Rushmere,1,suffolk,rushmere,REF,Reform UK,,,,
Suffolk,Rushmere St Andrew,1,suffolk,rushmere st andrew,REF,Reform UK,,,,
Suffolk,Saxmundham and District,1,suffolk,saxmundham and district,REF,Reform UK,,,,
Suffolk,St Clement's,1,suffolk,st clement s,REF,Reform UK,,,,
Suffolk,St Margaret's,1,suffolk,st margaret s,REF,Reform UK,,,,
Suffolk,St Olaves and Tollgate,1,suffolk,st olaves and tollgate,REF,Reform UK,,,,
Suffolk,Stour Valley,1,suffolk,stour valley,REF,Reform UK,,,,
Suffolk,Stowmarket East,1,suffolk,stowmarket east,REF,Reform UK,,,,
Suffolk,Stowmarket West,1,suffolk,stowmarket west,REF,Reform UK,,,,
Suffolk,Sudbury West,1,suffolk,sudbury west,REF,Reform UK,,,,
Suffolk,Thedwastre North,1,suffolk,thedwastre north,REF,Reform UK,,,,
Suffolk,Thedwastre South,1,suffolk,thedwastre south,REF,Reform UK,,,,
Suffolk,Thredling,1,suffolk,thredling,REF,Reform UK,,,,
Suffolk,Upper Gipping,1,suffolk,upper gipping,REF,Reform UK,,,,
Suffolk,Walton and Trimleys,1,suffolk,walton and trimleys,REF,Reform UK,,,,
Suffolk,Westbourne,1,suffolk,westbourne,REF,Reform UK,,,,
Suffolk,Westgate,1,suffolk,westgate,REF,Reform UK,,,,
Suffolk,Whitton,1,suffolk,whitton,REF,Reform UK,,,,
Suffolk,Wilford,1,suffolk,wilford,REF,Reform UK,,,,
Suffolk,Woodbridge,1,suffolk,woodbridge,REF,Reform UK,,,,
Sunderland,Barnes and Thornhill,3,sunderland,barnes and thornhill,REF,Reform UK,,,,
Sunderland,Deptford and Hendon,3,sunderland,deptford and hendon,REF,Reform UK,,,,
Sunderland,Doxford Park,3,sunderland,doxford park,REF,Reform UK,,,,
Sunderland,Farringdon and Silksworth,3,sunderland,farringdon and silksworth,REF,Reform UK,,,,
Sunderland,Grangetown,3,sunderland,grangetown,REF,Reform UK,,,,
Sunderland,Grindon and Thorney Close,3,sunderland,grindon and thorney close,REF,Reform UK,,,,
Sunderland,Herrington and Newbottle,3,sunderland,herrington and newbottle,REF,Reform UK,,,,
Sunderland,Houghton North,3,sunderland,houghton north,REF,Reform UK,,,,
Sunderland,Houghton South and Hetton Downs,3,sunderland,houghton south and hetton downs,REF,Reform UK,,,,
Sunderland,Hylton Castle,3,sunderland,hylton castle,REF,Reform UK,,,,
Sunderland,Pallion and Ford,3,sunderland,pallion and ford,REF,Reform UK,,,,
Sunderland,Pennywell and South Hylton,3,sunderland,pennywell and south hylton,REF,Reform UK,,,,
Sunderland,Penshaw and Shiney Row,3,sunderland,penshaw and shiney row,REF,Reform UK,,,,
Sunderland,Redhouse,3,sunderland,redhouse,REF,Reform UK,,,,
Sunderland,Roker,3,sunderland,roker,REF,Reform UK,,,,
Sunderland,Tunstall and Humbledon,3,sunderland,tunstall and humbledon,REF,Reform UK,,,,
Swindon,"Badbury Park, Eldene and Liden",3,swindon,badbury park eldene and liden,TBC,TBC,,,,
Swindon,Blunsdon,1,swindon,blunsdon,TBC,TBC,,,,
Swindon,Broadgreen,2,swindon,broadgreen,TBC,TBC,,,,
Swindon,Chiseldon and Ridgeway,2,swindon,chiseldon and ridgeway,TBC,TBC,,,,
Swindon,Covingham and Nythe,2,swindon,covingham and nythe,TBC,TBC,,,,
Swindon,Gorse Hill,1,swindon,gorse hill,TBC,TBC,,,,
Swindon,Highworth,2,swindon,highworth,TBC,TBC,,,,
Swindon,Kingshill,2,swindon,kingshill,TBC,TBC,,,,
Swindon,Lower Stratton,3,swindon,lower stratton,TBC,TBC,,,,
Swindon,"Lydiard, Freshbrook and Toothill",3,swindon,lydiard freshbrook and toothill,TBC,TBC,,,,
Swindon,Old Town and Lawn,3,swindon,old town and lawn,TBC,TBC,,,,
Swindon,Parks,2,swindon,parks,TBC,TBC,,,,
Swindon,Penhill and Pinehurst,2,swindon,penhill and pinehurst,TBC,TBC,,,,
Swindon,Queen's Park,3,swindon,queen s park,TBC,TBC,,,,
Swindon,Rodbourne Ferndale and Western,3,swindon,rodbourne ferndale and western,TBC,TBC,,,,
Swindon,Shaw and Westlea,3,swindon,shaw and westlea,TBC,TBC,,,,
Swindon,South Marston,1,swindon,south marston,TBC,TBC,,,,
Swindon,St Andrews East,2,swindon,st andrews east,TBC,TBC,,,,
Swindon,St Andrews West and Tadpole,2,swindon,st andrews west and tadpole,TBC,TBC,,,,
Swindon,Upper Stratton,2,swindon,upper stratton,TBC,TBC,,,,
Swindon,Walcot,2,swindon,walcot,TBC,TBC,,,,
Thurrock,Aveley,3,thurrock,aveley,REF,Reform UK,,,,
Thurrock,Chafford Hundred East,2,thurrock,chafford hundred east,REF,Reform UK,,,,
Thurrock,Chafford Hundred West,2,thurrock,chafford hundred west,REF,Reform UK,,,,
Thurrock,"East Tilbury, Linford and West Tilbury",2,thurrock,east tilbury linford and west tilbury,REF,Reform UK,,,,
Thurrock,Grays Town,3,thurrock,grays town,REF,Reform UK,,,,
Thurrock,"Orsett, Horndon and Bulphan",2,thurrock,orsett horndon and bulphan,REF,Reform UK,,,,
Thurrock,Purfleet-on-Thames,2,thurrock,purfleet on thames,REF,Reform UK,,,,
Thurrock,Stanford-le-Hope South,3,thurrock,stanford le hope south,REF,Reform UK,,,,
Thurrock,Stifford,2,thurrock,stifford,REF,Reform UK,,,,
Thurrock,The Homesteads and Stanford-le-Hope North,3,thurrock,the homesteads and stanford le hope north,REF,Reform UK,,,,
Thurrock,Tilbury Riverside,2,thurrock,tilbury riverside,REF,Reform UK,,,,
Wakefield,Knottingley and Ferrybridge,3,wakefield,knottingley and ferrybridge,REF,Reform UK,,,,
Walsall,"Beechdale, Leamore and Reedswood",3,walsall,beechdale leamore and reedswood,REF,Reform UK,,,,
Walsall,Bloxwich East and Blakenall Heath,3,walsall,bloxwich east and blakenall heath,REF,Reform UK,,,,
Walsall,"Harden, Goscote and Ryecroft",3,walsall,harden goscote and ryecroft,REF,Reform UK,,,,
Walsall,New Invention,3,walsall,new invention,REF,Reform UK,,,,
Walsall,Palfrey and the Delves,3,walsall,palfrey and the delves,REF,Reform UK,,,,
Walsall,Willenhall,3,walsall,willenhall,REF,Reform UK,,,,
West Surrey,Addlestone,2,west surrey,addlestone,TBC,TBC,,,,
West Surrey,Ash,2,west surrey,ash,TBC,TBC,,,,
West Surrey,Ashford,2,west surrey,ashford,TBC,TBC,,,,
West Surrey,"Bagshot, Windlesham and Chobham",2,west surrey,bagshot windlesham and chobham,TBC,TBC,,,,
West Surrey,Camberley East,2,west surrey,camberley east,TBC,TBC,,,,
West Surrey,Camberley West and Frimley,2,west surrey,camberley west and frimley,TBC,TBC,,,,
West Surrey,Chertsey,2,west surrey,chertsey,TBC,TBC,,,,
West Surrey,Cranleigh and Ewhurst,2,west surrey,cranleigh and ewhurst,TBC,TBC,,,,
West Surrey,Egham,2,west surrey,egham,TBC,TBC,,,,
West Surrey,Englefield Green and Virginia Water,2,west surrey,englefield green and virginia water,TBC,TBC,,,,
West Surrey,Farnham Central,2,west surrey,farnham central,TBC,TBC,,,,
West Surrey,Farnham North,2,west surrey,farnham north,TBC,TBC,,,,
West Surrey,Farnham South,2,west surrey,farnham south,TBC,TBC,,,,
West Surrey,Frimley Green and Mytchett,2,west surrey,frimley green and mytchett,TBC,TBC,,,,
West Surrey,Godalming North,2,west surrey,godalming north,TBC,TBC,,,,
West Surrey,"Godalming South, Milford and Witley",2,west surrey,godalming south milford and witley,TBC,TBC,,,,
West Surrey,Goldsworth East and Horsell Village,2,west surrey,goldsworth east and horsell village,TBC,TBC,,,,
West Surrey,Guildford East,2,west surrey,guildford east,TBC,TBC,,,,
West Surrey,Guildford North,2,west surrey,guildford north,TBC,TBC,,,,
West Surrey,Guildford South East,2,west surrey,guildford south east,TBC,TBC,,,,
West Surrey,Guildford South West,2,west surrey,guildford south west,TBC,TBC,,,,
West Surrey,Guildford West,2,west surrey,guildford west,TBC,TBC,,,,
West Surrey,Haslemere,2,west surrey,haslemere,TBC,TBC,,,,
West Surrey,Heatherside and Parkside,2,west surrey,heatherside and parkside,TBC,TBC,,,,
West Surrey,Horsleys,2,west surrey,horsleys,TBC,TBC,,,,
West Surrey,Knaphill and Goldsworth West,2,west surrey,knaphill and goldsworth west,TBC,TBC,,,,
West Surrey,Laleham and Shepperton,2,west surrey,laleham and shepperton,TBC,TBC,,,,
West Surrey,"Lightwater, West End and Bisley",2,west surrey,lightwater west end and bisley,TBC,TBC,,,,
West Surrey,Lower Sunbury and Halliford,2,west surrey,lower sunbury and halliford,TBC,TBC,,,,
West Surrey,Shalford,2,west surrey,shalford,TBC,TBC,,,,
West Surrey,Shere,2,west surrey,shere,TBC,TBC,,,,
West Surrey,Staines,2,west surrey,staines,TBC,TBC,,,,
West Surrey,Staines South and Ashford West,2,west surrey,staines south and ashford west,TBC,TBC,,,,
West Surrey,"Stanwell, Stanwell Moor and Ashford North",2,west surrey,stanwell stanwell moor and ashford north,TBC,TBC,,,,
West Surrey,Sunbury Common and Ashford Common,2,west surrey,sunbury common and ashford common,TBC,TBC,,,,
West Surrey,The Byfleets,2,west surrey,the byfleets,TBC,TBC,,,,
West Surrey,"Thorpe, Longcross and Ottershaw",2,west surrey,thorpe longcross and ottershaw,TBC,TBC,,,,
West Surrey,Waverley Eastern Villages,2,west surrey,waverley eastern villages,TBC,TBC,,,,
West Surrey,Waverley Western Villages,2,west surrey,waverley western villages,TBC,TBC,,,,
West Surrey,Woking North,2,west surrey,woking north,TBC,TBC,,,,
West Surrey,Woking South,2,west surrey,woking south,TBC,TBC,,,,
West Surrey,Woking South East,2,west surrey,woking south east,TBC,TBC,,,,
West Surrey,Woking South West,2,west surrey,woking south west,TBC,TBC,,,,
West Surrey,Woodham and New Haw,2,west surrey,woodham and new haw,TBC,TBC,,,,
West Surrey,Worplesdon,2,west surrey,worplesdon,TBC,TBC,,,,
West Sussex,Angmering and Findon,1,west sussex,angmering and findon,TBC,TBC,,,,
West Sussex,Arundel and Courtwick,1,west sussex,arundel and courtwick,TBC,TBC,,,,
West Sussex,Bersted,1,west sussex,bersted,TBC,TBC,,,,
West Sussex,Bewbush and Ifield West,1,west sussex,bewbush and ifield west,TBC,TBC,,,,
West Sussex,Billingshurst,1,west sussex,billingshurst,TBC,TBC,,,,
West Sussex,Bognor Regis East,1,west sussex,bognor regis east,TBC,TBC,,,,
West Sussex,Bognor Regis West and Aldwick,1,west sussex,bognor regis west and aldwick,TBC,TBC,,,,
West Sussex,Bourne,1,west sussex,bourne,TBC,TBC,,,,
West Sussex,Bramber Castle,1,west sussex,bramber castle,TBC,TBC,,,,
West Sussex,Broadbridge,1,west sussex,broadbridge,TBC,TBC,,,,
West Sussex,Broadfield,1,west sussex,broadfield,TBC,TBC,,,,
West Sussex,Broadwater,1,west sussex,broadwater,TBC,TBC,,,,
West Sussex,Burgess Hill East,1,west sussex,burgess hill east,TBC,TBC,,,,
West Sussex,Burgess Hill North,1,west sussex,burgess hill north,TBC,TBC,,,,
West Sussex,Chichester East,1,west sussex,chichester east,TBC,TBC,,,,
West Sussex,Chichester North,1,west sussex,chichester north,TBC,TBC,,,,
West Sussex,Chichester South,1,west sussex,chichester south,TBC,TBC,,,,
West Sussex,Chichester West,1,west sussex,chichester west,TBC,TBC,,,,
West Sussex,Cissbury,1,west sussex,cissbury,TBC,TBC,,,,
West Sussex,Cuckfield and Lucastes,1,west sussex,cuckfield and lucastes,TBC,TBC,,,,
West Sussex,Durrington and Salvington,1,west sussex,durrington and salvington,TBC,TBC,,,,
West Sussex,East Grinstead Meridian,1,west sussex,east grinstead meridian,TBC,TBC,,,,
West Sussex,East Grinstead South and Ashurst Wood,1,west sussex,east grinstead south and ashurst wood,TBC,TBC,,,,
West Sussex,East Preston and Ferring,1,west sussex,east preston and ferring,TBC,TBC,,,,
West Sussex,Felpham,1,west sussex,felpham,TBC,TBC,,,,
West Sussex,Fontwell,1,west sussex,fontwell,TBC,TBC,,,,
West Sussex,Goring,1,west sussex,goring,TBC,TBC,,,,
West Sussex,Hassocks and Burgess Hill South,1,west sussex,hassocks and burgess hill south,TBC,TBC,,,,
West Sussex,Haywards Heath East,1,west sussex,haywards heath east,TBC,TBC,,,,
West Sussex,Haywards Heath Town,1,west sussex,haywards heath town,TBC,TBC,,,,
West Sussex,Henfield,1,west sussex,henfield,TBC,TBC,,,,
West Sussex,Holbrook,1,west sussex,holbrook,TBC,TBC,,,,
West Sussex,Horsham East,1,west sussex,horsham east,TBC,TBC,,,,
West Sussex,Horsham Hurst,1,west sussex,horsham hurst,TBC,TBC,,,,
West Sussex,Horsham Riverside,1,west sussex,horsham riverside,TBC,TBC,,,,
West Sussex,Hurstpierpoint and Bolney,1,west sussex,hurstpierpoint and bolney,TBC,TBC,,,,
West Sussex,Imberdown,1,west sussex,imberdown,TBC,TBC,,,,
West Sussex,Lancing,1,west sussex,lancing,TBC,TBC,,,,
West Sussex,Langley Green and Ifield East,1,west sussex,langley green and ifield east,TBC,TBC,,,,
West Sussex,Lindfield and High Weald,1,west sussex,lindfield and high weald,TBC,TBC,,,,
West Sussex,Littlehampton East,1,west sussex,littlehampton east,TBC,TBC,,,,
West Sussex,Littlehampton Town,1,west sussex,littlehampton town,TBC,TBC,,,,
West Sussex,Maidenbower and Worth,1,west sussex,maidenbower and worth,TBC,TBC,,,,
West Sussex,Middleton,1,west sussex,middleton,TBC,TBC,,,,
West Sussex,Midhurst,1,west sussex,midhurst,TBC,TBC,,,,
West Sussex,Northbrook,1,west sussex,northbrook,TBC,TBC,,,,
West Sussex,Northgate and West Green,1,west sussex,northgate and west green,TBC,TBC,,,,
West Sussex,Nyetimber,1,west sussex,nyetimber,TBC,TBC,,,,
West Sussex,Petworth,1,west sussex,petworth,TBC,TBC,,,,
West Sussex,Pound Hill,1,west sussex,pound hill,TBC,TBC,,,,
West Sussex,Pulborough,1,west sussex,pulborough,TBC,TBC,,,,
West Sussex,Rother Valley,1,west sussex,rother valley,TBC,TBC,,,,
West Sussex,Rustington,1,west sussex,rustington,TBC,TBC,,,,
West Sussex,Selsey,1,west sussex,selsey,TBC,TBC,,,,
West Sussex,Shoreham North,1,west sussex,shoreham north,TBC,TBC,,,,
West Sussex,Shoreham South,1,west sussex,shoreham south,TBC,TBC,,,,
West Sussex,Sompting and North Lancing,1,west sussex,sompting and north lancing,TBC,TBC,,,,
West Sussex,Southgate and Gossops Green,1,west sussex,southgate and gossops green,TBC,TBC,,,,
West Sussex,Southwater and Nuthurst,1,west sussex,southwater and nuthurst,TBC,TBC,,,,
West Sussex,Southwick,1,west sussex,southwick,TBC,TBC,,,,
West Sussex,St Leonard's Forest,1,west sussex,st leonard s forest,TBC,TBC,,,,
West Sussex,Storrington,1,west sussex,storrington,TBC,TBC,,,,
West Sussex,Tarring,1,west sussex,tarring,TBC,TBC,,,,
West Sussex,The Witterings,1,west sussex,the witterings,TBC,TBC,,,,
West Sussex,Three Bridges,1,west sussex,three bridges,TBC,TBC,,,,
West Sussex,Tilgate and Furnace Green,1,west sussex,tilgate and furnace green,TBC,TBC,,,,
West Sussex,Worth Forest,1,west sussex,worth forest,TBC,TBC,,,,
West Sussex,Worthing East,1,west sussex,worthing east,TBC,TBC,,,,
West Sussex,Worthing Pier,1,west sussex,worthing pier,TBC,TBC,,,,
West Sussex,Worthing West,1,west sussex,worthing west,TBC,TBC,,,,
