variable_name,variable_label,measure,original_type,value_labels_json,missing_ranges_json,missing_user_values_json
finalserialno,Address serial number,scale,F10.0,{},[],[]
Y10A,"Including yourself, how many adults aged 18 and over currently live in your household and are... A British Citizen OR A Citizen of the Republic of Ireland OR A Citizen of a Commonwealth country who has a right to remain in the UK",scale,F11.0,{},[],[]
Y10B1,A British Citizen,scale,F8.2,"{""0.0"": ""No"", ""1.0"": ""Yes""}",[],[]
Y10B2,A Citizen of the Republic of Ireland,scale,F8.2,"{""0.0"": ""No"", ""1.0"": ""Yes""}",[],[]
Y10B3,A Citizen of a Commonwealth country who has a right to remain in the UK,scale,F8.2,"{""0.0"": ""No"", ""1.0"": ""Yes""}",[],[]
Y10B4,A Citizen of an EU country,scale,F8.2,"{""0.0"": ""No"", ""1.0"": ""Yes""}",[],[]
Y10B5,None of these,scale,F8.2,"{""0.0"": ""No"", ""1.0"": ""Yes""}",[],[]
a01,Most important issue (open text),nominal,A499,{},[],[]
a01_code,Most important issue (code),scale,F8.2,"{""1.0"": ""Pensions / Ageing population / Social care for the elderly"", ""2.0"": ""Childcare services/support for young people"", ""3.0"": ""Economic consequences of Brexit"", ""4.0"": ""Crime / law & order / violence / vandalism / anti-social behaviour"", ""5.0"": ""Defence"", ""6.0"": ""Economy - general"", ""7.0"": ""Education/ schools"", ""8.0"": ""Extremism / radicalism / far right increase"", ""9.0"": ""Housing / homelessness"", ""10.0"": ""Immigration"", ""11.0"": ""Inequality"", ""12.0"": ""Living costs"", ""13.0"": ""Politics / the government / lack of trust in the government"", ""14.0"": ""Low pay / minimum wage / fair wages"", ""15.0"": ""Mental health / well-being"", ""16.0"": ""Morals"", ""17.0"": ""National Health Service / Hospitals / Healthcare"", ""18.0"": ""Social security / benefits"", ""19.0"": ""Climate change / global warming / environment"", ""20.0"": ""Poor / lack of infrastructure"", ""21.0"": ""Overpopulation"", ""22.0"": ""Poverty"", ""23.0"": ""Public services in general"", ""24.0"": ""Race relations"", ""25.0"": ""Religious discrimination"", ""26.0"": ""Social media / media influence"", ""27.0"": ""Taxation"", ""28.0"": ""Energy crisis"", ""29.0"": ""Security"", ""30.0"": ""Unemployment / factory closure / lack of industry"", ""31.0"": ""Other"", ""32.0"": ""Don't know"", ""33.0"": ""Nothing / none""}",[],[]
a02,Best party on most important issue,scale,F8.2,"{""-999.0"": ""Not Stated"", ""-2.0"": ""Refused"", ""-1.0"": ""Don't know"", ""0.0"": ""None/No party"", ""1.0"": ""Labour"", ""2.0"": ""Conservatives"", ""3.0"": ""Liberal Democrats"", ""4.0"": ""Scottish National Party (SNP)"", ""5.0"": ""Plaid Cymru"", ""6.0"": ""Green Party"", ""8.0"": ""Reform UK"", ""9.0"": ""Other""}",[],[]
a03,Interest in politics,scale,F8.2,"{""-999.0"": ""Not Stated"", ""-1.0"": ""Don't know"", ""1.0"": ""Very interested"", ""2.0"": ""Fairly interested"", ""3.0"": ""Not very interested"", ""4.0"": ""Not at all interested""}",[],[]
m02_1,Politicians don't care what people like me think,scale,F8.2,"{""-999.0"": ""Not stated"", ""-1.0"": ""Don't know"", ""1.0"": ""Strongly disagree"", ""2.0"": ""Disagree"", ""3.0"": ""Neither agree nor disagree"", ""4.0"": ""Agree"", ""5.0"": ""Strongly agree""}",[],[]
m02_2,It is often difficult for me to understand what is going on in government and politics,scale,F8.2,"{""-999.0"": ""Not stated"", ""-1.0"": ""Don't know"", ""1.0"": ""Strongly disagree"", ""2.0"": ""Disagree"", ""3.0"": ""Neither agree nor disagree"", ""4.0"": ""Agree"", ""5.0"": ""Strongly agree""}",[],[]
m02_3,People like me have no say in what government does,scale,F8.2,"{""-999.0"": ""Not stated"", ""-1.0"": ""Don't know"", ""1.0"": ""Strongly disagree"", ""2.0"": ""Disagree"", ""3.0"": ""Neither agree nor disagree"", ""4.0"": ""Agree"", ""5.0"": ""Strongly agree""}",[],[]
m02_4,The main political parties in Britain are pretty much all the same,scale,F8.2,"{""-999.0"": ""Not stated"", ""-1.0"": ""Don't know"", ""1.0"": ""Strongly disagree"", ""2.0"": ""Disagree"", ""3.0"": ""Neither agree nor disagree"", ""4.0"": ""Agree"", ""5.0"": ""Strongly agree""}",[],[]
m02_5,UK parties/politicians fight eachother rather than further public interest,scale,F8.2,"{""-999.0"": ""Not stated"", ""-1.0"": ""Don't know"", ""1.0"": ""Strongly disagree"", ""2.0"": ""Disagree"", ""3.0"": ""Neither agree nor disagree"", ""4.0"": ""Agree"", ""5.0"": ""Strongly agree""}",[],[]
m02_6,Politicians ignore the issues I really care about,scale,F8.2,"{""-999.0"": ""Not stated"", ""-1.0"": ""Don't know"", ""1.0"": ""Strongly disagree"", ""2.0"": ""Disagree"", ""3.0"": ""Neither agree nor disagree"", ""4.0"": ""Agree"", ""5.0"": ""Strongly agree""}",[],[]
b01,2024 General Election turnout,scale,F8.2,"{""-999.0"": ""Not stated"", ""-2.0"": ""Refused"", ""-1.0"": ""Don't know"", ""1.0"": ""Yes, voted"", ""2.0"": ""No, did not vote""}",[],[]
b02,2024 General Election vote,scale,F8.2,"{""-999.0"": ""Not stated"", ""-2.0"": ""Refused"", ""-1.0"": ""Don't know"", ""1.0"": ""Labour"", ""2.0"": ""Conservatives"", ""3.0"": ""Liberal Democrats"", ""4.0"": ""Scottish National Party (SNP)"", ""5.0"": ""Plaid Cymru"", ""6.0"": ""Green Party"", ""8.0"": ""Reform UK"", ""9.0"": ""Other (WRITE IN)"", ""10.0"": ""An independent candidate""}",[],[]
b04,2024 General Election non-voter: Probable vote,scale,F8.2,"{""-999.0"": ""Not stated"", ""-2.0"": ""Refused"", ""-1.0"": ""Don't know"", ""1.0"": ""Labour"", ""2.0"": ""Conservatives"", ""3.0"": ""Liberal Democrats"", ""4.0"": ""Scottish National Party (SNP)"", ""5.0"": ""Plaid Cymru"", ""6.0"": ""Green Party"", ""8.0"": ""Reform UK"", ""9.0"": ""Other (WRITE IN)"", ""10.0"": ""An independent candidate"", ""11.0"": ""Would not vote for a party/refused/spoil ballot""}",[],[]
b05,2024 General Election vote method,scale,F8.2,"{""-999.0"": ""Not stated"", ""-2.0"": ""Refused"", ""-1.0"": ""Don't know"", ""1.0"": ""In person"", ""2.0"": ""By post"", ""3.0"": ""By proxy (someone else voted on my behalf)""}",[],[]
b0601,Reason for 2024 GE vote: Party had best policies,scale,F8.2,"{""-999.0"": ""Not stated"", ""0.0"": ""No"", ""1.0"": ""Yes""}",[],[]
b0602,Reason for 2024 GE vote: Party had best leader,scale,F8.2,"{""-999.0"": ""Not stated"", ""0.0"": ""No"", ""1.0"": ""Yes""}",[],[]
b0603,Reason for 2024 GE vote: Preferred party had no chance in my constituency,scale,F8.2,"{""-999.0"": ""Not stated"", ""0.0"": ""No"", ""1.0"": ""Yes""}",[],[]
b0604,Reason for 2024 GE vote: Tactical voting (from open text),scale,F8.2,"{""-999.0"": ""Not stated"", ""0.0"": ""No"", ""1.0"": ""Yes""}",[],[]
b0605,Reason for 2024 GE vote: Other,scale,F8.2,"{""-999.0"": ""Not stated"", ""0.0"": ""No"", ""1.0"": ""Yes""}",[],[]
b0606,Reason for 2024 GE vote: Don't know,scale,F8.2,"{""-999.0"": ""Not stated"", ""0.0"": ""No"", ""1.0"": ""Yes""}",[],[]
b06a,Which party do you really prefer?,scale,F8.2,"{""-2.0"": ""Refused"", ""-1.0"": ""Don't know"", ""1.0"": ""Labour"", ""2.0"": ""Conservatives"", ""3.0"": ""Liberal Democrats"", ""4.0"": ""Scottish National Party (SNP)"", ""5.0"": ""Plaid Cymru"", ""6.0"": ""Green Party"", ""8.0"": ""Reform UK"", ""9.0"": ""Other (WRITE IN)"", ""10.0"": ""An independent candidate""}",[],[]
b07,Did you care which party won the 2024 General Election?,scale,F8.2,"{""-999.0"": ""Not stated"", ""-1.0"": ""Don't know"", ""1.0"": ""Cared a good deal"", ""2.0"": ""Didn't care very much""}",[],[]
b09,Scottish independence referendum vote intention,scale,F8.2,"{""-999.0"": ""Not stated"", ""-2.0"": ""Refused"", ""-1.0"": ""Don't know"", ""1.0"": ""Would not vote"", ""2.0"": ""Would vote ''Yes'' (Scotland should become an independent country)"", ""3.0"": ""Would vote ''No'' (Scotland should NOT become an independent country)""}",[],[]
b09b,Welsh independence referendum vote intention,scale,F8.2,"{""-999.0"": ""Not stated"", ""-2.0"": ""Refused"", ""-1.0"": ""Don't know"", ""1.0"": ""Would not vote"", ""2.0"": ""Would vote ''Yes'' (Wales should become an independent country)"", ""3.0"": ""Would vote ''No'' (Wales should NOT become an independent country)""}",[],[]
b12_1,Conservatives look after interests of black people and Asians,scale,F8.2,"{""-999.0"": ""Not stated"", ""-1.0"": ""Don't know"", ""1.0"": ""Very closely"", ""2.0"": ""Fairly closely"", ""3.0"": ""Not very closely"", ""4.0"": ""Not at all closely""}",[],[]
b12_2,Conservatives look after interests of trade unions,scale,F8.2,"{""-999.0"": ""Not stated"", ""-1.0"": ""Don't know"", ""1.0"": ""Very closely"", ""2.0"": ""Fairly closely"", ""3.0"": ""Not very closely"", ""4.0"": ""Not at all closely""}",[],[]
b12_3,Conservatives look after interests of middle class,scale,F8.2,"{""-999.0"": ""Not stated"", ""-1.0"": ""Don't know"", ""1.0"": ""Very closely"", ""2.0"": ""Fairly closely"", ""3.0"": ""Not very closely"", ""4.0"": ""Not at all closely""}",[],[]
b12_4,Conservatives look after interests of big business,scale,F8.2,"{""-999.0"": ""Not stated"", ""-1.0"": ""Don't know"", ""1.0"": ""Very closely"", ""2.0"": ""Fairly closely"", ""3.0"": ""Not very closely"", ""4.0"": ""Not at all closely""}",[],[]
b12_5,Conservatives look after interests of working class,scale,F8.2,"{""-999.0"": ""Not stated"", ""-1.0"": ""Don't know"", ""1.0"": ""Very closely"", ""2.0"": ""Fairly closely"", ""3.0"": ""Not very closely"", ""4.0"": ""Not at all closely""}",[],[]
b12_6,Conservatives look after interests of unemployed,scale,F8.2,"{""-999.0"": ""Not stated"", ""-1.0"": ""Don't know"", ""1.0"": ""Very closely"", ""2.0"": ""Fairly closely"", ""3.0"": ""Not very closely"", ""4.0"": ""Not at all closely""}",[],[]
b13_1,Labour look after interests of black people and Asians,scale,F8.2,"{""-999.0"": ""Not stated"", ""-1.0"": ""Don't know"", ""1.0"": ""Very closely"", ""2.0"": ""Fairly closely"", ""3.0"": ""Not very closely"", ""4.0"": ""Not at all closely""}",[],[]
b13_2,Labour look after interests of trade unions,scale,F8.2,"{""-999.0"": ""Not stated"", ""-1.0"": ""Don't know"", ""1.0"": ""Very closely"", ""2.0"": ""Fairly closely"", ""3.0"": ""Not very closely"", ""4.0"": ""Not at all closely""}",[],[]
b13_3,Labour look after interests of middle class,scale,F8.2,"{""-999.0"": ""Not stated"", ""-1.0"": ""Don't know"", ""1.0"": ""Very closely"", ""2.0"": ""Fairly closely"", ""3.0"": ""Not very closely"", ""4.0"": ""Not at all closely""}",[],[]
b13_4,Labour look after interests of big business,scale,F8.2,"{""-999.0"": ""Not stated"", ""-1.0"": ""Don't know"", ""1.0"": ""Very closely"", ""2.0"": ""Fairly closely"", ""3.0"": ""Not very closely"", ""4.0"": ""Not at all closely""}",[],[]
b13_5,Labour look after interests of working class,scale,F8.2,"{""-999.0"": ""Not stated"", ""-1.0"": ""Don't know"", ""1.0"": ""Very closely"", ""2.0"": ""Fairly closely"", ""3.0"": ""Not very closely"", ""4.0"": ""Not at all closely""}",[],[]
b13_6,Labour look after interests of unemployed,scale,F8.2,"{""-999.0"": ""Not stated"", ""-1.0"": ""Don't know"", ""1.0"": ""Very closely"", ""2.0"": ""Fairly closely"", ""3.0"": ""Not very closely"", ""4.0"": ""Not at all closely""}",[],[]
c01,Interest in 2024 General Election,scale,F8.2,"{""-999.0"": ""Not stated"", ""1.0"": ""Very interested"", ""2.0"": ""Somewhat interested"", ""3.0"": ""Not very interested"", ""4.0"": ""Not at all interested?""}",[],[]
c02_1,Going to vote is a lot of effort,scale,F8.2,"{""-999.0"": ""Not stated"", ""-1.0"": ""Don't know"", ""1.0"": ""Strongly disagree"", ""2.0"": ""Disagree"", ""3.0"": ""Neither agree nor disagree"", ""4.0"": ""Agree"", ""5.0"": ""Strongly agree""}",[],[]
c02_2,I feel a sense of satisfaction when I vote,scale,F8.2,"{""-999.0"": ""Not stated"", ""-1.0"": ""Don't know"", ""1.0"": ""Strongly disagree"", ""2.0"": ""Disagree"", ""3.0"": ""Neither agree nor disagree"", ""4.0"": ""Agree"", ""5.0"": ""Strongly agree""}",[],[]
c02_3,It is every citizen's duty to vote in an election,scale,F8.2,"{""-999.0"": ""Not stated"", ""-1.0"": ""Don't know"", ""1.0"": ""Strongly disagree"", ""2.0"": ""Disagree"", ""3.0"": ""Neither agree nor disagree"", ""4.0"": ""Agree"", ""5.0"": ""Strongly agree""}",[],[]
c02_4,Most of my friends and family think that voting is a waste of time,scale,F8.2,"{""-999.0"": ""Not stated"", ""-1.0"": ""Don't know"", ""1.0"": ""Strongly disagree"", ""2.0"": ""Disagree"", ""3.0"": ""Neither agree nor disagree"", ""4.0"": ""Agree"", ""5.0"": ""Strongly agree""}",[],[]
d01,Party identification,scale,F8.2,"{""-999.0"": ""Not stated"", ""-2.0"": ""Refused"", ""-1.0"": ""Don't know"", ""0.0"": ""None/No"", ""1.0"": ""Labour"", ""2.0"": ""Conservative"", ""3.0"": ""Liberal Democrat"", ""4.0"": ""Scottish National Party (SNP)"", ""5.0"": ""Plaid Cymru"", ""6.0"": ""Green Party"", ""8.0"": ""Reform UK"", ""9.0"": ""Other""}",[],[]
d02,Feel close to a party?,scale,F8.2,"{""-999.0"": ""Not stated"", ""-2.0"": ""Refused"", ""-1.0"": ""Don't know"", ""1.0"": ""Yes"", ""2.0"": ""No""}",[],[]
d03,Party ID if no party to first ID question,scale,F8.2,"{""-999.0"": ""Not stated"", ""-2.0"": ""Refused"", ""-1.0"": ""Don't know"", ""0.0"": ""None/No"", ""1.0"": ""Labour"", ""2.0"": ""Conservatives"", ""3.0"": ""Liberal Democrats"", ""4.0"": ""Scottish National Party (SNP)"", ""5.0"": ""Plaid Cymru"", ""6.0"": ""Green Party"", ""8.0"": ""Reform UK"", ""9.0"": ""Other""}",[],[]
d04,Strength of party identification,scale,F8.2,"{""-999.0"": ""Not stated"", ""-1.0"": ""Don't know"", ""1.0"": ""Very strong"", ""2.0"": ""Fairly strong"", ""3.0"": ""Not very strong""}",[],[]
f01_1,Ordinary working people get their fair share of the nation's wealth,scale,F8.2,"{""-999.0"": ""Not stated"", ""-1.0"": ""Don't know"", ""1.0"": ""Strongly disagree"", ""2.0"": ""Disagree"", ""3.0"": ""Neither agree nor disagree"", ""4.0"": ""Agree"", ""5.0"": ""Strongly agree""}",[],[]
f01_2,There is one law for the rich and one for the poor,scale,F8.2,"{""-999.0"": ""Not stated"", ""-1.0"": ""Don't know"", ""1.0"": ""Strongly disagree"", ""2.0"": ""Disagree"", ""3.0"": ""Neither agree nor disagree"", ""4.0"": ""Agree"", ""5.0"": ""Strongly agree""}",[],[]
f01_3,Young people today don't have enough respect for traditional British values,scale,F8.2,"{""-999.0"": ""Not stated"", ""-1.0"": ""Don't know"", ""1.0"": ""Strongly disagree"", ""2.0"": ""Disagree"", ""3.0"": ""Neither agree nor disagree"", ""4.0"": ""Agree"", ""5.0"": ""Strongly agree""}",[],[]
f01_4,Censorship of films and magazines is necessary to uphold moral standards,scale,F8.2,"{""-999.0"": ""Not stated"", ""-1.0"": ""Don't know"", ""1.0"": ""Strongly disagree"", ""2.0"": ""Disagree"", ""3.0"": ""Neither agree nor disagree"", ""4.0"": ""Agree"", ""5.0"": ""Strongly agree""}",[],[]
f01_5,There is no need for strong trade unions to protect working conditions and wages,scale,F8.2,"{""-999.0"": ""Not stated"", ""-1.0"": ""Don't know"", ""1.0"": ""Strongly disagree"", ""2.0"": ""Disagree"", ""3.0"": ""Neither agree nor disagree"", ""4.0"": ""Agree"", ""5.0"": ""Strongly agree""}",[],[]
f01_6,Private enterprise is the best way to solve Britain's economic problems,scale,F8.2,"{""-999.0"": ""Not stated"", ""-1.0"": ""Don't know"", ""1.0"": ""Strongly disagree"", ""2.0"": ""Disagree"", ""3.0"": ""Neither agree nor disagree"", ""4.0"": ""Agree"", ""5.0"": ""Strongly agree""}",[],[]
f01_7,Major public services and industries ought to be in state ownership,scale,F8.2,"{""-999.0"": ""Not stated"", ""-1.0"": ""Don't know"", ""1.0"": ""Strongly disagree"", ""2.0"": ""Disagree"", ""3.0"": ""Neither agree nor disagree"", ""4.0"": ""Agree"", ""5.0"": ""Strongly agree""}",[],[]
f01_8,Govt's responsibility to provide a job for everyone who wants one,scale,F8.2,"{""-999.0"": ""Not stated"", ""-1.0"": ""Don't know"", ""1.0"": ""Strongly disagree"", ""2.0"": ""Disagree"", ""3.0"": ""Neither agree nor disagree"", ""4.0"": ""Agree"", ""5.0"": ""Strongly agree""}",[],[]
f01_9,People should be allowed to organise public protests against the government,scale,F8.2,"{""-999.0"": ""Not stated"", ""-1.0"": ""Don't know"", ""1.0"": ""Strongly disagree"", ""2.0"": ""Disagree"", ""3.0"": ""Neither agree nor disagree"", ""4.0"": ""Agree"", ""5.0"": ""Strongly agree""}",[],[]
f01_10,People in Britain should be more tolerant of those who lead unconventional lives,scale,F8.2,"{""-999.0"": ""Not stated"", ""-1.0"": ""Don't know"", ""1.0"": ""Strongly disagree"", ""2.0"": ""Disagree"", ""3.0"": ""Neither agree nor disagree"", ""4.0"": ""Agree"", ""5.0"": ""Strongly agree""}",[],[]
f01_11,"For some crimes, the death penalty is the most appropriate sentence",scale,F8.2,"{""-999.0"": ""Not stated"", ""-1.0"": ""Don't know"", ""1.0"": ""Strongly disagree"", ""2.0"": ""Disagree"", ""3.0"": ""Neither agree nor disagree"", ""4.0"": ""Agree"", ""5.0"": ""Strongly agree""}",[],[]
f01_12,People who break the law should be given stiffer sentences,scale,F8.2,"{""-999.0"": ""Not stated"", ""-1.0"": ""Don't know"", ""1.0"": ""Strongly disagree"", ""2.0"": ""Disagree"", ""3.0"": ""Neither agree nor disagree"", ""4.0"": ""Agree"", ""5.0"": ""Strongly agree""}",[],[]
f2,In favour of nationalisation or privatisation?,scale,F8.2,"{""-1.0"": ""Don't know"", ""1.0"": ""More nationalisation of companies by government"", ""2.0"": ""More privatisation of companies by government"", ""3.0"": ""or, should things be left as they are now?""}",[],[]
f3,Should the Govt get rid of private education in Britain?,scale,F8.2,"{""-999.0"": ""Not stated"", ""-1.0"": ""Don't know"", ""1.0"": ""Definitely should"", ""2.0"": ""Probably should"", ""3.0"": ""Doesn't matter either way"", ""4.0"": ""Probably shouldn't"", ""5.0"": ""Definitely shouldn't""}",[],[]
e01,Left-right self-placement,scale,F8.2,"{""-999.0"": ""Not stated"", ""-2.0"": ""Refused"", ""-1.0"": ""Don't know"", ""0.0"": ""0 Left"", ""1.0"": ""1"", ""2.0"": ""2"", ""3.0"": ""3"", ""4.0"": ""4"", ""5.0"": ""5"", ""6.0"": ""6"", ""7.0"": ""7"", ""8.0"": ""8"", ""9.0"": ""9"", ""10.0"": ""10 Right""}",[],[]
g01_1,Tax/spend: Yourself,scale,F8.2,"{""-999.0"": ""Not stated"", ""-1.0"": ""Don't know"", ""0.0"": ""0 - Government should cut taxes a lot and spend much less on health and social services"", ""1.0"": ""1"", ""2.0"": ""2"", ""3.0"": ""3"", ""4.0"": ""4"", ""5.0"": ""5"", ""6.0"": ""6"", ""7.0"": ""7"", ""8.0"": ""8"", ""9.0"": ""9"", ""10.0"": ""10 - Government should increase taxes a lot and spend much more on health and social services""}",[],[]
g01_2,Tax/spend: Conservative Party,scale,F8.2,"{""-999.0"": ""Not stated"", ""-1.0"": ""Don't know"", ""0.0"": ""0 - Government should cut taxes a lot and spend much less on health and social services"", ""1.0"": ""1"", ""2.0"": ""2"", ""3.0"": ""3"", ""4.0"": ""4"", ""5.0"": ""5"", ""6.0"": ""6"", ""7.0"": ""7"", ""8.0"": ""8"", ""9.0"": ""9"", ""10.0"": ""10 - Government should increase taxes a lot and spend much more on health and social services""}",[],[]
g01_3,Tax/spend: Labour Party,scale,F8.2,"{""-999.0"": ""Not stated"", ""-1.0"": ""Don't know"", ""0.0"": ""0 - Government should cut taxes a lot and spend much less on health and social services"", ""1.0"": ""1"", ""2.0"": ""2"", ""3.0"": ""3"", ""4.0"": ""4"", ""5.0"": ""5"", ""6.0"": ""6"", ""7.0"": ""7"", ""8.0"": ""8"", ""9.0"": ""9"", ""10.0"": ""10 - Government should increase taxes a lot and spend much more on health and social services""}",[],[]
g01_4,Tax/spend: Liberal Democrats,scale,F8.2,"{""-999.0"": ""Not stated"", ""-1.0"": ""Don't know"", ""0.0"": ""0 - Government should cut taxes a lot and spend much less on health and social services"", ""1.0"": ""1"", ""2.0"": ""2"", ""3.0"": ""3"", ""4.0"": ""4"", ""5.0"": ""5"", ""6.0"": ""6"", ""7.0"": ""7"", ""8.0"": ""8"", ""9.0"": ""9"", ""10.0"": ""10 - Government should increase taxes a lot and spend much more on health and social services""}",[],[]
g01_5,Tax/spend: Reform UK,scale,F8.2,"{""-999.0"": ""Not stated"", ""-1.0"": ""Don't know"", ""0.0"": ""0 - Government should cut taxes a lot and spend much less on health and social services"", ""1.0"": ""1"", ""2.0"": ""2"", ""3.0"": ""3"", ""4.0"": ""4"", ""5.0"": ""5"", ""6.0"": ""6"", ""7.0"": ""7"", ""8.0"": ""8"", ""9.0"": ""9"", ""10.0"": ""10 - Government should increase taxes a lot and spend much more on health and social services""}",[],[]
g01_6,Tax/spend: Green Party,scale,F8.2,"{""-999.0"": ""Not stated"", ""-1.0"": ""Don't know"", ""0.0"": ""0 - Government should cut taxes a lot and spend much less on health and social services"", ""1.0"": ""1"", ""2.0"": ""2"", ""3.0"": ""3"", ""4.0"": ""4"", ""5.0"": ""5"", ""6.0"": ""6"", ""7.0"": ""7"", ""8.0"": ""8"", ""9.0"": ""9"", ""10.0"": ""10 - Government should increase taxes a lot and spend much more on health and social services""}",[],[]
g01_7,Tax/spend: SNP,scale,F8.2,"{""-999.0"": ""Not stated"", ""-1.0"": ""Don't know"", ""0.0"": ""0 - Government should cut taxes a lot and spend much less on health and social services"", ""1.0"": ""1"", ""2.0"": ""2"", ""3.0"": ""3"", ""4.0"": ""4"", ""5.0"": ""5"", ""6.0"": ""6"", ""7.0"": ""7"", ""8.0"": ""8"", ""9.0"": ""9"", ""10.0"": ""10 - Government should increase taxes a lot and spend much more on health and social services""}",[],[]
g01_8,Tax/spend: Plaid Cymru,scale,F8.2,"{""-999.0"": ""Not stated"", ""-1.0"": ""Don't know"", ""0.0"": ""0 - Government should cut taxes a lot and spend much less on health and social services"", ""1.0"": ""1"", ""2.0"": ""2"", ""3.0"": ""3"", ""4.0"": ""4"", ""5.0"": ""5"", ""6.0"": ""6"", ""7.0"": ""7"", ""8.0"": ""8"", ""9.0"": ""9"", ""10.0"": ""10 - Government should increase taxes a lot and spend much more on health and social services""}",[],[]
h01,Economic growth/protecting the environment scale,scale,F8.2,"{""-999.0"": ""Not stated"", ""-1.0"": ""Don't know"", ""0.0"": ""0 Economic growth should have priority"", ""1.0"": ""1"", ""2.0"": ""2"", ""3.0"": ""3"", ""4.0"": ""4"", ""5.0"": ""5"", ""6.0"": ""6"", ""7.0"": ""7"", ""8.0"": ""8"", ""9.0"": ""9"", ""10.0"": ""10 Protecting the environment should have priority""}",[],[]
i01_1,Like/dislike leader: Starmer,scale,F8.2,"{""-999.0"": ""Not stated"", ""-2.0"": ""Haven't heard of"", ""-1.0"": ""Don't know"", ""0.0"": ""0 Strongly dislike"", ""1.0"": ""1"", ""2.0"": ""2"", ""3.0"": ""3"", ""4.0"": ""4"", ""5.0"": ""5"", ""6.0"": ""6"", ""7.0"": ""7"", ""8.0"": ""8"", ""9.0"": ""9"", ""10.0"": ""10 Strongly like""}",[],[]
i01_2,Like/dislike leader: Sunak,scale,F8.2,"{""-999.0"": ""Not stated"", ""-2.0"": ""Haven't heard of"", ""-1.0"": ""Don't know"", ""0.0"": ""0 Strongly dislike"", ""1.0"": ""1"", ""2.0"": ""2"", ""3.0"": ""3"", ""4.0"": ""4"", ""5.0"": ""5"", ""6.0"": ""6"", ""7.0"": ""7"", ""8.0"": ""8"", ""9.0"": ""9"", ""10.0"": ""10 Strongly like""}",[],[]
i01_3,Like/dislike leader: Davey,scale,F8.2,"{""-999.0"": ""Not stated"", ""-2.0"": ""Haven't heard of"", ""-1.0"": ""Don't know"", ""0.0"": ""0 Strongly dislike"", ""1.0"": ""1"", ""2.0"": ""2"", ""3.0"": ""3"", ""4.0"": ""4"", ""5.0"": ""5"", ""6.0"": ""6"", ""7.0"": ""7"", ""8.0"": ""8"", ""9.0"": ""9"", ""10.0"": ""10 Strongly like""}",[],[]
i01_4,Like/dislike leader: Denyer,scale,F8.2,"{""-999.0"": ""Not stated"", ""-2.0"": ""Haven't heard of"", ""-1.0"": ""Don't know"", ""0.0"": ""0 Strongly dislike"", ""1.0"": ""1"", ""2.0"": ""2"", ""3.0"": ""3"", ""4.0"": ""4"", ""5.0"": ""5"", ""6.0"": ""6"", ""7.0"": ""7"", ""8.0"": ""8"", ""9.0"": ""9"", ""10.0"": ""10 Strongly like""}",[],[]
i01_5,Like/dislike leader: Ramsey,scale,F8.2,"{""-999.0"": ""Not stated"", ""-2.0"": ""Haven't heard of"", ""-1.0"": ""Don't know"", ""0.0"": ""0 Strongly dislike"", ""1.0"": ""1"", ""2.0"": ""2"", ""3.0"": ""3"", ""4.0"": ""4"", ""5.0"": ""5"", ""6.0"": ""6"", ""7.0"": ""7"", ""8.0"": ""8"", ""9.0"": ""9"", ""10.0"": ""10 Strongly like""}",[],[]
i01_6,Like/dislike leader: Farage,scale,F8.2,"{""-999.0"": ""Not stated"", ""-2.0"": ""Haven't heard of"", ""-1.0"": ""Don't know"", ""0.0"": ""0 Strongly dislike"", ""1.0"": ""1"", ""2.0"": ""2"", ""3.0"": ""3"", ""4.0"": ""4"", ""5.0"": ""5"", ""6.0"": ""6"", ""7.0"": ""7"", ""8.0"": ""8"", ""9.0"": ""9"", ""10.0"": ""10 Strongly like""}",[],[]
i01_7,Like/dislike leader: Swinney,scale,F8.2,"{""-999.0"": ""Not stated"", ""-2.0"": ""Haven't heard of"", ""-1.0"": ""Don't know"", ""0.0"": ""0 Strongly dislike"", ""1.0"": ""1"", ""2.0"": ""2"", ""3.0"": ""3"", ""4.0"": ""4"", ""5.0"": ""5"", ""6.0"": ""6"", ""7.0"": ""7"", ""8.0"": ""8"", ""9.0"": ""9"", ""10.0"": ""10 Strongly like""}",[],[]
i01_8,Like/dislike leader: ap Iorwerth,scale,F8.2,"{""-999.0"": ""Not stated"", ""-2.0"": ""Haven't heard of"", ""-1.0"": ""Don't know"", ""0.0"": ""0 Strongly dislike"", ""1.0"": ""1"", ""2.0"": ""2"", ""3.0"": ""3"", ""4.0"": ""4"", ""5.0"": ""5"", ""6.0"": ""6"", ""7.0"": ""7"", ""8.0"": ""8"", ""9.0"": ""9"", ""10.0"": ""10 Strongly like""}",[],[]
i02_1,Competence: Starmer,scale,F8.2,"{""-2.0"": ""Haven't heard of"", ""-1.0"": ""Don't know"", ""0.0"": ""0 A very incompetent leader"", ""1.0"": ""1"", ""2.0"": ""2"", ""3.0"": ""3"", ""4.0"": ""4"", ""5.0"": ""5"", ""6.0"": ""6"", ""7.0"": ""7"", ""8.0"": ""8"", ""9.0"": ""9"", ""10.0"": ""10 A very competent leader""}",[],[]
i02_2,Competence: Sunak,scale,F8.2,"{""-2.0"": ""Haven't heard of"", ""-1.0"": ""Don't know"", ""0.0"": ""0 A very incompetent leader"", ""1.0"": ""1"", ""2.0"": ""2"", ""3.0"": ""3"", ""4.0"": ""4"", ""5.0"": ""5"", ""6.0"": ""6"", ""7.0"": ""7"", ""8.0"": ""8"", ""9.0"": ""9"", ""10.0"": ""10 A very competent leader""}",[],[]
i03_1,Trustworthy: Starmer,scale,F8.2,"{""-2.0"": ""Haven't heard of"", ""-1.0"": ""Don't know"", ""0.0"": ""0 No trust"", ""1.0"": ""1"", ""2.0"": ""2"", ""3.0"": ""3"", ""4.0"": ""4"", ""5.0"": ""5"", ""6.0"": ""6"", ""7.0"": ""7"", ""8.0"": ""8"", ""9.0"": ""9"", ""10.0"": ""10 A great deal of trust""}",[],[]
i03_2,Trustworthy: Sunak,scale,F8.2,"{""-2.0"": ""Haven't heard of"", ""-1.0"": ""Don't know"", ""0.0"": ""0 No trust"", ""1.0"": ""1"", ""2.0"": ""2"", ""3.0"": ""3"", ""4.0"": ""4"", ""5.0"": ""5"", ""6.0"": ""6"", ""7.0"": ""7"", ""8.0"": ""8"", ""9.0"": ""9"", ""10.0"": ""10 A great deal of trust""}",[],[]
j05,Too many immigrants let into this country,scale,F8.2,"{""-999.0"": ""Not stated"", ""-1.0"": ""Don't know"", ""1.0"": ""Yes, too many"", ""2.0"": ""No, not too many""}",[],[]
j06,Strength of opinion about immigrants,scale,F8.2,"{""-999.0"": ""Not stated"", ""-1.0"": ""Don't know"", ""1.0"": ""Very strongly"", ""2.0"": ""Fairly strongly"", ""3.0"": ""Not very strongly""}",[],[]
j01,Immigration bad or good for economy,scale,F8.2,"{""-999.0"": ""Not stated"", ""-1.0"": ""Don't know"", ""1.0"": ""1 Bad for economy"", ""2.0"": ""2"", ""3.0"": ""3"", ""4.0"": ""4"", ""5.0"": ""5"", ""6.0"": ""6"", ""7.0"": ""7 Good for economy""}",[],[]
j08,Better/worse: NHS,scale,F8.2,"{""-999.0"": ""Not stated"", ""-1.0"": ""Don't know"", ""1.0"": ""Got a lot worse"", ""2.0"": ""Got a little worse"", ""3.0"": ""Stayed the same"", ""4.0"": ""Got a little better"", ""5.0"": ""Got a lot better""}",[],[]
j10,Importance of putting money into NHS,scale,F8.2,"{""-999.0"": ""Not stated"", ""-1.0"": ""Don't know"", ""1.0"": ""Very important that it should be done"", ""2.0"": ""Fairly important that it should be done"", ""3.0"": ""It doesn't matter either way"", ""4.0"": ""Fairly important that it should not be done"", ""5.0"": ""Very important that it should not be done""}",[],[]
j11,Higher/lower: cost of living,scale,F8.2,"{""-999.0"": ""Not stated"", ""-1.0"": ""Don't know"", ""1.0"": ""Got a lot worse"", ""2.0"": ""Got a little worse"", ""3.0"": ""Stayed the same"", ""4.0"": ""Got a little better"", ""5.0"": ""Got a lot better""}",[],[]
j12,Better/worse: education quality,scale,F8.2,"{""-999.0"": ""Not stated"", ""-1.0"": ""Don't know"", ""1.0"": ""Got a lot worse"", ""2.0"": ""Got a little worse"", ""3.0"": ""Stayed the same"", ""4.0"": ""Got a little better"", ""5.0"": ""Got a lot better""}",[],[]
k01,Attention to politics,scale,F8.2,"{""-999.0"": ""Not stated"", ""-1.0"": ""Don't know"", ""0.0"": ""0 Pay no attention"", ""1.0"": ""1"", ""2.0"": ""2"", ""3.0"": ""3"", ""4.0"": ""4"", ""5.0"": ""5"", ""6.0"": ""6"", ""7.0"": ""7"", ""8.0"": ""8"", ""9.0"": ""9"", ""10.0"": ""10 Pay a great deal of attention""}",[],[]
k04,Politics information source?,nominal,A440,{},[],[]
k02,Regularly read about politics in newspapers?,scale,F8.2,"{""-999.0"": ""Not stated"", ""-1.0"": ""Don't know"", ""1.0"": ""Yes"", ""2.0"": ""No""}",[],[]
k03,Which newspaper do you read most often?,scale,F8.2,"{""-999.0"": ""Not stated"", ""1.0"": ""Express"", ""2.0"": ""The Herald"", ""3.0"": ""Guardian/Observer"", ""4.0"": ""Independent (online only)"", ""5.0"": ""The i"", ""6.0"": ""London Evening Standard"", ""7.0"": ""Mail"", ""8.0"": ""Metro"", ""9.0"": ""Daily Mirror / Sunday Mirror / Sunday People"", ""10.0"": ""The Scotsman / Scotland on Sunday"", ""11.0"": ""Daily Star"", ""12.0"": ""Sun"", ""13.0"": ""Telegraph"", ""14.0"": ""Times"", ""15.0"": ""Daily Post"", ""16.0"": ""Any other national paper"", ""17.0"": ""Any other regional paper"", ""18.0"": ""Other (specify)"", ""19.0"": ""Daily Record / Sunday Mail (Scotland)""}",[],[]
k11,Contacted by canvasser from any party during 2024 GE campaign?,scale,F8.2,"{""-999.0"": ""Not stated"", ""-1.0"": ""Don't know"", ""1.0"": ""Yes"", ""2.0"": ""No""}",[],[]
k1201,Contacted at home during 2024 GE campaign: Labour,scale,F8.2,"{""0.0"": ""No"", ""1.0"": ""Yes""}",[],[]
k1202,Contacted at home during 2024 GE campaign: Conservatives,scale,F8.2,"{""0.0"": ""No"", ""1.0"": ""Yes""}",[],[]
k1203,Contacted at home during 2024 GE campaign: Lib Dems,scale,F8.2,"{""0.0"": ""No"", ""1.0"": ""Yes""}",[],[]
k1204,Contacted at home during 2024 GE campaign: SNP,scale,F8.2,"{""0.0"": ""No"", ""1.0"": ""Yes""}",[],[]
k1205,Contacted at home during 2024 GE campaign: Plaid Cymru,scale,F8.2,"{""0.0"": ""No"", ""1.0"": ""Yes""}",[],[]
k1206,Contacted at home during 2024 GE campaign: Greens,scale,F8.2,"{""0.0"": ""No"", ""1.0"": ""Yes""}",[],[]
k1208,Contacted at home during 2024 GE campaign: Reform UK,scale,F8.2,"{""0.0"": ""No"", ""1.0"": ""Yes""}",[],[]
k1209,Contacted at home during 2024 GE campaign: independent candidate,scale,F8.2,"{""0.0"": ""No"", ""1.0"": ""Yes""}",[],[]
k1210,Contacted at home during 2024 GE campaign: Other,scale,F8.2,"{""0.0"": ""No"", ""1.0"": ""Yes""}",[],[]
k1211,Contacted at home during 2024 GE campaign: Don't know,scale,F8.2,"{""0.0"": ""No"", ""1.0"": ""Yes""}",[],[]
k13,Contacted in another way during 2024 GE campaign,scale,F8.2,"{""-999.0"": ""Not stated"", ""-1.0"": ""Don't know"", ""1.0"": ""Yes"", ""2.0"": ""No""}",[],[]
k14_1_01,Contacted by Labour: Telephone,scale,F8.2,"{""0.0"": ""No"", ""1.0"": ""Yes""}",[],[]
k14_1_02,Contacted by Labour: Leaflets,scale,F8.2,"{""0.0"": ""No"", ""1.0"": ""Yes""}",[],[]
k14_1_03,Contacted by Labour: Email/text message,scale,F8.2,"{""0.0"": ""No"", ""1.0"": ""Yes""}",[],[]
k14_1_04,Contacted by Labour: Contact in the street,scale,F8.2,"{""0.0"": ""No"", ""1.0"": ""Yes""}",[],[]
k14_1_05,Contacted by Labour: Twitter/Facebook/social media,scale,F8.2,"{""0.0"": ""No"", ""1.0"": ""Yes""}",[],[]
k14_1_06,Contacted by Labour: None,scale,F8.2,"{""0.0"": ""No"", ""1.0"": ""Yes""}",[],[]
k14_2_01,Contacted by Conservatives: Telephone,scale,F8.2,"{""0.0"": ""No"", ""1.0"": ""Yes""}",[],[]
k14_2_02,Contacted by Conservatives: Leaflets,scale,F8.2,"{""0.0"": ""No"", ""1.0"": ""Yes""}",[],[]
k14_2_03,Contacted by Conservatives: Email/text message,scale,F8.2,"{""0.0"": ""No"", ""1.0"": ""Yes""}",[],[]
k14_2_04,Contacted by Conservatives: Contact in the street,scale,F8.2,"{""0.0"": ""No"", ""1.0"": ""Yes""}",[],[]
k14_2_05,Contacted by Conservatives: Twitter/Facebook/social media,scale,F8.2,"{""0.0"": ""No"", ""1.0"": ""Yes""}",[],[]
k14_2_06,Contacted by Conservatives: None,scale,F8.2,"{""0.0"": ""No"", ""1.0"": ""Yes""}",[],[]
k14_3_01,Contacted by Lib Dems: Telephone,scale,F8.2,"{""0.0"": ""No"", ""1.0"": ""Yes""}",[],[]
k14_3_02,Contacted by Lib Dems: Leaflets,scale,F8.2,"{""0.0"": ""No"", ""1.0"": ""Yes""}",[],[]
k14_3_03,Contacted by Lib Dems: Email/text message,scale,F8.2,"{""0.0"": ""No"", ""1.0"": ""Yes""}",[],[]
k14_3_04,Contacted by Lib Dems: Contact in the street,scale,F8.2,"{""0.0"": ""No"", ""1.0"": ""Yes""}",[],[]
k14_3_05,Contacted by Lib Dems: Twitter/Facebook/social media,scale,F8.2,"{""0.0"": ""No"", ""1.0"": ""Yes""}",[],[]
k14_3_06,Contacted by Lib Dems: None,scale,F8.2,"{""0.0"": ""No"", ""1.0"": ""Yes""}",[],[]
k14_4_01,Contacted by SNP: Telephone,scale,F8.2,"{""0.0"": ""No"", ""1.0"": ""Yes""}",[],[]
k14_4_02,Contacted by SNP: Leaflets,scale,F8.2,"{""0.0"": ""No"", ""1.0"": ""Yes""}",[],[]
k14_4_03,Contacted by SNP: Email/text message,scale,F8.2,"{""0.0"": ""No"", ""1.0"": ""Yes""}",[],[]
k14_4_04,Contacted by SNP: Contact in the street,scale,F8.2,"{""0.0"": ""No"", ""1.0"": ""Yes""}",[],[]
k14_4_05,Contacted by SNP: Twitter/Facebook/social media,scale,F8.2,"{""0.0"": ""No"", ""1.0"": ""Yes""}",[],[]
k14_4_06,Contacted by SNP: None,scale,F8.2,"{""0.0"": ""No"", ""1.0"": ""Yes""}",[],[]
k14_5_01,Contacted by Plaid Cymru: Telephone,scale,F8.2,"{""0.0"": ""No"", ""1.0"": ""Yes""}",[],[]
k14_5_02,Contacted by Plaid Cymru: Leaflets,scale,F8.2,"{""0.0"": ""No"", ""1.0"": ""Yes""}",[],[]
k14_5_03,Contacted by Plaid Cymru: Email/text message,scale,F8.2,"{""0.0"": ""No"", ""1.0"": ""Yes""}",[],[]
k14_5_04,Contacted by Plaid Cymru: Contact in the street,scale,F8.2,"{""0.0"": ""No"", ""1.0"": ""Yes""}",[],[]
k14_5_05,Contacted by Plaid Cymru: Twitter/Facebook/social media,scale,F8.2,"{""0.0"": ""No"", ""1.0"": ""Yes""}",[],[]
k14_5_06,Contacted by Plaid Cymru: None,scale,F8.2,"{""0.0"": ""No"", ""1.0"": ""Yes""}",[],[]
k14_6_01,Contacted by Green: Telephone,scale,F8.2,"{""0.0"": ""No"", ""1.0"": ""Yes""}",[],[]
k14_6_02,Contacted by Green: Leaflets,scale,F8.2,"{""0.0"": ""No"", ""1.0"": ""Yes""}",[],[]
k14_6_03,Contacted by Green: Email/text message,scale,F8.2,"{""0.0"": ""No"", ""1.0"": ""Yes""}",[],[]
k14_6_04,Contacted by Green: Contact in the street,scale,F8.2,"{""0.0"": ""No"", ""1.0"": ""Yes""}",[],[]
k14_6_05,Contacted by Green: Twitter/Facebook/social media,scale,F8.2,"{""0.0"": ""No"", ""1.0"": ""Yes""}",[],[]
k14_6_06,Contacted by Green: None,scale,F8.2,"{""0.0"": ""No"", ""1.0"": ""Yes""}",[],[]
k14_8_01,Contacted by Reform UK: Telephone,scale,F8.2,"{""0.0"": ""No"", ""1.0"": ""Yes""}",[],[]
k14_8_02,Contacted by Reform UK: Leaflets,scale,F8.2,"{""0.0"": ""No"", ""1.0"": ""Yes""}",[],[]
k14_8_03,Contacted by Reform UK: Email/text message,scale,F8.2,"{""0.0"": ""No"", ""1.0"": ""Yes""}",[],[]
k14_8_04,Contacted by Reform UK: Contact in the street,scale,F8.2,"{""0.0"": ""No"", ""1.0"": ""Yes""}",[],[]
k14_8_05,Contacted by Reform UK: Twitter/Facebook/social media,scale,F8.2,"{""0.0"": ""No"", ""1.0"": ""Yes""}",[],[]
k14_8_06,Contacted by Reform UK: None,scale,F8.2,"{""0.0"": ""No"", ""1.0"": ""Yes""}",[],[]
k14_9_01,Contacted by independent candidate: Telephone,scale,F8.2,"{""0.0"": ""No"", ""1.0"": ""Yes""}",[],[]
k14_9_02,Contacted by independent candidate: Leaflets,scale,F8.2,"{""0.0"": ""No"", ""1.0"": ""Yes""}",[],[]
k14_9_03,Contacted by independent candidate: Email/text message,scale,F8.2,"{""0.0"": ""No"", ""1.0"": ""Yes""}",[],[]
k14_9_04,Contacted by independent candidate: Contact in the street,scale,F8.2,"{""0.0"": ""No"", ""1.0"": ""Yes""}",[],[]
k14_9_05,Contacted by independent candidate: Twitter/Facebook/social media,scale,F8.2,"{""0.0"": ""No"", ""1.0"": ""Yes""}",[],[]
k14_9_06,Contacted by independent candidate: None,scale,F8.2,"{""0.0"": ""No"", ""1.0"": ""Yes""}",[],[]
l0a_1,Worried about family's economic security,scale,F8.2,"{""-1.0"": ""Don't know"", ""0.0"": ""0 Not worried at all"", ""1.0"": ""1"", ""2.0"": ""2"", ""3.0"": ""3"", ""4.0"": ""4"", ""5.0"": ""5"", ""6.0"": ""6"", ""7.0"": ""7"", ""8.0"": ""8"", ""9.0"": ""9"", ""10.0"": ""10 Very worried""}",[],[]
l0b,I have enough money each money to comfortably pay bills/expenses,scale,F8.2,"{""-1.0"": ""Don't know"", ""1.0"": ""Strongly disagree"", ""2.0"": ""Disagree"", ""3.0"": ""Neither agree nor disagree"", ""4.0"": ""Agree"", ""5.0"": ""Strongly agree""}",[],[]
l01,Personal economic retrospective evaluation (12 months): household,scale,F8.2,"{""-999.0"": ""Not stated"", ""-1.0"": ""Don't know"", ""1.0"": ""A lot worse"", ""2.0"": ""A little worse"", ""3.0"": ""The same"", ""4.0"": ""A little better"", ""5.0"": ""A lot better""}",[],[]
l02,Personal economic prospective evaluation (12 months): household,scale,F8.2,"{""-1.0"": ""Don't know"", ""1.0"": ""A lot worse"", ""2.0"": ""A little worse"", ""3.0"": ""The same"", ""4.0"": ""A little better"", ""5.0"": ""A lot better""}",[],[]
l03,Expected general economic situation in this country (12 months),scale,F8.2,"{""-999.0"": ""Not stated"", ""-1.0"": ""Don't know"", ""1.0"": ""A lot worse"", ""2.0"": ""A little worse"", ""3.0"": ""The same"", ""4.0"": ""A little better"", ""5.0"": ""A lot better""}",[],[]
l04,General economic retrospective evaluation (12 months): country,scale,F8.2,"{""-999.0"": ""Not stated"", ""-1.0"": ""Don't know"", ""1.0"": ""A lot worse"", ""2.0"": ""A little worse"", ""3.0"": ""The same"", ""4.0"": ""A little better"", ""5.0"": ""A lot better""}",[],[]
l05,Will be times when you don't have money to cover daily living costs,scale,F8.2,"{""-999.0"": ""Not stated"", ""-1.0"": ""Don't know"", ""1.0"": ""Very unlikely"", ""2.0"": ""Fairly unlikely"", ""3.0"": ""Neither likely nor unlikely"", ""4.0"": ""Fairly likely"", ""5.0"": ""Very likely""}",[],[]
l09,How should Govt approach income inequality? Yourself,scale,F8.2,"{""-999.0"": ""Not stated"", ""-1.0"": ""Don't know"", ""0.0"": ""Make much greater efforts to make people's incomes more equal 0"", ""1.0"": ""1"", ""2.0"": ""2"", ""3.0"": ""3"", ""4.0"": ""4"", ""5.0"": ""5"", ""6.0"": ""6"", ""7.0"": ""7"", ""8.0"": ""8"", ""9.0"": ""9"", ""10.0"": ""Be much less concerned about how equal people's incomes are 10""}",[],[]
l10_1,How should Govt approach income inequality? Conservatives,scale,F8.2,"{""-999.0"": ""Not stated"", ""-1.0"": ""Don't know"", ""0.0"": ""Government should make much greater efforts to make people's income more equal 0"", ""1.0"": ""1"", ""2.0"": ""2"", ""3.0"": ""3"", ""4.0"": ""4"", ""5.0"": ""5"", ""6.0"": ""6"", ""7.0"": ""7"", ""8.0"": ""8"", ""9.0"": ""9"", ""10.0"": ""Government should be much less concerned about how equal people's incomes are 10""}",[],[]
l10_2,How should Govt approach income inequality? Labour,scale,F8.2,"{""-999.0"": ""Not stated"", ""-1.0"": ""Don't know"", ""0.0"": ""Government should make much greater efforts to make people's income more equal 0"", ""1.0"": ""1"", ""2.0"": ""2"", ""3.0"": ""3"", ""4.0"": ""4"", ""5.0"": ""5"", ""6.0"": ""6"", ""7.0"": ""7"", ""8.0"": ""8"", ""9.0"": ""9"", ""10.0"": ""Government should be much less concerned about how equal people's incomes are 10""}",[],[]
l10_3,How should Govt approach income inequality? Lib Dems,scale,F8.2,"{""-999.0"": ""Not stated"", ""-1.0"": ""Don't know"", ""0.0"": ""Government should make much greater efforts to make people's income more equal 0"", ""1.0"": ""1"", ""2.0"": ""2"", ""3.0"": ""3"", ""4.0"": ""4"", ""5.0"": ""5"", ""6.0"": ""6"", ""7.0"": ""7"", ""8.0"": ""8"", ""9.0"": ""9"", ""10.0"": ""Government should be much less concerned about how equal people's incomes are 10""}",[],[]
l10_4,How should Govt approach income inequality? Reform UK,scale,F8.2,"{""-999.0"": ""Not stated"", ""-1.0"": ""Don't know"", ""0.0"": ""Government should make much greater efforts to make people's income more equal 0"", ""1.0"": ""1"", ""2.0"": ""2"", ""3.0"": ""3"", ""4.0"": ""4"", ""5.0"": ""5"", ""6.0"": ""6"", ""7.0"": ""7"", ""8.0"": ""8"", ""9.0"": ""9"", ""10.0"": ""Government should be much less concerned about how equal people's incomes are 10""}",[],[]
l10_5,How should Govt approach income inequality? Greens,scale,F8.2,"{""-999.0"": ""Not stated"", ""-1.0"": ""Don't know"", ""0.0"": ""Government should make much greater efforts to make people's income more equal 0"", ""1.0"": ""1"", ""2.0"": ""2"", ""3.0"": ""3"", ""4.0"": ""4"", ""5.0"": ""5"", ""6.0"": ""6"", ""7.0"": ""7"", ""8.0"": ""8"", ""9.0"": ""9"", ""10.0"": ""Government should be much less concerned about how equal people's incomes are 10""}",[],[]
l10_6,How should Govt approach income inequality? SNP,scale,F8.2,"{""-999.0"": ""Not stated"", ""-1.0"": ""Don't know"", ""0.0"": ""Government should make much greater efforts to make people's income more equal 0"", ""1.0"": ""1"", ""2.0"": ""2"", ""3.0"": ""3"", ""4.0"": ""4"", ""5.0"": ""5"", ""6.0"": ""6"", ""7.0"": ""7"", ""8.0"": ""8"", ""9.0"": ""9"", ""10.0"": ""Government should be much less concerned about how equal people's incomes are 10""}",[],[]
l10_7,How should Govt approach income inequality? Plaid Cymru,scale,F8.2,"{""-999.0"": ""Not stated"", ""-1.0"": ""Don't know"", ""0.0"": ""Government should make much greater efforts to make people's income more equal 0"", ""1.0"": ""1"", ""2.0"": ""2"", ""3.0"": ""3"", ""4.0"": ""4"", ""5.0"": ""5"", ""6.0"": ""6"", ""7.0"": ""7"", ""8.0"": ""8"", ""9.0"": ""9"", ""10.0"": ""Government should be much less concerned about how equal people's incomes are 10""}",[],[]
m01,Satisfaction with democracy in Britain?,scale,F8.2,"{""-999.0"": ""Not stated"", ""-1.0"": ""Don't know"", ""1.0"": ""Very satisfied"", ""2.0"": ""Fairly satisfied"", ""3.0"": ""A little dissatisfied"", ""4.0"": ""Very dissatisfied""}",[],[]
n02,Perceived class of MP in your constituency before 2024 GE,scale,F8.2,"{""-999.0"": ""Not stated"", ""-1.0"": ""Don't know"", ""1.0"": ""Working class"", ""2.0"": ""Middle class"", ""3.0"": ""Upper class""}",[],[]
n04a,"Are you happy to answer the questions yourself, on the laptop?",scale,F8.2,"{""-999.0"": ""Not stated"", ""1.0"": ""Yes - Read on screen and enter answers by themselves"", ""2.0"": ""No - Prefer interviewer to read questions from screen""}",[],[]
n03,Trust British politicians in general?,scale,F8.2,"{""-999.0"": ""Not stated"", ""-1.0"": ""Don't know"", ""0.0"": ""No trust 0"", ""1.0"": ""1"", ""2.0"": ""2"", ""3.0"": ""3"", ""4.0"": ""4"", ""5.0"": ""5"", ""6.0"": ""6"", ""7.0"": ""7"", ""8.0"": ""8"", ""9.0"": ""9"", ""10.0"": ""A great deal of trust 10""}",[],[]
p01,EU referendum vote recalled,scale,F8.2,"{""-2.0"": ""I was ineligible to vote"", ""-1.0"": ""Don't know"", ""1.0"": ""I did not vote"", ""2.0"": ""Leave the EU"", ""3.0"": ""Remain in the EU""}",[],[]
p02a,How well/badly has leaving the EU gone for Britain?,scale,F8.2,"{""-1.0"": ""Don't know"", ""1.0"": ""Very well"", ""2.0"": ""Quite well"", ""3.0"": ""Neither well nor badly"", ""4.0"": ""Quite badly"", ""5.0"": ""Very badly""}",[],[]
p02,EU referendum vote intention,scale,F8.2,"{""-1.0"": ""Don't know"", ""1.0"": ""Stay out of the EU"", ""2.0"": ""Rejoin the EU"", ""3.0"": ""I would not vote""}",[],[]
p03_1,EU integration: Self,scale,F8.2,"{""-999.0"": ""Not stated"", ""-1.0"": ""Don't know"", ""0.0"": ""Do all it can to unite fully with the European Union 0"", ""1.0"": ""1"", ""2.0"": ""2"", ""3.0"": ""3"", ""4.0"": ""4"", ""5.0"": ""5"", ""6.0"": ""6"", ""7.0"": ""7"", ""8.0"": ""8"", ""9.0"": ""9"", ""10.0"": ""Do all it can to protect its independence from the European Union 10""}",[],[]
p03_2,EU integration: Conservatives,scale,F8.2,"{""-999.0"": ""Not stated"", ""-1.0"": ""Don't know"", ""0.0"": ""Do all it can to unite fully with the European Union 0"", ""1.0"": ""1"", ""2.0"": ""2"", ""3.0"": ""3"", ""4.0"": ""4"", ""5.0"": ""5"", ""6.0"": ""6"", ""7.0"": ""7"", ""8.0"": ""8"", ""9.0"": ""9"", ""10.0"": ""Do all it can to protect its independence from the European Union 10""}",[],[]
p03_3,EU integration: Labour,scale,F8.2,"{""-999.0"": ""Not stated"", ""-1.0"": ""Don't know"", ""0.0"": ""Do all it can to unite fully with the European Union 0"", ""1.0"": ""1"", ""2.0"": ""2"", ""3.0"": ""3"", ""4.0"": ""4"", ""5.0"": ""5"", ""6.0"": ""6"", ""7.0"": ""7"", ""8.0"": ""8"", ""9.0"": ""9"", ""10.0"": ""Do all it can to protect its independence from the European Union 10""}",[],[]
p03_4,EU integration: Lib Dems,scale,F8.2,"{""-999.0"": ""Not stated"", ""-1.0"": ""Don't know"", ""0.0"": ""Do all it can to unite fully with the European Union 0"", ""1.0"": ""1"", ""2.0"": ""2"", ""3.0"": ""3"", ""4.0"": ""4"", ""5.0"": ""5"", ""6.0"": ""6"", ""7.0"": ""7"", ""8.0"": ""8"", ""9.0"": ""9"", ""10.0"": ""Do all it can to protect its independence from the European Union 10""}",[],[]
p03_5,EU integration: Reform UK,scale,F8.2,"{""-999.0"": ""Not stated"", ""-1.0"": ""Don't know"", ""0.0"": ""Do all it can to unite fully with the European Union 0"", ""1.0"": ""1"", ""2.0"": ""2"", ""3.0"": ""3"", ""4.0"": ""4"", ""5.0"": ""5"", ""6.0"": ""6"", ""7.0"": ""7"", ""8.0"": ""8"", ""9.0"": ""9"", ""10.0"": ""Do all it can to protect its independence from the European Union 10""}",[],[]
p03_6,EU integration: Green,scale,F8.2,"{""-999.0"": ""Not stated"", ""-1.0"": ""Don't know"", ""0.0"": ""Do all it can to unite fully with the European Union 0"", ""1.0"": ""1"", ""2.0"": ""2"", ""3.0"": ""3"", ""4.0"": ""4"", ""5.0"": ""5"", ""6.0"": ""6"", ""7.0"": ""7"", ""8.0"": ""8"", ""9.0"": ""9"", ""10.0"": ""Do all it can to protect its independence from the European Union 10""}",[],[]
p03_7,EU integration: SNP,scale,F8.2,"{""-999.0"": ""Not stated"", ""-1.0"": ""Don't know"", ""0.0"": ""Do all it can to unite fully with the European Union 0"", ""1.0"": ""1"", ""2.0"": ""2"", ""3.0"": ""3"", ""4.0"": ""4"", ""5.0"": ""5"", ""6.0"": ""6"", ""7.0"": ""7"", ""8.0"": ""8"", ""9.0"": ""9"", ""10.0"": ""Do all it can to protect its independence from the European Union 10""}",[],[]
p03_8,EU integration: Plaid Cymru,scale,F8.2,"{""-999.0"": ""Not stated"", ""-1.0"": ""Don't know"", ""0.0"": ""Do all it can to unite fully with the European Union 0"", ""1.0"": ""1"", ""2.0"": ""2"", ""3.0"": ""3"", ""4.0"": ""4"", ""5.0"": ""5"", ""6.0"": ""6"", ""7.0"": ""7"", ""8.0"": ""8"", ""9.0"": ""9"", ""10.0"": ""Do all it can to protect its independence from the European Union 10""}",[],[]
q01_1,Keeps promises: Labour,scale,F8.2,"{""-999.0"": ""Not stated"", ""-1.0"": ""Don't know"", ""1.0"": ""Keeps its promises"", ""2.0"": ""Breaks its promises"", ""3.0"": ""Neither or both""}",[],[]
q01_2,Keeps promises: Conservative,scale,F8.2,"{""-999.0"": ""Not stated"", ""-1.0"": ""Don't know"", ""1.0"": ""Keeps its promises"", ""2.0"": ""Breaks its promises"", ""3.0"": ""Neither or both""}",[],[]
q01_3,Keeps promises: Liberal Democrats,scale,F8.2,"{""-999.0"": ""Not stated"", ""-1.0"": ""Don't know"", ""1.0"": ""Keeps its promises"", ""2.0"": ""Breaks its promises"", ""3.0"": ""Neither or both""}",[],[]
q01_4,Keeps promises: SNP,scale,F8.2,"{""-999.0"": ""Not stated"", ""-1.0"": ""Don't know"", ""1.0"": ""Keeps its promises"", ""2.0"": ""Breaks its promises"", ""3.0"": ""Neither or both""}",[],[]
q01_5,Keeps promises: Plaid Cymru,scale,F8.2,"{""-999.0"": ""Not stated"", ""-1.0"": ""Don't know"", ""1.0"": ""Keeps its promises"", ""2.0"": ""Breaks its promises"", ""3.0"": ""Neither or both""}",[],[]
q02_1,Capable strong govt: Conservative,scale,F8.2,"{""-999.0"": ""Not stated"", ""-1.0"": ""Don't know"", ""1.0"": ""Capable of being a strong government"", ""2.0"": ""Not capable of being a strong government"", ""3.0"": ""Neither or both""}",[],[]
q02_2,Capable strong govt: Labour,scale,F8.2,"{""-999.0"": ""Not stated"", ""-1.0"": ""Don't know"", ""1.0"": ""Capable of being a strong government"", ""2.0"": ""Not capable of being a strong government"", ""3.0"": ""Neither or both""}",[],[]
q03_1,United/divided: Conservative Party,scale,F8.2,"{""-999.0"": ""Not stated"", ""-1.0"": ""Don't know"", ""1.0"": ""United"", ""2.0"": ""Divided?"", ""3.0"": ""Neither or both""}",[],[]
q03_2,United/divided: Labour Party,scale,F8.2,"{""-999.0"": ""Not stated"", ""-1.0"": ""Don't know"", ""1.0"": ""United"", ""2.0"": ""Divided?"", ""3.0"": ""Neither or both""}",[],[]
q04,Trust Govt (of any party) to prioritise nation above party interests?,scale,F8.2,"{""-999.0"": ""Not stated"", ""-1.0"": ""Don't know"", ""1.0"": ""Just about always"", ""2.0"": ""Most of the time"", ""3.0"": ""Only some of the time"", ""4.0"": ""Almost never""}",[],[]
s01_1,Like/dislike scale: Conservatives,scale,F8.2,"{""-999.0"": ""Not stated"", ""-1.0"": ""Don't know"", ""0.0"": ""Strongly dislike 0"", ""1.0"": ""1"", ""2.0"": ""2"", ""3.0"": ""3"", ""4.0"": ""4"", ""5.0"": ""5"", ""6.0"": ""6"", ""7.0"": ""7"", ""8.0"": ""8"", ""9.0"": ""9"", ""10.0"": ""Strongly like 10""}",[],[]
s01_2,Like/dislike scale: Labour,scale,F8.2,"{""-999.0"": ""Not stated"", ""-1.0"": ""Don't know"", ""0.0"": ""Strongly dislike 0"", ""1.0"": ""1"", ""2.0"": ""2"", ""3.0"": ""3"", ""4.0"": ""4"", ""5.0"": ""5"", ""6.0"": ""6"", ""7.0"": ""7"", ""8.0"": ""8"", ""9.0"": ""9"", ""10.0"": ""Strongly like 10""}",[],[]
s01_3,Like/dislike scale: Liberal Democrats,scale,F8.2,"{""-999.0"": ""Not stated"", ""-1.0"": ""Don't know"", ""0.0"": ""Strongly dislike 0"", ""1.0"": ""1"", ""2.0"": ""2"", ""3.0"": ""3"", ""4.0"": ""4"", ""5.0"": ""5"", ""6.0"": ""6"", ""7.0"": ""7"", ""8.0"": ""8"", ""9.0"": ""9"", ""10.0"": ""Strongly like 10""}",[],[]
s01_4,Like/dislike scale: Reform UK,scale,F8.2,"{""-999.0"": ""Not stated"", ""-1.0"": ""Don't know"", ""0.0"": ""Strongly dislike 0"", ""1.0"": ""1"", ""2.0"": ""2"", ""3.0"": ""3"", ""4.0"": ""4"", ""5.0"": ""5"", ""6.0"": ""6"", ""7.0"": ""7"", ""8.0"": ""8"", ""9.0"": ""9"", ""10.0"": ""Strongly like 10""}",[],[]
s01_5,Like/dislike scale: Greens,scale,F8.2,"{""-999.0"": ""Not stated"", ""-1.0"": ""Don't know"", ""0.0"": ""Strongly dislike 0"", ""1.0"": ""1"", ""2.0"": ""2"", ""3.0"": ""3"", ""4.0"": ""4"", ""5.0"": ""5"", ""6.0"": ""6"", ""7.0"": ""7"", ""8.0"": ""8"", ""9.0"": ""9"", ""10.0"": ""Strongly like 10""}",[],[]
s01_6,Like/dislike scale: SNP,scale,F8.2,"{""-999.0"": ""Not stated"", ""-1.0"": ""Don't know"", ""0.0"": ""Strongly dislike 0"", ""1.0"": ""1"", ""2.0"": ""2"", ""3.0"": ""3"", ""4.0"": ""4"", ""5.0"": ""5"", ""6.0"": ""6"", ""7.0"": ""7"", ""8.0"": ""8"", ""9.0"": ""9"", ""10.0"": ""Strongly like 10""}",[],[]
s01_7,Like/dislike scale: Plaid Cymru,scale,F8.2,"{""-999.0"": ""Not stated"", ""-1.0"": ""Don't know"", ""0.0"": ""Strongly dislike 0"", ""1.0"": ""1"", ""2.0"": ""2"", ""3.0"": ""3"", ""4.0"": ""4"", ""5.0"": ""5"", ""6.0"": ""6"", ""7.0"": ""7"", ""8.0"": ""8"", ""9.0"": ""9"", ""10.0"": ""Strongly like 10""}",[],[]
q11,Difference between Conservative and Labour,scale,F8.2,"{""-999.0"": ""Not stated"", ""-1.0"": ""Don't know"", ""1.0"": ""There is a great difference between them"", ""2.0"": ""Some difference"", ""3.0"": ""Not much difference?""}",[],[]
q12,Lib Dems closer to Conservative or Labour?,scale,F8.2,"{""-999.0"": ""Not stated"", ""-1.0"": ""Don't know"", ""1.0"": ""Closer to the Conservatives"", ""2.0"": ""Closer to Labour"", ""3.0"": ""No difference/Equal""}",[],[]
t01_1,Govt spend less on defence?,scale,F8.2,"{""-999.0"": ""Not stated"", ""-1.0"": ""Don't know"", ""1.0"": ""Definitely should"", ""2.0"": ""Probably should"", ""3.0"": ""Doesn't matter either way"", ""4.0"": ""Probably should not"", ""5.0"": ""Definitely should not""}",[],[]
t01_2,Govt spend less on foreign aid?,scale,F8.2,"{""-999.0"": ""Not stated"", ""-1.0"": ""Don't know"", ""1.0"": ""Definitely should"", ""2.0"": ""Probably should"", ""3.0"": ""Doesn't matter either way"", ""4.0"": ""Probably should not"", ""5.0"": ""Definitely should not""}",[],[]
u01,Days R discusses politics,scale,F8.2,"{""-999.0"": ""Not stated"", ""-1.0"": ""Don't know"", ""0.0"": ""No days"", ""1.0"": ""One day"", ""2.0"": ""Two days"", ""3.0"": ""Three days"", ""4.0"": ""Four days"", ""5.0"": ""Five days"", ""6.0"": ""Six days"", ""7.0"": ""Seven days""}",[],[]
u03,Political party member,scale,F8.2,"{""-999.0"": ""Not stated"", ""-1.0"": ""Don't know"", ""1.0"": ""Yes I am a member of a party"", ""2.0"": ""I am not a member now but used to be"", ""3.0"": ""No, I have never been a member""}",[],[]
p04_01,"Contacted a politician, government or local government official?",scale,F8.2,"{""0.0"": ""No"", ""1.0"": ""Yes""}",[],[]
p04_02,Signed a petition on the internet?,scale,F8.2,"{""0.0"": ""No"", ""1.0"": ""Yes""}",[],[]
p04_03,Signed a petition not on the internet?,scale,F8.2,"{""0.0"": ""No"", ""1.0"": ""Yes""}",[],[]
p04_04,Done any work on behalf of a political party or action group?,scale,F8.2,"{""0.0"": ""No"", ""1.0"": ""Yes""}",[],[]
p04_05,"Given any money to a political party, organisation or cause?",scale,F8.2,"{""0.0"": ""No"", ""1.0"": ""Yes""}",[],[]
p04_06,Taken part in a public demonstration?,scale,F8.2,"{""0.0"": ""No"", ""1.0"": ""Yes""}",[],[]
p04_07,Bought - or refused to buy - any products for political or ethnical reasons?,scale,F8.2,"{""0.0"": ""No"", ""1.0"": ""Yes""}",[],[]
p04_08,Gone on strike or taken industrial action?,scale,F8.2,"{""0.0"": ""No"", ""1.0"": ""Yes""}",[],[]
p04_09,Political participation: None of these?,scale,F8.2,"{""0.0"": ""No"", ""1.0"": ""Yes""}",[],[]
p04_10,Political participation: Don't know,scale,F8.2,"{""0.0"": ""No"", ""1.0"": ""Yes""}",[],[]
u05,2019 vote,scale,F8.2,"{""-999.0"": ""Not stated"", ""-2.0"": ""Refused"", ""-1.0"": ""Don't know"", ""1.0"": ""Did not vote"", ""2.0"": ""Labour"", ""3.0"": ""Conservative"", ""4.0"": ""Liberal Democrat"", ""5.0"": ""Scottish National Party"", ""6.0"": ""Plaid Cymru"", ""7.0"": ""Green Party"", ""8.0"": ""United Kingdom Independence Party (UKIP)"", ""9.0"": ""Brexit Party"", ""10.0"": ""Other"", ""11.0"": ""Not eligible/too young to vote""}",[],[]
v01,Change voting system (fairer for small parties) or keep it (effective Govt),scale,F8.2,"{""-999.0"": ""Not stated"", ""-1.0"": ""Don't know"", ""1.0"": ""We should change the voting system"", ""2.0"": ""Keep it as it is""}",[],[]
v04,Moreno scale: English,scale,F8.2,"{""-999.0"": ""Not stated"", ""-1.0"": ""Don't know"", ""1.0"": ""English not British"", ""2.0"": ""More English than British"", ""3.0"": ""Equally English and British"", ""4.0"": ""More British than English"", ""5.0"": ""British not English"", ""6.0"": ""None of these"", ""7.0"": ""Other""}",[],[]
v05,Moreno scale: Scottish,scale,F8.2,"{""-999.0"": ""Not stated"", ""-1.0"": ""Don't know"", ""1.0"": ""Scottish not British"", ""2.0"": ""More Scottish than British"", ""3.0"": ""Equally Scottish and British"", ""4.0"": ""More British than Scottish"", ""5.0"": ""British not Scottish"", ""6.0"": ""None of these"", ""7.0"": ""Other""}",[],[]
v06,Moreno scale: Welsh,scale,F8.2,"{""-999.0"": ""Not stated"", ""-1.0"": ""Don't know"", ""1.0"": ""Welsh not British"", ""2.0"": ""More Welsh than British"", ""3.0"": ""Equally Welsh and British"", ""4.0"": ""More British than Welsh"", ""5.0"": ""British not Welsh"", ""6.0"": ""None of these"", ""7.0"": ""Other""}",[],[]
w01,Subjective class,scale,F8.2,"{""-999.0"": ""Not stated"", ""-1.0"": ""Don't know"", ""1.0"": ""Yes, middle class"", ""2.0"": ""Yes, working class"", ""3.0"": ""Yes, other"", ""4.0"": ""No""}",[],[]
w02,Subjective class squeeze,scale,F8.2,"{""-999.0"": ""Not stated"", ""-1.0"": ""Don't know"", ""1.0"": ""Middle class"", ""2.0"": ""Working class"", ""3.0"": ""Upper class""}",[],[]
w03,Subjective class of family growing up?,scale,F8.2,"{""-999.0"": ""Not stated"", ""-1.0"": ""Don't know"", ""1.0"": ""Middle class"", ""2.0"": ""Working class"", ""3.0"": ""Upper class""}",[],[]
w08,When you were growing up who did your mother vote for?,scale,F8.2,"{""-999.0"": ""Not stated"", ""-1.0"": ""Don't know"", ""1.0"": ""Labour"", ""2.0"": ""Conservatives"", ""3.0"": ""Liberal Democrats/Liberals/SDP/Alliance"", ""4.0"": ""Scottish National Party (SNP)"", ""5.0"": ""Plaid Cymru"", ""6.0"": ""Green Party"", ""7.0"": ""United Kingdom Independence Party (UKIP)"", ""8.0"": ""British National Party (BNP)"", ""9.0"": ""Other"", ""10.0"": ""Had no usual party"", ""11.0"": ""Did not vote"", ""12.0"": ""No mother/Mother not eligible to vote in UK"", ""13.0"": ""Brexit Party""}",[],[]
w09,When you were growing up who did your father vote for?,scale,F8.2,"{""-999.0"": ""Not stated"", ""-1.0"": ""Don't know"", ""1.0"": ""Labour"", ""2.0"": ""Conservatives"", ""3.0"": ""Liberal Democrats/Liberals/SDP/Alliance"", ""4.0"": ""Scottish National Party (SNP)"", ""5.0"": ""Plaid Cymru"", ""6.0"": ""Green Party"", ""7.0"": ""United Kingdom Independence Party (UKIP)"", ""8.0"": ""British National Party (BNP)"", ""9.0"": ""Other"", ""10.0"": ""Had no usual party"", ""11.0"": ""Did not vote"", ""12.0"": ""No father/Father not eligible to vote in UK"", ""13.0"": ""Brexit Party""}",[],[]
w11,Trade unions have too much power?,scale,F8.2,"{""-999.0"": ""Not stated"", ""-1.0"": ""Don't know"", ""1.0"": ""Have too much power"", ""2.0"": ""Don't have too much power""}",[],[]
w12,Big business has too much power?,scale,F8.2,"{""-999.0"": ""Not stated"", ""-1.0"": ""Don't know"", ""1.0"": ""Have too much power"", ""2.0"": ""Don't have too much power""}",[],[]
w13_1,Working/middle class: Conservative,scale,F8.2,"{""-999.0"": ""Not stated"", ""-1.0"": ""Don't know"", ""1.0"": ""Very middle class"", ""2.0"": ""Fairly middle class"", ""3.0"": ""Slightly middle class"", ""4.0"": ""Neither middle class nor working class"", ""5.0"": ""Slightly working class"", ""6.0"": ""Fairly working class"", ""7.0"": ""Very working class""}",[],[]
w13_2,Working/middle class: Labour,scale,F8.2,"{""-999.0"": ""Not stated"", ""-1.0"": ""Don't know"", ""1.0"": ""Very middle class"", ""2.0"": ""Fairly middle class"", ""3.0"": ""Slightly middle class"", ""4.0"": ""Neither middle class nor working class"", ""5.0"": ""Slightly working class"", ""6.0"": ""Fairly working class"", ""7.0"": ""Very working class""}",[],[]
w15_1,"If welfare wasn't so generous, people would learn to stand on their own two feet",scale,F8.2,"{""-999.0"": ""Not stated"", ""-1.0"": ""Don't know"", ""1.0"": ""Strongly disagree"", ""2.0"": ""Disagree"", ""3.0"": ""Neither agree nor disagree"", ""4.0"": ""Agree"", ""5.0"": ""Strongly agree""}",[],[]
x01_1,Knowledge: Polling stations close at 10.00pm on election day,scale,F8.2,"{""-999.0"": ""Not stated"", ""-1.0"": ""Don't know"", ""1.0"": ""True"", ""2.0"": ""False""}",[],[]
x01_2,Knowledge: No-one may stand for parliament unless they pay a deposit?,scale,F8.2,"{""-999.0"": ""Not stated"", ""-1.0"": ""Don't know"", ""1.0"": ""True"", ""2.0"": ""False""}",[],[]
x01_3,Knowledge: Only taxpayers are allowed to vote in a general election,scale,F8.2,"{""-999.0"": ""Not stated"", ""-1.0"": ""Don't know"", ""1.0"": ""True"", ""2.0"": ""False""}",[],[]
x01_4,Knowledge: the UK uses proportional representation for general elections,scale,F8.2,"{""-999.0"": ""Not stated"", ""-1.0"": ""Don't know"", ""1.0"": ""True"", ""2.0"": ""False""}",[],[]
x01_5,Knowledge: MPs from different parties are on parliamentary committees?,scale,F8.2,"{""-999.0"": ""Not stated"", ""-1.0"": ""Don't know"", ""1.0"": ""True"", ""2.0"": ""False""}",[],[]
x01_6,Knowledge: The number of members of parliament is about 100?,scale,F8.2,"{""-999.0"": ""Not stated"", ""-1.0"": ""Don't know"", ""1.0"": ""True"", ""2.0"": ""False""}",[],[]
z01,"At the election, did you hold any forms of photo ID?",scale,F8.2,"{""-999.0"": ""Not stated"", ""-1.0"": ""Don't know"", ""1.0"": ""Yes"", ""2.0"": ""No""}",[],[]
y01,"Thinking about the total income of your household from all sources before tax - including benefits, savings and so on, which of the following do you know best?",scale,F8.2,"{""-999.0"": ""Not stated"", ""-2.0"": ""Refused"", ""-1.0"": ""Don't know"", ""1.0"": ""Under £2,600"", ""2.0"": ""£2,600 - £5,199"", ""3.0"": ""£5,200 - £10,399"", ""4.0"": ""£10,400 - £15,599"", ""5.0"": ""£15,600 - £20,799"", ""6.0"": ""£20,800 - £25,999"", ""7.0"": ""£26,000 - £31,199"", ""8.0"": ""£31,200 - £36,399"", ""9.0"": ""£36,400 - £41,599"", ""10.0"": ""£41,600 - £46,799"", ""11.0"": ""£46,800 - £51,999"", ""12.0"": ""£52,000 - £74,999"", ""13.0"": ""£75,000 - £99,999"", ""14.0"": ""£100,000 - £149,999"", ""15.0"": ""£150,000 or more""}",[],[]
y02,Main source of income,scale,F8.2,"{""-999.0"": ""Not stated"", ""1.0"": ""Earnings from employment (own or spouse / partner's)"", ""2.0"": ""Occupational pension(s) - from previous employer(s)"", ""3.0"": ""Private pension(s)"", ""4.0"": ""State retirement or bereavement allowance/widow's pension(s)"", ""5.0"": ""Jobseeker's Allowance/ Unemployment benefit"", ""6.0"": ""Pension Credit/ Minimum Income Guarantee/ Income Support for pensioners"", ""7.0"": ""Invalidity, sickness or disabled pension or benefit"", ""8.0"": ""Other state benefit or tax credit"", ""9.0"": ""Interest from savings or investments"", ""10.0"": ""Student grant, bursary or loans"", ""11.0"": ""Dependent on parents/other relatives"", ""12.0"": ""Other main source""}",[],[]
y03,Which of these best describes where you live?,scale,F8.2,"{""-999.0"": ""Not stated"", ""-1.0"": ""Don't know"", ""1.0"": ""Own home outright"", ""2.0"": ""Own home on mortgage"", ""3.0"": ""Rented from local authority"", ""4.0"": ""Rented from private landlord"", ""5.0"": ""It belongs to a Housing Association"", ""6.0"": ""Other""}",[],[]
y04_01,Dependents: Pre-school children,scale,F8.2,"{""-999.0"": ""Not stated"", ""0.0"": ""No"", ""1.0"": ""Yes""}",[],[]
y04_02,Dependents: School children,scale,F8.2,"{""-999.0"": ""Not stated"", ""0.0"": ""No"", ""1.0"": ""Yes""}",[],[]
y04_03,"Dependents: Sick, disabled or elderly",scale,F8.2,"{""-999.0"": ""Not stated"", ""0.0"": ""No"", ""1.0"": ""Yes""}",[],[]
y04_04,Dependents: None of the above,scale,F8.2,"{""-999.0"": ""Not stated"", ""0.0"": ""No"", ""1.0"": ""Yes""}",[],[]
y04_05,Dependents: Don't know,scale,F8.2,"{""-999.0"": ""Not stated"", ""0.0"": ""No"", ""1.0"": ""Yes""}",[],[]
y05,Did you ever go to a private fee-paying school in the UK?,scale,F8.2,"{""-999.0"": ""Not stated"", ""1.0"": ""Yes - primary level"", ""2.0"": ""Yes - secondary level"", ""3.0"": ""Yes - both"", ""4.0"": ""No - neither""}",[],[]
y06,Do you regard yourself as belonging to any particular religion?,scale,F8.2,"{""-999.0"": ""Not stated"", ""-2.0"": ""Refusal"", ""0.0"": ""No religion"", ""1.0"": ""Christian - no denomination"", ""2.0"": ""Roman Catholic"", ""3.0"": ""Church of England/ Anglican/Episcopal"", ""4.0"": ""Presbyterian/Church of Scotland"", ""5.0"": ""Methodist"", ""6.0"": ""Baptist"", ""7.0"": ""United Reform Church (URC)/Congregational"", ""8.0"": ""Free Presbyterian"", ""9.0"": ""Brethren"", ""10.0"": ""Other Protestant"", ""11.0"": ""Other Christian"", ""12.0"": ""Jewish"", ""13.0"": ""Hindu"", ""14.0"": ""Islam/Muslim"", ""15.0"": ""Sikh"", ""16.0"": ""Buddhist"", ""17.0"": ""Other non-Christian""}",[],[]
y07,Religious attendance,scale,F8.2,"{""-999.0"": ""Not stated"", ""1.0"": ""Once a week or more"", ""2.0"": ""Less often but at least once in two weeks"", ""3.0"": ""Less often but at least once a month"", ""4.0"": ""Less often but at least twice a year"", ""5.0"": ""Less often but at least once a year"", ""6.0"": ""Less often"", ""7.0"": ""Varies too much to say"", ""8.0"": ""Never or practically never""}",[],[]
y08,Trade union/staff association member,scale,F8.2,"{""-999.0"": ""Not stated"", ""-2.0"": ""Prefer not to say"", ""-1.0"": ""Don't know"", ""1.0"": ""Yes: trade union"", ""2.0"": ""Yes: staff association"", ""3.0"": ""No""}",[],[]
y09,Gender,scale,F8.2,"{""-999.0"": ""Not stated"", ""1.0"": ""Male"", ""2.0"": ""Female"", ""3.0"": ""In another way"", ""4.0"": ""Prefer not to say""}",[],[]
Age,Age at last birthday,scale,F8.2,"{""-2.0"": ""Refused""}",[],[]
y10_banded,Age at last birthday (banded),scale,F8.2,"{""-999.0"": ""Not Stated"", ""-2.0"": ""Refusal"", ""1.0"": ""18-24"", ""2.0"": ""25-34"", ""3.0"": ""35-44"", ""4.0"": ""45-54"", ""5.0"": ""55-64"", ""6.0"": ""65-74"", ""7.0"": ""75-84"", ""8.0"": ""85+""}",[],[]
y11,Ethnic group or background,scale,F8.2,"{""-999.0"": ""Not stated"", ""-2.0"": ""Prefer not to say"", ""1.0"": ""English/Welsh/Scottish/Northern Irish/British"", ""2.0"": ""Irish"", ""3.0"": ""Gypsy or Irish Traveller"", ""4.0"": ""Any other White background"", ""5.0"": ""White and Black Caribbean"", ""6.0"": ""White and Black African"", ""7.0"": ""White and Asian"", ""8.0"": ""Any other Mixed/Multiple ethnic background"", ""9.0"": ""Indian"", ""10.0"": ""Pakistani"", ""11.0"": ""Bangladeshi"", ""12.0"": ""Chinese"", ""13.0"": ""Any other Asian background"", ""14.0"": ""African"", ""15.0"": ""Caribbean"", ""16.0"": ""Any other Black/African/Caribbean background"", ""17.0"": ""Arab"", ""18.0"": ""Any other ethnic group""}",[],[]
y12,Do you have any physical/mental health conditions lasting 12 months?,scale,F8.2,"{""-999.0"": ""Not stated"", ""-2.0"": ""Prefer not to say"", ""1.0"": ""Yes"", ""2.0"": ""No""}",[],[]
y12x,Impact of physical/mental health conditions on daily activities?,scale,F8.2,"{""-2.0"": ""Prefer not to say"", ""1.0"": ""Yes, a lot"", ""2.0"": ""Yes, a little"", ""3.0"": ""Not at all""}",[],[]
y12a,Do you have any educational or work-related qualifications?,scale,F8.2,"{""-999.0"": ""Not stated"", ""1.0"": ""Yes"", ""2.0"": ""No""}",[],[]
education,What is the highest qualification you have?,scale,F8.2,"{""-999.0"": ""Not stated"", ""-2.0"": ""Prefer not to say"", ""0.0"": ""No qualification"", ""1.0"": ""Postgraduate degree (MA, PhD)"", ""2.0"": ""First/undergraduate degree (e.g. BA, BSc)"", ""3.0"": ""University/Polytechnic diploma"", ""4.0"": ""Teaching qualification"", ""5.0"": ""Nursing qualification"", ""6.0"": ""HNC/HND, City&Guilds level 4, NVQ/SVQ 4/5"", ""7.0"": ""A level or equivalent"", ""8.0"": ""Scottish Higher or equivalent"", ""9.0"": ""ONC/OND, City&Guilds level 3, NVQ/SVQ 3"", ""10.0"": ""GCSE A*-C or 9-4, CSE grade 1, O level grade A-C"", ""11.0"": ""Scottish Standard grades, Ordinary bands"", ""12.0"": ""GCSE D-G or 3-1, CSE grades 2-5, O level D-E"", ""13.0"": ""City&Guilds level 2, NVQ/SVQ 2 and equiv"", ""14.0"": ""City&Guilds level 1, NVQ/SVQ 1 and equiv"", ""15.0"": ""Clerical and commercial qualifications"", ""16.0"": ""Recognised trade apprenticeship"", ""17.0"": ""Youth training certificate, skill seekers"", ""18.0"": ""Other technical, professional or higher qualification (WRITE IN)"", ""19.0"": ""None of these""}",[],[]
y17,Working status,scale,F8.2,"{""-999.0"": ""Not stated"", ""1.0"": ""Working full time - employee (30+ hours)"", ""2.0"": ""Working full time - self-employed (30+ hours)"", ""3.0"": ""Working part time - employee (8-29 hours)"", ""4.0"": ""Working part time - self-employed (8-29 hours)"", ""5.0"": ""Unemployed and actively seeking work"", ""6.0"": ""On a government sponsored training scheme"", ""7.0"": ""A full time student or pupil"", ""8.0"": ""Looking after the family or home"", ""9.0"": ""Not working because temporarily sick or injured"", ""10.0"": ""Not working because long-term sick or disabled"", ""11.0"": ""Retired from paid work"", ""12.0"": ""None of these""}",[],[]
y17a,Have you been unemployed for less than 1 year or longer than that?,scale,F8.2,"{""-999.0"": ""Not stated"", ""1.0"": ""Less than 1 year"", ""2.0"": ""1 or more years""}",[],[]
y18,Have you ever had a paid job? (Excluding from casual/holiday work),scale,F8.2,"{""-999.0"": ""Not stated"", ""1.0"": ""Yes"", ""2.0"": ""No""}",[],[]
y18a,Were you an employee or self employed?,scale,F8.2,"{""-999.0"": ""Not stated"", ""1.0"": ""Employee"", ""2.0"": ""Self employed""}",[],[]
y22,Do you supervise or are you responsible for the work of other people?,scale,F8.2,"{""-999.0"": ""Not stated"", ""1.0"": ""Yes"", ""2.0"": ""No""}",[],[]
y23,How many people work[ed] for your employer at the place where you work[ed]?,scale,F8.2,"{""-999.0"": ""Not stated"", ""1.0"": ""1 to 24"", ""2.0"": ""25 to 499"", ""3.0"": ""500 or more employees""}",[],[]
y24,Do/did you work on your own or do/did you have employees?,scale,F8.2,"{""-999.0"": ""Not stated"", ""1.0"": ""On own/with partner(s) but no employees"", ""2.0"": ""With employees""}",[],[]
y25,How many people do/did you employ at the place where you work[ed]?,scale,F8.2,"{""-999.0"": ""Not stated"", ""1.0"": ""1 to 9"", ""2.0"": ""10 to 24"", ""3.0"": ""25 to 499 or"", ""4.0"": ""500 or more employees?""}",[],[]
y25a,Which of these types of organisation do/will/did you work[ed] for?,scale,F8.2,"{""-999.0"": ""Not stated"", ""-2.0"": ""Refusal"", ""-1.0"": ""Don't know"", ""1.0"": ""Private sector firm or company including, for example, limited companies and plcs"", ""2.0"": ""Nationalised industry or public corporation including, for example, the post office and the bbc"", ""3.0"": ""Other public sector employer including eg: - central government/civil service/government agency - local authority/loc"", ""4.0"": ""Charity/voluntary sector including, for example, charitable companies, churches, trade unions"", ""6.0"": ""Other""}",[],[]
y26,Marital status,scale,F8.2,"{""-999.0"": ""Not stated"", ""1.0"": ""Married"", ""2.0"": ""Living with partner"", ""3.0"": ""Single"", ""4.0"": ""Widowed"", ""5.0"": ""Separated"", ""6.0"": ""Divorced""}",[],[]
y27,Which of the following best describes your sexuality?,scale,F8.2,"{""-999.0"": ""Not stated"", ""1.0"": ""Heterosexual or Straight"", ""2.0"": ""Gay or Lesbian"", ""3.0"": ""Bisexual"", ""4.0"": ""Other"", ""5.0"": ""Prefer not to say""}",[],[]
y45,Is your name on the electoral register?,scale,F8.2,"{""-999.0"": ""Not stated"", ""-1.0"": ""Don't know"", ""1.0"": ""Yes, at this address"", ""2.0"": ""Yes, at another address"", ""3.0"": ""No, I am not registered"", ""4.0"": ""Yes, at this address and another address""}",[],[]
y45a,Did you vote at this address or the other address you are registered at?,scale,F8.2,"{""-999.0"": ""Not stated"", ""-2.0"": ""Refused"", ""-1.0"": ""Don't know/can't remember"", ""1.0"": ""This address"", ""2.0"": ""The other address""}",[],[]
y46a,Willing to add administrative data from the electoral register to answers?,scale,F8.2,"{""-999.0"": ""Not stated"", ""1.0"": ""Yes"", ""2.0"": ""No""}",[],[]
y47,Completed self-completion survey?,scale,F8.2,"{""-999.0"": ""Not stated"", ""1.0"": ""Yes - via the online survey"", ""2.0"": ""Yes - via paper questionnaire"", ""3.0"": ""No - do not want to take part"", ""4.0"": ""Do not have an email address""}",[],[]
y48_1,Who else was present during interview?: No-one else present,scale,F8.2,"{""0.0"": ""No"", ""1.0"": ""Yes""}",[],[]
y48_2,Who else was present during interview?: Respondent's partner/husband/wife,scale,F8.2,"{""0.0"": ""No"", ""1.0"": ""Yes""}",[],[]
y48_3,Who else was present during interview?: Respondent's son/daughter,scale,F8.2,"{""0.0"": ""No"", ""1.0"": ""Yes""}",[],[]
y48_4,Who else was present during interview?: Other adult living in household,scale,F8.2,"{""0.0"": ""No"", ""1.0"": ""Yes""}",[],[]
y48_5,Who else was present during interview?: Other young person living in household,scale,F8.2,"{""0.0"": ""No"", ""1.0"": ""Yes""}",[],[]
y48_6,Who else was present during interview?: Other adult/young person not living in household,scale,F8.2,"{""0.0"": ""No"", ""1.0"": ""Yes""}",[],[]
q1_cses_1,How often in campaign: Watch news on public TV broadcaster (BBC/C4)?,scale,F8.2,"{""-999.0"": ""Not stated"", ""-1.0"": ""Don't know"", ""0.0"": ""None / zero days"", ""1.0"": ""One day"", ""2.0"": ""Two days"", ""3.0"": ""Three days"", ""4.0"": ""Four days"", ""5.0"": ""Five days"", ""6.0"": ""Six days"", ""7.0"": ""Seven days""}",[],[]
q1_cses_2,How often in campaign: Watch news on private TV broadcaster (ITV/Sky)?,scale,F8.2,"{""-999.0"": ""Not stated"", ""-1.0"": ""Don't know"", ""0.0"": ""None / zero days"", ""1.0"": ""One day"", ""2.0"": ""Two days"", ""3.0"": ""Three days"", ""4.0"": ""Four days"", ""5.0"": ""Five days"", ""6.0"": ""Six days"", ""7.0"": ""Seven days""}",[],[]
q1_cses_3,How often in campaign: Listen to news on the radio?,scale,F8.2,"{""-999.0"": ""Not stated"", ""-1.0"": ""Don't know"", ""0.0"": ""None / zero days"", ""1.0"": ""One day"", ""2.0"": ""Two days"", ""3.0"": ""Three days"", ""4.0"": ""Four days"", ""5.0"": ""Five days"", ""6.0"": ""Six days"", ""7.0"": ""Seven days""}",[],[]
q1_cses_4,How often in campaign: Read newspapers online or in print?,scale,F8.2,"{""-999.0"": ""Not stated"", ""-1.0"": ""Don't know"", ""0.0"": ""None / zero days"", ""1.0"": ""One day"", ""2.0"": ""Two days"", ""3.0"": ""Three days"", ""4.0"": ""Four days"", ""5.0"": ""Five days"", ""6.0"": ""Six days"", ""7.0"": ""Seven days""}",[],[]
q1_cses_5,How often in campaign: Visit online news sites?,scale,F8.2,"{""-999.0"": ""Not stated"", ""-1.0"": ""Don't know"", ""0.0"": ""None / zero days"", ""1.0"": ""One day"", ""2.0"": ""Two days"", ""3.0"": ""Three days"", ""4.0"": ""Four days"", ""5.0"": ""Five days"", ""6.0"": ""Six days"", ""7.0"": ""Seven days""}",[],[]
q1_cses_6,How often in campaign: Use social media to follow party/candidate news?,scale,F8.2,"{""-999.0"": ""Not stated"", ""-1.0"": ""Don't know"", ""0.0"": ""None / zero days"", ""1.0"": ""One day"", ""2.0"": ""Two days"", ""3.0"": ""Three days"", ""4.0"": ""Four days"", ""5.0"": ""Five days"", ""6.0"": ""Six days"", ""7.0"": ""Seven days""}",[],[]
q2_cses,How often in a day do you use social media to follow party/candidate news?,scale,F8.2,"{""-999.0"": ""Not stated"", ""-1.0"": ""Don't know"", ""1.0"": ""Only about once per day"", ""2.0"": ""Several times per day"", ""3.0"": ""At least ten times per day""}",[],[]
q3_cses,I understand the most important political issues of this country,scale,F8.2,"{""-999.0"": ""Not stated"", ""-1.0"": ""Don't know"", ""1.0"": ""Strongly agree"", ""2.0"": ""Somewhat agree"", ""3.0"": ""Neither agree nor disagree"", ""4.0"": ""Somewhat disagree"", ""5.0"": ""Strongly disagree""}",[],[]
q4_cses_1,Democracy always preferable to other kinds of government,scale,F8.2,"{""-999.0"": ""Not stated"", ""-1.0"": ""Don't know"", ""1.0"": ""Strongly agree"", ""2.0"": ""Somewhat agree"", ""3.0"": ""Neither agree nor disagree"", ""4.0"": ""Somewhat disagree"", ""5.0"": ""Strongly disagree""}",[],[]
q4_cses_2,Courts should be able to stop govt acting beyond its authority,scale,F8.2,"{""-999.0"": ""Not stated"", ""-1.0"": ""Don't know"", ""1.0"": ""Strongly agree"", ""2.0"": ""Somewhat agree"", ""3.0"": ""Neither agree nor disagree"", ""4.0"": ""Somewhat disagree"", ""5.0"": ""Strongly disagree""}",[],[]
q4_cses_3,"Having a strong leader in govt is good, even if they bend rules",scale,F8.2,"{""-999.0"": ""Not stated"", ""-1.0"": ""Don't know"", ""1.0"": ""Strongly agree"", ""2.0"": ""Somewhat agree"", ""3.0"": ""Neither agree nor disagree"", ""4.0"": ""Somewhat disagree"", ""5.0"": ""Strongly disagree""}",[],[]
q4_cses_4,Policies to increase representation of women in politics have gone too far,scale,F8.2,"{""-999.0"": ""Not stated"", ""-1.0"": ""Don't know"", ""1.0"": ""Strongly agree"", ""2.0"": ""Somewhat agree"", ""3.0"": ""Neither agree nor disagree"", ""4.0"": ""Somewhat disagree"", ""5.0"": ""Strongly disagree""}",[],[]
q5_cses_1,Country better run if successful business leaders made important decisions,scale,F8.2,"{""-999.0"": ""Not stated"", ""-1.0"": ""Don't know"", ""1.0"": ""Strongly agree"", ""2.0"": ""Somewhat agree"", ""3.0"": ""Neither agree nor disagree"", ""4.0"": ""Somewhat disagree"", ""5.0"": ""Strongly disagree""}",[],[]
q5_cses_2,Country better run if independent experts made important decisions,scale,F8.2,"{""-999.0"": ""Not stated"", ""-1.0"": ""Don't know"", ""1.0"": ""Strongly agree"", ""2.0"": ""Somewhat agree"", ""3.0"": ""Neither agree nor disagree"", ""4.0"": ""Somewhat disagree"", ""5.0"": ""Strongly disagree""}",[],[]
q5_cses_3,Country better run if citizens in referendums made important decisions,scale,F8.2,"{""-999.0"": ""Not stated"", ""-1.0"": ""Don't know"", ""1.0"": ""Strongly agree"", ""2.0"": ""Somewhat agree"", ""3.0"": ""Neither agree nor disagree"", ""4.0"": ""Somewhat disagree"", ""5.0"": ""Strongly disagree""}",[],[]
q6_cses,How democratic is the United Kingdom?,scale,F8.2,"{""-999.0"": ""Not stated"", ""-1.0"": ""Don't know"", ""0.0"": ""Not at all democratic"", ""1.0"": ""1"", ""2.0"": ""2"", ""3.0"": ""3"", ""4.0"": ""4"", ""5.0"": ""5"", ""6.0"": ""6"", ""7.0"": ""7"", ""8.0"": ""8"", ""9.0"": ""9"", ""10.0"": ""Completely democratic""}",[],[]
q7_cses_1,Trust in Parliament?,scale,F8.2,"{""-999.0"": ""Not stated"", ""-1.0"": ""Don't know"", ""1.0"": ""Trust a lot"", ""2.0"": ""Trust somewhat"", ""3.0"": ""Do not trust very much"", ""4.0"": ""Do not trust at all""}",[],[]
q7_cses_2,Trust in the government?,scale,F8.2,"{""-999.0"": ""Not stated"", ""-1.0"": ""Don't know"", ""1.0"": ""Trust a lot"", ""2.0"": ""Trust somewhat"", ""3.0"": ""Do not trust very much"", ""4.0"": ""Do not trust at all""}",[],[]
q7_cses_3,Trust in the judiciary?,scale,F8.2,"{""-999.0"": ""Not stated"", ""-1.0"": ""Don't know"", ""1.0"": ""Trust a lot"", ""2.0"": ""Trust somewhat"", ""3.0"": ""Do not trust very much"", ""4.0"": ""Do not trust at all""}",[],[]
q7_cses_4,Trust in scientists?,scale,F8.2,"{""-999.0"": ""Not stated"", ""-1.0"": ""Don't know"", ""1.0"": ""Trust a lot"", ""2.0"": ""Trust somewhat"", ""3.0"": ""Do not trust very much"", ""4.0"": ""Do not trust at all""}",[],[]
q7_cses_5,Trust in the political parties?,scale,F8.2,"{""-999.0"": ""Not stated"", ""-1.0"": ""Don't know"", ""1.0"": ""Trust a lot"", ""2.0"": ""Trust somewhat"", ""3.0"": ""Do not trust very much"", ""4.0"": ""Do not trust at all""}",[],[]
q7_cses_6,"Trust in traditional news media: Newspapers, television, radio?",scale,F8.2,"{""-999.0"": ""Not stated"", ""-1.0"": ""Don't know"", ""1.0"": ""Trust a lot"", ""2.0"": ""Trust somewhat"", ""3.0"": ""Do not trust very much"", ""4.0"": ""Do not trust at all""}",[],[]
q7_cses_7,"Trust in social media: Facebook, Twitter/X, Whatsapp?",scale,F8.2,"{""-999.0"": ""Not stated"", ""-1.0"": ""Don't know"", ""1.0"": ""Trust a lot"", ""2.0"": ""Trust somewhat"", ""3.0"": ""Do not trust very much"", ""4.0"": ""Do not trust at all""}",[],[]
q8_cses,How good/bad a job did the last government do over past five years?,scale,F8.2,"{""-999.0"": ""Not stated"", ""-1.0"": ""Don't know"", ""1.0"": ""Very good job"", ""2.0"": ""Good job"", ""3.0"": ""Bad job"", ""4.0"": ""Very bad job""}",[],[]
q8b_cses,How good/bad a job did the last government do handling the COVID-19 pandemic?,scale,F8.2,"{""-999.0"": ""Not stated"", ""-1.0"": ""Don't know"", ""1.0"": ""Very good job"", ""2.0"": ""Good job"", ""3.0"": ""Bad job"", ""4.0"": ""Very bad job""}",[],[]
q10a_cses,Did you manage to vote in the general election? (CSES),scale,F8.2,"{""-999.0"": ""Not stated"", ""-2.0"": ""Prefer not to say"", ""-1.0"": ""Don't know"", ""1.0"": ""Yes, voted"", ""2.0"": ""No, did not vote""}",[],[]
q10LHa_cses,Did respondent cast ballot? (CSES),scale,F8.2,"{""-999.0"": ""Not stated"", ""-2.0"": ""Refused"", ""-1.0"": ""Don't know"", ""1.0"": ""Respondent cast a ballot"", ""2.0"": ""Respondent did not cast a ballot"", ""3.0"": ""Respondent not registered on electoral register""}",[],[]
q11a_cses,How satisfied are you with your vote in the last election?,scale,F8.2,"{""-999.0"": ""Not stated"", ""-1.0"": ""Don't know"", ""1.0"": ""Very satisfied"", ""2.0"": ""Fairly satisfied"", ""3.0"": ""Not very satisfied"", ""4.0"": ""Not at all satisfied""}",[],[]
q11c_cses,How satisfied are you with your decision not to vote in the last election?,scale,F8.2,"{""-999.0"": ""Not stated"", ""-1.0"": ""Don't know"", ""1.0"": ""Very satisfied"", ""2.0"": ""Fairly satisfied"", ""3.0"": ""Not very satisfied"", ""4.0"": ""Not at all satisfied""}",[],[]
q12_cses,How satisfied are you with the variety of choice at the last election?,scale,F8.2,"{""-999.0"": ""Not stated"", ""-1.0"": ""Don't know"", ""1.0"": ""Very satisfied"", ""2.0"": ""Fairly satisfied"", ""3.0"": ""Not very satisfied"", ""4.0"": ""Not at all satisfied""}",[],[]
q13_cses,How fairly was the last election conducted?,scale,F8.2,"{""-999.0"": ""Not stated"", ""-1.0"": ""Don't know"", ""1.0"": ""1 - Election was conducted fairly"", ""2.0"": ""2"", ""3.0"": ""3"", ""4.0"": ""4"", ""5.0"": ""5 – Election was conducted unfairly""}",[],[]
q15_cses,Does it make any difference who is in power?,scale,F8.2,"{""-999.0"": ""Not stated"", ""-1.0"": ""Don't know"", ""1.0"": ""1 - Who people vote for won't make any difference"", ""2.0"": ""2"", ""3.0"": ""3"", ""4.0"": ""4"", ""5.0"": ""5 – Who people vote for can make a big difference""}",[],[]
q18_cses_1,Left/right: Conservatives,scale,F8.2,"{""-999.0"": ""Not stated"", ""-1.0"": ""Don't know"", ""0.0"": ""0 – Left"", ""1.0"": ""1"", ""2.0"": ""2"", ""3.0"": ""3"", ""4.0"": ""4"", ""5.0"": ""5"", ""6.0"": ""6"", ""7.0"": ""7"", ""8.0"": ""8"", ""9.0"": ""9"", ""10.0"": ""10 – Right""}",[],[]
q18_cses_2,Left/right: Labour,scale,F8.2,"{""-999.0"": ""Not stated"", ""-1.0"": ""Don't know"", ""0.0"": ""0 – Left"", ""1.0"": ""1"", ""2.0"": ""2"", ""3.0"": ""3"", ""4.0"": ""4"", ""5.0"": ""5"", ""6.0"": ""6"", ""7.0"": ""7"", ""8.0"": ""8"", ""9.0"": ""9"", ""10.0"": ""10 – Right""}",[],[]
q18_cses_3,Left/right: Liberal Democrats,scale,F8.2,"{""-999.0"": ""Not stated"", ""-1.0"": ""Don't know"", ""0.0"": ""0 – Left"", ""1.0"": ""1"", ""2.0"": ""2"", ""3.0"": ""3"", ""4.0"": ""4"", ""5.0"": ""5"", ""6.0"": ""6"", ""7.0"": ""7"", ""8.0"": ""8"", ""9.0"": ""9"", ""10.0"": ""10 – Right""}",[],[]
q18_cses_4,Left/right: Scottish National Party (SNP),scale,F8.2,"{""-999.0"": ""Not stated"", ""-1.0"": ""Don't know"", ""0.0"": ""0 – Left"", ""1.0"": ""1"", ""2.0"": ""2"", ""3.0"": ""3"", ""4.0"": ""4"", ""5.0"": ""5"", ""6.0"": ""6"", ""7.0"": ""7"", ""8.0"": ""8"", ""9.0"": ""9"", ""10.0"": ""10 – Right""}",[],[]
q18_cses_5,Left/right: Plaid Cymru,scale,F8.2,"{""-999.0"": ""Not stated"", ""-1.0"": ""Don't know"", ""0.0"": ""0 – Left"", ""1.0"": ""1"", ""2.0"": ""2"", ""3.0"": ""3"", ""4.0"": ""4"", ""5.0"": ""5"", ""6.0"": ""6"", ""7.0"": ""7"", ""8.0"": ""8"", ""9.0"": ""9"", ""10.0"": ""10 – Right""}",[],[]
q18_cses_6,Left/right: Greens,scale,F8.2,"{""-999.0"": ""Not stated"", ""-1.0"": ""Don't know"", ""0.0"": ""0 – Left"", ""1.0"": ""1"", ""2.0"": ""2"", ""3.0"": ""3"", ""4.0"": ""4"", ""5.0"": ""5"", ""6.0"": ""6"", ""7.0"": ""7"", ""8.0"": ""8"", ""9.0"": ""9"", ""10.0"": ""10 – Right""}",[],[]
q18_cses_7,Left/right: Reform UK,scale,F8.2,"{""-999.0"": ""Not stated"", ""-1.0"": ""Don't know"", ""0.0"": ""0 – Left"", ""1.0"": ""1"", ""2.0"": ""2"", ""3.0"": ""3"", ""4.0"": ""4"", ""5.0"": ""5"", ""6.0"": ""6"", ""7.0"": ""7"", ""8.0"": ""8"", ""9.0"": ""9"", ""10.0"": ""10 – Right""}",[],[]
q23a_cses,Do you think of yourself as close to any particular party?,scale,F8.2,"{""-999.0"": ""Not stated"", ""-1.0"": ""Don't know"", ""1.0"": ""Yes"", ""2.0"": ""No""}",[],[]
q23b_cses,Do you feel a little closer to one of the parties than the others?,scale,F8.2,"{""-999.0"": ""Not stated"", ""-1.0"": ""Don't know"", ""1.0"": ""Yes"", ""2.0"": ""No""}",[],[]
q23c_cses,Which party do you feel closest to?,scale,F8.2,"{""-999.0"": ""Not stated"", ""-1.0"": ""Don't know"", ""1.0"": ""Labour"", ""2.0"": ""Conservatives"", ""3.0"": ""Liberal Democrats"", ""4.0"": ""Scottish National Party (SNP)"", ""5.0"": ""Plaid Cymru"", ""6.0"": ""Green Party"", ""7.0"": ""Reform UK"", ""8.0"": ""Other""}",[],[]
q23d_cses,How close do you feel to this party?,scale,F8.2,"{""-999.0"": ""Not stated"", ""-1.0"": ""Don't know"", ""1.0"": ""Very close"", ""2.0"": ""Somewhat close"", ""3.0"": ""Not very close""}",[],[]
q24_cses,Percentage of women in last parliament (35 percent) was too low/high?,scale,F8.2,"{""-999.0"": ""Not stated"", ""-1.0"": ""Don't know"", ""1.0"": ""Too high"", ""2.0"": ""Too low"", ""3.0"": ""About right""}",[],[]
q25a_cses,Male/female leaders better suited to lead in a public health crisis?,scale,F8.2,"{""-999.0"": ""Not stated"", ""-1.0"": ""Don't know"", ""1.0"": ""Always male political leaders"", ""2.0"": ""Usually male political leaders"", ""3.0"": ""Usually female political leaders"", ""4.0"": ""Always female political leaders"", ""5.0"": ""Both equally""}",[],[]
q25b_cses,Male/female leaders better suited to lead in an economic crisis?,scale,F8.2,"{""-999.0"": ""Not stated"", ""-1.0"": ""Don't know"", ""1.0"": ""Always male political leaders"", ""2.0"": ""Usually male political leaders"", ""3.0"": ""Usually female political leaders"", ""4.0"": ""Always female political leaders"", ""5.0"": ""Both equally""}",[],[]
q26a_cses,Are all groups treated fairly in the United Kingdom?,scale,F8.2,"{""-999.0"": ""Not stated"", ""-1.0"": ""Don't know"", ""1.0"": ""Very fairly"", ""2.0"": ""Quite fairly"", ""3.0"": ""Not very fairly"", ""4.0"": ""Not at all fairly""}",[],[]
q26b_cses,Does our political system guarantee adequate healthcare for all citizens?,scale,F8.2,"{""-999.0"": ""Not stated"", ""-1.0"": ""Don't know"", ""1.0"": ""Very well"", ""2.0"": ""Quite well"", ""3.0"": ""Not very well"", ""4.0"": ""Not well at all""}",[],[]
q27a_cses,COVID-19 pandemic's impact on how united society was?,scale,F8.2,"{""-999.0"": ""Not stated"", ""-1.0"": ""Don't know"", ""1.0"": ""Very positively"", ""2.0"": ""Fairly positively"", ""3.0"": ""Not at all"", ""4.0"": ""Fairly negatively"", ""5.0"": ""Very negatively""}",[],[]
q27b_cses,COVID-19 pandemic's impact on the functioning of democracy in the UK?,scale,F8.2,"{""-999.0"": ""Not stated"", ""-1.0"": ""Don't know"", ""1.0"": ""Very positively"", ""2.0"": ""Fairly positively"", ""3.0"": ""Not at all"", ""4.0"": ""Fairly negatively"", ""5.0"": ""Very negatively""}",[],[]
q27c_cses,COVID-19 pandemic's impact on your personal economic situation?,scale,F8.2,"{""-999.0"": ""Not stated"", ""-1.0"": ""Don't know"", ""1.0"": ""Very positively"", ""2.0"": ""Fairly positively"", ""3.0"": ""Not at all"", ""4.0"": ""Fairly negatively"", ""5.0"": ""Very negatively""}",[],[]
q27d_cses,Have you or anyone living with you been infected with COVID-19,scale,F8.2,"{""-999.0"": ""Not stated"", ""-2.0"": ""Prefer not to say"", ""-1.0"": ""Don't know"", ""1.0"": ""Yes"", ""2.0"": ""No""}",[],[]
q30_cses_1,"Statues should not be taken down, even if figure profited from slavery",scale,F8.2,"{""-999.0"": ""Not stated"", ""-1.0"": ""Don't know"", ""1.0"": ""Strongly agree"", ""2.0"": ""Agree"", ""3.0"": ""Neither agree nor disagree"", ""4.0"": ""Disagree"", ""5.0"": ""Strongly disagree""}",[],[]
q30_cses_2,Curriculums should include fewer white male and more female/non-white authors,scale,F8.2,"{""-999.0"": ""Not stated"", ""-1.0"": ""Don't know"", ""1.0"": ""Strongly agree"", ""2.0"": ""Agree"", ""3.0"": ""Neither agree nor disagree"", ""4.0"": ""Disagree"", ""5.0"": ""Strongly disagree""}",[],[]
q30_cses_3,Transgender women should be allowed to compete in female-sex sport,scale,F8.2,"{""-999.0"": ""Not stated"", ""-1.0"": ""Don't know"", ""1.0"": ""Strongly agree"", ""2.0"": ""Agree"", ""3.0"": ""Neither agree nor disagree"", ""4.0"": ""Disagree"", ""5.0"": ""Strongly disagree""}",[],[]
q30_cses_4,BBC children's TV shows should portray more families with same-sex parents,scale,F8.2,"{""-999.0"": ""Not stated"", ""-1.0"": ""Don't know"", ""1.0"": ""Strongly agree"", ""2.0"": ""Agree"", ""3.0"": ""Neither agree nor disagree"", ""4.0"": ""Disagree"", ""5.0"": ""Strongly disagree""}",[],[]
qD01_cses,Age (CSES),scale,F8.2,{},[],[]
qD02_cses,Gender,scale,F8.2,"{""-999.0"": ""Not stated"", ""-2.0"": ""Prefer not to say"", ""1.0"": ""Male"", ""2.0"": ""Female"", ""3.0"": ""In another way""}",[],[]
qD14_cses,Which country were you born in? (CSES),scale,F8.2,"{""-999.0"": ""Not stated"", ""-2.0"": ""Prefer not to say"", ""1.0"": ""England"", ""2.0"": ""Scotland"", ""3.0"": ""Wales"", ""4.0"": ""Northern Ireland"", ""5.0"": ""Other""}",[],[]
qD15_cses,Were either or both of your parents born outside of Britain?,scale,F8.2,"{""-999.0"": ""Not stated"", ""-2.0"": ""Prefer not to say"", ""-1.0"": ""Don't know"", ""1.0"": ""Yes"", ""2.0"": ""No""}",[],[]
qD16_cses,What language do you usually speak at home?,scale,F8.2,"{""-999.0"": ""Not stated"", ""-2.0"": ""Prefer not to say"", ""1.0"": ""English"", ""2.0"": ""Welsh"", ""3.0"": ""Other""}",[],[]
qD20_cses,How many people live in your household? (CSES),scale,F8.2,"{""-999.0"": ""Not stated""}",[],[]
CSES_mode,CSES survey mode,scale,F8.2,"{""1.0"": ""Push-to-web section"", ""2.0"": ""Online follow-up"", ""3.0"": ""Paper follow-up""}",[],[]
BES_mode,BES Mode,scale,F8.2,"{""1.0"": ""F2F"", ""2.0"": ""P2W""}",[],[]
Constit_Name,Constituency name,nominal,A255,{},[],[]
Constit_Code,Constituency code,nominal,A255,{},[],[]
Region,Region,scale,F8.2,"{""1.0"": ""East Midlands"", ""2.0"": ""Eastern"", ""3.0"": ""London"", ""4.0"": ""North East"", ""5.0"": ""North West"", ""6.0"": ""Scotland"", ""7.0"": ""South East"", ""8.0"": ""South West"", ""9.0"": ""Wales"", ""10.0"": ""West Midlands"", ""11.0"": ""Yorkshire & Humber""}",[],[]
LA_UA_Name,Local Authority Unitary Area Name,nominal,A255,{},[],[]
LA_UA_Code,Local Authority Unitary Area code,nominal,A255,{},[],[]
Dwelling_type,Dwelling type,scale,F8.2,"{""1.0"": ""Purpose built flat/maisonette"", ""2.0"": ""Conversion flat/maisonette"", ""3.0"": ""Semi-detached house/End of terrace"", ""4.0"": ""Centre terraced house"", ""5.0"": ""Detached house"", ""6.0"": ""Bungalow"", ""7.0"": ""Other"", ""8.0"": ""Unable to obtain information""}",[],[]
Date_of_interview,Interview date,scale,DATETIME20,{},[],[]
wt_sel_wt,Selection weight including capping (all modes),scale,F40.2,{},[],[]
Wt_BES,"Selection + poststratification weights, BES sample",scale,F40.2,{},[],[]
Wt_CSES,"Selection + poststratification weights, CSES sample",scale,F40.2,{},[],[]
interviewer,Pseudoanonymised interviewer code (F2F only),nominal,A6,{},[],[]
seg,Socio-economic group,scale,F8.2,"{""11.0"": ""Employers in industry, commerce, etc large establishments"", ""12.0"": ""Managers in central and local government, industry, commerce, etc large establishments"", ""21.0"": ""Employers in industry, commerce, etc small establishments"", ""22.0"": ""Managers in industry, commerce, etc small establishments"", ""30.0"": ""Professional workers - self-employed"", ""40.0"": ""Professional workers - employees"", ""51.0"": ""Intermediate non-manual workers - ancillary workers and artists"", ""52.0"": ""Intermediate non-manual workers - foremen and supervisors non-manual"", ""60.0"": ""Junior non-manual workers"", ""70.0"": ""Personal service workers"", ""80.0"": ""Foremen and supervisors -manual"", ""90.0"": ""Skilled manual workers"", ""100.0"": ""Semi-skilled manual workers"", ""110.0"": ""Unskilled manual workers"", ""120.0"": ""Own account workers other than professional"", ""130.0"": ""Farmers - employers and managers"", ""140.0"": ""Farmers - own account"", ""150.0"": ""Agricultural workers"", ""160.0"": ""Members of armed forces""}",[],[]
sc,Socio-economic class,scale,F8.2,"{""10.0"": ""Professional, etc occupations"", ""20.0"": ""Managerial and Technical occupations"", ""31.0"": ""Skilled occupations- Non-manual"", ""32.0"": ""Skilled occupations- manual"", ""40.0"": ""Partly skilled occupations"", ""50.0"": ""Unskilled occupations"", ""60.0"": ""Armed forces""}",[],[]
ns_sec,NS-SEC code,scale,F8.2,"{""10.0"": ""1: Employers in large establishments"", ""20.0"": ""2: Higher managerial and administrative occupations"", ""31.0"": ""3.1: Higher professional occupations: Traditional employees"", ""32.0"": ""3.2: Higher professional occupations: New employees"", ""33.0"": ""3.3: Higher professional occupations: Traditional self-employed"", ""34.0"": ""3.4: Higher professional occupations: New self-employed"", ""41.0"": ""4.1: Lower professional and higher technical occupations: Traditional employees"", ""42.0"": ""4.2: Lower professional and higher technical occupations: New employees"", ""43.0"": ""4.3: Lower professional and higher technical occupations: Traditional self-employed"", ""44.0"": ""4.4: Lower professional and higher technical occupations: New self-employed"", ""50.0"": ""5: Lower managerial and administrative occupations"", ""60.0"": ""6: Higher supervisory occupations"", ""71.0"": ""7.1: Intermediate clerical and administrative occupations"", ""72.0"": ""7.2: Intermediate sales and service occupations"", ""73.0"": ""7.3: Intermediate technical and auxiliary occupations"", ""74.0"": ""7.4: Intermediate engineering occupations"", ""81.0"": ""8.1: Employers in small establishments in industry, commerce, services etc."", ""82.0"": ""8.2: Employers in small establishments in agriculture"", ""91.0"": ""9.1: Own account workers (non-professional)"", ""92.0"": ""9.2: Own account workers (agriculture)"", ""100.0"": ""10: Lower supervisory occupations"", ""111.0"": ""11.1: Lower technical craft occupations"", ""112.0"": ""11.2: Lower technical process operative occupations"", ""121.0"": ""12.1: Semi-routine sales occupations"", ""122.0"": ""12.2: Semi-routine service occupations"", ""123.0"": ""12.3: Semi-routine technical occupations"", ""124.0"": ""12.4: Semi-routine operative occupations"", ""125.0"": ""12.5: Semi-routine agricultural occupations"", ""126.0"": ""12.6: Semi-routine clerical occupations"", ""127.0"": ""12.7: Semi routine childcare occupations"", ""131.0"": ""13.1: Routine sales and service occupations"", ""132.0"": ""13.2: Routine production occupations"", ""133.0"": ""13.3: Routine technical occupations"", ""134.0"": ""13.4: Routine operative occupations"", ""135.0"": ""13.5: Routine agricultural occupations"", ""141.0"": ""14.1: Never worked"", ""142.0"": ""14.2: Long-term unemployed""}",[],[]
ns_sec_analytic,NS-SEC code (analytic version),scale,F8.2,"{""11.0"": ""1.1: Employers in large organisations and higher managerial"", ""12.0"": ""1.2: Higher professional occupations"", ""20.0"": ""2: Lower professional and managerial and higher supervisory"", ""30.0"": ""3: Intermediate occupations"", ""40.0"": ""4: Employers in small organisations and own account workers"", ""50.0"": ""5: Lower supervisory and technical occupations"", ""60.0"": ""6: Semi-routine occupations"", ""70.0"": ""7: Routine occupations"", ""80.0"": ""8: Never worked and long-term unemployed""}",[],[]
edlevel,Education level (summary),scale,F8.2,"{""0.0"": ""No qualifications"", ""1.0"": ""Below GCSE"", ""2.0"": ""GCSE"", ""3.0"": ""A-level"", ""4.0"": ""Undergraduate"", ""5.0"": ""Postgrad""}",[],[]
ONSConstID,ONS Constituency ID,nominal,A9,{},[],[]
ConstituencyName,Constituency Name,nominal,A40,{},[],[]
ConstituencyType,County or Borough Constituency,nominal,A7,{},[],[]
pano,Press Association Constituency ID,scale,F8.2,{},[],[]
wt_demog,VEP demographic weight (all modes),scale,F8.2,{},[],[]
wt_vote,VEP self-reported vote weight (all modes),scale,F8.2,{},[],[]
wt_demog_cses,VEP demographic weight (CSES only),scale,F8.2,{},[],[]
wt_vote_cses,VEP self-reported vote weight (CSES only),scale,F8.2,{},[],[]
