ons,year,disc_pct
E06,2024-25,15.826786309111492
E06,2025-26,15.027969618409394
E06,2026-27,14.657788802042436
E06000001,2022-23,17.255709377526273
E06000001,2023-24,17.64768775393065
E06000001,2024-25,16.453763917754387
E06000001,2025-26,15.916587020483124
E06000001,2026-27,15.846641461987794
E06000002,2022-23,13.254836797306712
E06000002,2023-24,10.027746601820676
E06000002,2024-25,9.996504593962221
E06000002,2025-26,10.825351003805276
E06000002,2026-27,12.469314120642606
E06000003,2022-23,21.438896681693098
E06000003,2023-24,20.492371367492165
E06000003,2024-25,17.80090066127982
E06000003,2025-26,17.629395653825394
E06000003,2026-27,18.052227823082337
E06000004,2022-23,18.503472771458565
E06000004,2023-24,17.531652552892176
E06000004,2024-25,16.137115609186456
E06000004,2025-26,15.59201246313308
E06000004,2026-27,14.441379876038777
E06000005,2022-23,21.15578672192988
E06000005,2023-24,22.35582735255439
E06000005,2024-25,20.501860075733635
E06000005,2025-26,19.40322985695762
E06000005,2026-27,18.7017135380086
E06000006,2022-23,4.468671727860513
E06000006,2023-24,4.955279737686907
E06000006,2024-25,10.073654094674644
E06000006,2025-26,7.832747853239656
E06000006,2026-27,13.34810596510544
E06000007,2022-23,13.413291464979771
E06000007,2023-24,16.056978650635546
E06000007,2024-25,14.822507500368415
E06000007,2025-26,14.77518374405534
E06000007,2026-27,16.856829227188463
E06000008,2022-23,12.553808974096171
E06000008,2023-24,13.686530664778942
E06000008,2024-25,13.019917344043025
E06000008,2025-26,12.903693209260393
E06000008,2026-27,11.406486942922596
E06000009,2022-23,10.268285748427
E06000009,2023-24,12.73538232025696
E06000009,2024-25,9.888588333535553
E06000009,2025-26,8.06267550108586
E06000009,2026-27,8.943146412483195
E06000010,2022-23,23.497715854877693
E06000010,2023-24,21.85167511090917
E06000010,2024-25,20.39343449243017
E06000010,2025-26,20.337435209650394
E06000010,2026-27,19.076726095993124
E06000011,2022-23,19.373780695506767
E06000011,2023-24,19.029876305533623
E06000011,2024-25,20.33558232931727
E06000011,2025-26,16.958850560993078
E06000011,2026-27,16.07634386587502
E06000012,2022-23,17.594921255036017
E06000012,2023-24,17.285653229466373
E06000012,2024-25,17.846352110075163
E06000012,2025-26,18.619957831659548
E06000012,2026-27,18.062859162816306
E06000013,2022-23,21.35373451808047
E06000013,2023-24,20.514303797899093
E06000013,2024-25,19.835435333150414
E06000013,2025-26,19.883219389102432
E06000013,2026-27,17.06753577858673
E06000014,2022-23,16.482667638737002
E06000014,2023-24,17.01779571937488
E06000014,2024-25,16.590415416809222
E06000014,2025-26,15.627552979785637
E06000014,2026-27,15.01391677893292
E06000015,2022-23,13.268913936033892
E06000015,2023-24,12.917020031295166
E06000015,2024-25,12.4642331089049
E06000015,2025-26,12.045904921871445
E06000015,2026-27,12.439953896490184
E06000016,2022-23,11.414748566243409
E06000016,2023-24,12.803569055121388
E06000016,2024-25,11.260218730407813
E06000016,2025-26,10.893949495303929
E06000016,2026-27,10.78193319729109
E06000017,2022-23,29.02817156300899
E06000017,2023-24,26.862696237229006
E06000017,2024-25,26.927663535092055
E06000017,2025-26,27.13713575473001
E06000017,2026-27,25.078169784772527
E06000018,2022-23,23.72342440411167
E06000018,2023-24,22.83968818694658
E06000018,2024-25,22.483337447543818
E06000018,2025-26,20.369872675303462
E06000018,2026-27,19.733672748763453
E06000019,2022-23,13.419017845420125
E06000019,2023-24,14.197949105502495
E06000019,2024-25,12.023672013430435
E06000019,2025-26,10.771273106972888
E06000019,2026-27,9.956955000238999
E06000020,2022-23,17.13735268912815
E06000020,2023-24,17.606549896139224
E06000020,2024-25,16.233470132238942
E06000020,2025-26,17.51353029233442
E06000020,2026-27,16.482495119234407
E06000021,2022-23,15.455102818605113
E06000021,2023-24,14.18492039651547
E06000021,2024-25,13.479103588938013
E06000021,2025-26,12.908813632370249
E06000021,2026-27,12.021698244568084
E06000022,2022-23,17.022248681277603
E06000022,2023-24,17.951653669179755
E06000022,2024-25,14.732811389031225
E06000022,2025-26,10.90407876623785
E06000022,2026-27,11.74266167444885
E06000023,2022-23,11.04605546510088
E06000023,2023-24,15.04532558110861
E06000023,2024-25,13.164466296397462
E06000023,2025-26,13.71579563873112
E06000023,2026-27,12.36531932412337
E06000024,2022-23,19.583417675397758
E06000024,2023-24,20.082928751405344
E06000024,2024-25,19.620124129771426
E06000024,2025-26,16.62495150612587
E06000024,2026-27,16.36764009561244
E06000025,2022-23,15.556654875332619
E06000025,2023-24,14.86459357375692
E06000025,2024-25,15.327618281561726
E06000025,2025-26,14.548573540906974
E06000025,2026-27,
E06000026,2022-23,14.638654148986044
E06000026,2023-24,17.437005719555657
E06000026,2024-25,14.78409993226565
E06000026,2025-26,13.191298032027117
E06000026,2026-27,11.936775496362067
E06000027,2022-23,14.741164351250132
E06000027,2023-24,12.835937161898991
E06000027,2024-25,17.658014556307414
E06000027,2025-26,17.242213159129463
E06000027,2026-27,19.41825646926527
E06000030,2022-23,13.782844605830014
E06000030,2023-24,11.932270304052786
E06000030,2024-25,11.055277928216238
E06000030,2025-26,12.804783517499827
E06000030,2026-27,10.328022265164497
E06000031,2022-23,11.114827515790807
E06000031,2023-24,9.675529303710272
E06000031,2024-25,9.235996917890112
E06000031,2025-26,8.308967124499638
E06000031,2026-27,10.233656043662098
E06000032,2022-23,14.297311432072874
E06000032,2023-24,14.4508373969767
E06000032,2024-25,13.20714516450511
E06000032,2025-26,12.706813492212973
E06000032,2026-27,13.276184876290095
E06000033,2022-23,17.304139295312034
E06000033,2023-24,15.167238259152862
E06000033,2024-25,14.592932123687836
E06000033,2025-26,16.729473994340488
E06000033,2026-27,17.094345006896333
E06000034,2022-23,19.271791099668995
E06000034,2023-24,17.464243590184022
E06000034,2024-25,16.6949809308203
E06000034,2025-26,
E06000034,2026-27,15.414976462339743
E06000035,2022-23,19.593446619385887
E06000035,2023-24,17.81113381109147
E06000035,2024-25,17.610994005277988
E06000035,2025-26,18.520949590533082
E06000035,2026-27,18.03334808085378
E06000036,2022-23,12.301745049203735
E06000036,2023-24,15.910570475145567
E06000036,2024-25,15.898684513191759
E06000036,2025-26,14.758472065939571
E06000036,2026-27,14.281433832593104
E06000037,2022-23,16.284327970348677
E06000037,2023-24,15.785176009798697
E06000037,2024-25,14.205284235710199
E06000037,2025-26,13.690050265461709
E06000037,2026-27,12.790109467635215
E06000038,2022-23,13.249339724151424
E06000038,2023-24,14.034471253842169
E06000038,2024-25,12.090945897265057
E06000038,2025-26,10.609716610589444
E06000038,2026-27,11.335447451873101
E06000039,2022-23,
E06000039,2023-24,
E06000039,2024-25,13.715662573059426
E06000039,2025-26,
E06000039,2026-27,9.557563559390923
E06000040,2022-23,12.763717755518128
E06000040,2023-24,12.720302856779284
E06000040,2024-25,9.98759549499882
E06000040,2025-26,11.620190264474157
E06000040,2026-27,10.731584527723324
E06000041,2022-23,24.891335131075074
E06000041,2023-24,20.36824194893291
E06000041,2024-25,18.014058846017406
E06000041,2025-26,16.008837720943024
E06000041,2026-27,17.57569264123831
E06000042,2022-23,12.888166574832804
E06000042,2023-24,13.898937897129075
E06000042,2024-25,13.619126698110785
E06000042,2025-26,11.919773548513357
E06000042,2026-27,12.890351134132445
E06000043,2022-23,11.461037835510314
E06000043,2023-24,11.625781522141182
E06000043,2024-25,11.100532671310468
E06000043,2025-26,11.694320911280217
E06000043,2026-27,11.322458680556583
E06000044,2022-23,17.46797509326311
E06000044,2023-24,18.777197961487992
E06000044,2024-25,18.266739100909955
E06000044,2025-26,16.5004021736998
E06000044,2026-27,15.752355254206018
E06000045,2022-23,13.060725771137719
E06000045,2023-24,13.731507128007443
E06000045,2024-25,12.86233897642473
E06000045,2025-26,12.716803255699698
E06000045,2026-27,13.586958496049405
E06000046,2022-23,13.68621840724845
E06000046,2023-24,13.577627701011536
E06000046,2024-25,13.338948951248547
E06000046,2025-26,13.370399960868076
E06000046,2026-27,15.145282264416144
E06000047,2022-23,18.047219563010458
E06000047,2023-24,16.97366221786215
E06000047,2024-25,16.80048439473753
E06000047,2025-26,16.275002452007115
E06000047,2026-27,14.89198096251208
E06000049,2022-23,18.221218850132843
E06000049,2023-24,17.266743304806916
E06000049,2024-25,17.374110085988033
E06000049,2025-26,16.128783836561364
E06000049,2026-27,16.303585623161556
E06000050,2022-23,17.413966924998732
E06000050,2023-24,14.187413194837157
E06000050,2024-25,12.096163617702281
E06000050,2025-26,10.92088112351011
E06000050,2026-27,10.999183582347207
E06000051,2022-23,20.746779533676943
E06000051,2023-24,20.02304442452951
E06000051,2024-25,16.867631582311112
E06000051,2025-26,16.216607090856854
E06000051,2026-27,15.667193363933965
E06000052,2022-23,20.671035753091022
E06000052,2023-24,18.433788770540183
E06000052,2024-25,19.286871961102108
E06000052,2025-26,18.04606668311086
E06000052,2026-27,16.431368946145234
E06000053,2022-23,67.04304869442484
E06000053,2023-24,67.58104738154613
E06000053,2024-25,68.30115293790804
E06000053,2025-26,62.268928842745
E06000053,2026-27,55.66651184393869
E06000054,2022-23,18.591890694105693
E06000054,2023-24,16.800946610462724
E06000054,2024-25,17.176269841565958
E06000054,2025-26,16.043293397136228
E06000054,2026-27,16.219478495396213
E06000055,2022-23,15.096023390964296
E06000055,2023-24,14.975399952283
E06000055,2024-25,15.025970451657482
E06000055,2025-26,14.639380897675508
E06000055,2026-27,14.76140803627418
E06000056,2022-23,21.044214562024564
E06000056,2023-24,18.250119659441975
E06000056,2024-25,13.262259112921026
E06000056,2025-26,12.58263254935468
E06000056,2026-27,12.823300912629076
E06000057,2022-23,17.0044460993568
E06000057,2023-24,17.086266315812715
E06000057,2024-25,15.400390571877736
E06000057,2025-26,15.186549831256858
E06000057,2026-27,15.014159883348789
E06000058,2022-23,21.58736463801012
E06000058,2023-24,17.593529716240276
E06000058,2024-25,16.697549125147702
E06000058,2025-26,15.825305891725433
E06000058,2026-27,13.64526705279672
E06000059,2022-23,22.27253028213191
E06000059,2023-24,21.459056793995742
E06000059,2024-25,20.388147405975715
E06000059,2025-26,14.709819294387609
E06000059,2026-27,14.349000216724269
E06000060,2022-23,12.332147518870917
E06000060,2023-24,11.33350411415245
E06000060,2024-25,13.202097026984339
E06000060,2025-26,11.411003634101318
E06000060,2026-27,11.507331419112575
E06000061,2022-23,18.860648636432124
E06000061,2023-24,18.174142912764605
E06000061,2024-25,15.748152847294277
E06000061,2025-26,16.870132049581937
E06000061,2026-27,13.93001701179093
E06000062,2022-23,20.91298215815773
E06000062,2023-24,17.56291566093271
E06000062,2024-25,15.92429600645634
E06000062,2025-26,14.510767594989685
E06000062,2026-27,12.95479089859606
E06000063,2023-24,
E06000063,2024-25,18.47899152091837
E06000063,2025-26,
E06000063,2026-27,
E06000064,2023-24,
E06000064,2024-25,23.223066505485317
E06000064,2025-26,22.401113429600336
E06000064,2026-27,20.534744077851204
E06000065,2023-24,
E06000065,2024-25,22.056758330008588
E06000065,2025-26,20.210611827100106
E06000065,2026-27,19.026369103025345
E06000066,2023-24,19.57566546408205
E06000066,2024-25,14.665728552164968
E06000066,2025-26,16.26050851392649
E06000066,2026-27,14.782850315374143
E07,2024-25,82.74910439001907
E07,2025-26,81.97660158388328
E07,2026-27,81.01252958752707
E07000008,2022-23,83.29883952989874
E07000008,2023-24,84.26480929578408
E07000008,2024-25,85.88816542878644
E07000008,2025-26,79.36536012452243
E07000008,2026-27,75.80880605628543
E07000009,2022-23,82.79792746113989
E07000009,2023-24,81.03279490944689
E07000009,2024-25,79.92056250335462
E07000009,2025-26,62.742446487906655
E07000009,2026-27,76.82582802215025
E07000010,2022-23,85.81215910602634
E07000010,2023-24,88.33353286244463
E07000010,2024-25,88.6267902274642
E07000010,2025-26,91.8606332224953
E07000010,2026-27,93.13817881964896
E07000011,2022-23,86.58254760584211
E07000011,2023-24,86.64020605497615
E07000011,2024-25,88.26387113270263
E07000011,2025-26,87.08564789601714
E07000011,2026-27,87.44177902293819
E07000012,2022-23,86.72004593594488
E07000012,2023-24,88.36233727570435
E07000012,2024-25,88.89677338564928
E07000012,2025-26,73.65975696926375
E07000012,2026-27,78.1446580602784
E07000026,2022-23,75.26807926567727
E07000027,2022-23,86.08103061986557
E07000028,2022-23,82.44776752571853
E07000029,2022-23,91.14815684432965
E07000030,2022-23,30.534110603434694
E07000031,2022-23,
E07000032,2022-23,
E07000032,2023-24,82.70060396893874
E07000032,2024-25,84.61421781777733
E07000032,2025-26,85.00263953544176
E07000032,2026-27,82.11905917655885
E07000033,2022-23,90.37781350482315
E07000033,2023-24,91.31530705774519
E07000033,2024-25,90.74048442906575
E07000033,2025-26,89.38107542758705
E07000033,2026-27,89.64420485175202
E07000034,2022-23,95.87866798549291
E07000034,2023-24,
E07000034,2024-25,63.865331888031626
E07000034,2025-26,
E07000034,2026-27,69.79166666666667
E07000035,2022-23,90.39331709014967
E07000035,2023-24,88.52161785216178
E07000035,2024-25,86.84896703884469
E07000035,2025-26,85.68048892685812
E07000035,2026-27,88.43598262202913
E07000036,2022-23,89.21648116753889
E07000036,2023-24,86.48684472132017
E07000036,2024-25,82.56880733944953
E07000036,2025-26,85.26461660287713
E07000036,2026-27,82.68211727712107
E07000037,2022-23,93.78569354370342
E07000037,2023-24,94.41817260597873
E07000037,2024-25,
E07000037,2025-26,89.63056255247692
E07000037,2026-27,87.52938016251427
E07000038,2022-23,93.3022438496891
E07000038,2023-24,92.3051948051948
E07000038,2024-25,89.36740417575568
E07000038,2025-26,62.71058000582921
E07000038,2026-27,63.250556974406344
E07000039,2022-23,92.03868571062576
E07000039,2023-24,90.32515232617733
E07000039,2024-25,91.58400168847615
E07000039,2025-26,90.16262196647486
E07000039,2026-27,90.05949313720897
E07000040,2022-23,89.6168543845535
E07000040,2023-24,88.10416666666667
E07000040,2024-25,88.46728087105349
E07000040,2025-26,87.11475754707058
E07000040,2026-27,86.39006860503103
E07000041,2022-23,71.5918216072642
E07000041,2023-24,64.96137688033609
E07000041,2024-25,68.80814463752853
E07000041,2025-26,67.44452070464425
E07000041,2026-27,60.61884669479606
E07000042,2022-23,88.18360084247222
E07000042,2023-24,90.41718030234217
E07000042,2024-25,87.10187796656807
E07000042,2025-26,87.27808574836854
E07000042,2026-27,85.44786278246664
E07000043,2022-23,87.06518332811031
E07000043,2023-24,82.52650669642857
E07000043,2024-25,82.4778978388998
E07000043,2025-26,84.75568181818181
E07000043,2026-27,81.42349822437853
E07000044,2022-23,85.87157660991858
E07000044,2023-24,87.46243990384616
E07000044,2024-25,88.1743634009495
E07000044,2025-26,88.10029749256269
E07000044,2026-27,87.31533669534262
E07000045,2022-23,83.25765878607588
E07000045,2023-24,83.6994053328218
E07000045,2024-25,84.55131424744684
E07000045,2025-26,81.63581696889975
E07000045,2026-27,81.14360149126352
E07000046,2022-23,96.09218436873748
E07000046,2023-24,85.1833692880957
E07000046,2024-25,88.81278538812785
E07000046,2025-26,88.42523596621957
E07000046,2026-27,90.1649836438629
E07000047,2022-23,82.92313517606966
E07000047,2023-24,85.23856316191724
E07000047,2024-25,85.21538904346157
E07000047,2025-26,86.31702051097517
E07000047,2026-27,87.75786029307156
E07000061,2022-23,85.47815820543093
E07000061,2023-24,106.04324956165985
E07000061,2024-25,31.80521812612232
E07000061,2025-26,74.75513863981239
E07000061,2026-27,64.2548492414058
E07000062,2022-23,51.39664804469274
E07000062,2023-24,53.009471432936145
E07000062,2024-25,46.242440178806206
E07000062,2025-26,49.59538692639434
E07000062,2026-27,53.873355650902916
E07000063,2022-23,79.22446822565729
E07000063,2023-24,82.4467035136202
E07000063,2024-25,34.32496493010206
E07000063,2025-26,82.24874371859296
E07000063,2026-27,79.39110070257611
E07000064,2022-23,79.01554404145078
E07000064,2023-24,76.71869414988682
E07000064,2024-25,74.04741744284505
E07000064,2025-26,70.68673784934944
E07000064,2026-27,68.90377914768159
E07000065,2022-23,80.38046987532906
E07000065,2023-24,81.05064123643538
E07000065,2024-25,81.22356715764911
E07000065,2025-26,83.74916833000665
E07000065,2026-27,88.45672475209396
E07000066,2022-23,87.23722787099993
E07000066,2023-24,87.34904638960606
E07000066,2024-25,83.89685260205671
E07000066,2025-26,88.52118695811454
E07000066,2026-27,73.2172198488334
E07000067,2022-23,89.90604555069113
E07000067,2023-24,82.2842050502221
E07000067,2024-25,86.44609147864543
E07000067,2025-26,87.8345498783455
E07000067,2026-27,83.20727246901744
E07000068,2022-23,89.7364419665484
E07000068,2023-24,90.16314393634975
E07000068,2024-25,
E07000068,2025-26,89.64792813677195
E07000068,2026-27,81.6705055158201
E07000069,2022-23,82.25987793125603
E07000069,2023-24,84.72142032332563
E07000069,2024-25,79.44432226376365
E07000069,2025-26,75.50464482782706
E07000069,2026-27,
E07000070,2022-23,76.37475315205833
E07000070,2023-24,78.64368323196672
E07000070,2024-25,68.43855776306107
E07000070,2025-26,68.75738927456271
E07000070,2026-27,64.74751338944147
E07000071,2022-23,74.42906164950894
E07000071,2023-24,89.53886693017128
E07000071,2024-25,
E07000071,2025-26,86.2262949334843
E07000071,2026-27,86.67905184573571
E07000072,2022-23,88.98613275786276
E07000072,2023-24,84.52335448360218
E07000072,2024-25,87.55457727420344
E07000072,2025-26,87.96132370965546
E07000072,2026-27,
E07000073,2022-23,84.93305943189063
E07000073,2023-24,81.98387662110059
E07000073,2024-25,80.11656579242322
E07000073,2025-26,79.89904798415436
E07000073,2026-27,88.9278350515464
E07000074,2022-23,88.92830470500374
E07000074,2023-24,89.96639837461905
E07000074,2024-25,91.23412262819508
E07000074,2025-26,89.87261146496816
E07000074,2026-27,94.81194985329421
E07000075,2022-23,80.48449787580222
E07000075,2023-24,82.51033621967392
E07000075,2024-25,76.64905768132496
E07000075,2025-26,83.37056504599211
E07000075,2026-27,81.82991202346041
E07000076,2022-23,76.15897147147147
E07000076,2023-24,77.37446081224059
E07000076,2024-25,78.84665403336678
E07000076,2025-26,76.86304567466816
E07000076,2026-27,78.18418389475207
E07000077,2022-23,92.04701390131854
E07000077,2023-24,92.32627764063238
E07000077,2024-25,92.73775551802457
E07000077,2025-26,89.39811066126856
E07000077,2026-27,88.13065033537474
E07000078,2022-23,92.09561071035579
E07000078,2023-24,92.64134656883901
E07000078,2024-25,92.67172976649286
E07000078,2025-26,97.03532943762397
E07000078,2026-27,91.79978700745474
E07000079,2022-23,95.26759167492567
E07000079,2023-24,91.69010639598875
E07000079,2024-25,91.40097190944648
E07000079,2025-26,89.16921777683943
E07000079,2026-27,88.3223772112661
E07000080,2022-23,95.23002421307505
E07000080,2023-24,93.9976553341149
E07000080,2024-25,91.07914688584992
E07000080,2025-26,89.82171367748802
E07000080,2026-27,87.54086227101709
E07000081,2022-23,67.56433750298781
E07000081,2023-24,63.395035155689484
E07000081,2024-25,63.81280854804896
E07000081,2025-26,37.70542958185979
E07000081,2026-27,59.14637848339506
E07000082,2022-23,84.45421782420134
E07000082,2023-24,98.22691055998204
E07000082,2024-25,90.98249685717049
E07000082,2025-26,89.29101958136394
E07000082,2026-27,89.36597769028872
E07000083,2022-23,89.90784106360478
E07000083,2023-24,89.17118411599503
E07000083,2024-25,90.4963861179141
E07000083,2025-26,90.53690891417462
E07000083,2026-27,90.48283885980221
E07000084,2022-23,87.28061654037951
E07000084,2023-24,89.04732058915701
E07000084,2024-25,88.8043418971254
E07000084,2025-26,85.57095864661655
E07000084,2026-27,86.54199402456567
E07000085,2022-23,87.73197664334856
E07000085,2023-24,92.77498036679448
E07000085,2024-25,92.52524184595866
E07000085,2025-26,92.55936391963039
E07000085,2026-27,91.74221033338287
E07000086,2022-23,109.38169654523598
E07000086,2023-24,125.27518754820164
E07000086,2024-25,118.94931760510254
E07000086,2025-26,115.41239860264078
E07000086,2026-27,114.60218237648736
E07000087,2022-23,88.39714660066967
E07000087,2023-24,83.03592814371258
E07000087,2024-25,78.085451595457
E07000087,2025-26,80.76263005470342
E07000087,2026-27,84.33662280701755
E07000088,2022-23,86.82753491446988
E07000088,2023-24,86.10242846838182
E07000088,2024-25,86.60128309121747
E07000088,2025-26,85.08486317977139
E07000088,2026-27,89.13267275768884
E07000089,2022-23,88.452304737516
E07000089,2023-24,89.3040072310937
E07000089,2024-25,89.14419165285521
E07000089,2025-26,83.28688867214714
E07000089,2026-27,85.46210995542347
E07000090,2022-23,78.40821413733752
E07000090,2023-24,63.09278350515464
E07000090,2024-25,72.96531849349101
E07000090,2025-26,78.28142759718118
E07000090,2026-27,68.50044726356022
E07000091,2022-23,84.4228883958516
E07000091,2023-24,87.54854598844369
E07000091,2024-25,88.5507763698019
E07000091,2025-26,86.89626987665329
E07000091,2026-27,88.68866093706681
E07000092,2022-23,86.76415246492124
E07000092,2023-24,81.47876629837147
E07000092,2024-25,85.16056453262426
E07000092,2025-26,83.60850273449593
E07000092,2026-27,79.78703084710152
E07000093,2022-23,82.93984049014948
E07000093,2023-24,81.28293241695303
E07000093,2024-25,78.37301587301587
E07000093,2025-26,79.21848610471365
E07000093,2026-27,82.19561254635741
E07000094,2022-23,86.60265433340037
E07000094,2023-24,90.77005503872194
E07000094,2024-25,88.46460618145564
E07000094,2025-26,83.55979924103318
E07000094,2026-27,88.09052333804809
E07000095,2022-23,88.4744370679625
E07000095,2023-24,89.4134477825465
E07000095,2024-25,90.065334358186
E07000095,2025-26,86.87062937062937
E07000095,2026-27,87.07098965879003
E07000096,2022-23,100.35729396831367
E07000096,2023-24,99.65002762939768
E07000096,2024-25,101.76568342334856
E07000096,2025-26,96.66628523477134
E07000096,2026-27,97.81066913351835
E07000098,2022-23,73.3634848845513
E07000098,2023-24,73.42450303115749
E07000098,2024-25,72.59220980556812
E07000098,2025-26,65.88650784149408
E07000098,2026-27,67.63633005494759
E07000099,2022-23,88.73268662136225
E07000099,2023-24,89.98105163429655
E07000099,2024-25,88.3401980545088
E07000099,2025-26,86.21349928195309
E07000099,2026-27,85.95840605002908
E07000102,2022-23,90.80406654343808
E07000102,2023-24,89.77213298468435
E07000102,2024-25,86.3728764338609
E07000102,2025-26,83.81226680631013
E07000102,2026-27,83.9662955160999
E07000103,2022-23,93.09380909315136
E07000103,2023-24,93.47734011012282
E07000103,2024-25,85.84043012440642
E07000103,2025-26,82.37697375685524
E07000103,2026-27,79.89027496571093
E07000105,2022-23,82.02995924661306
E07000105,2023-24,84.4025498440255
E07000105,2024-25,81.86302409409979
E07000105,2025-26,74.67067974827033
E07000105,2026-27,71.67873319305254
E07000106,2022-23,70.38195741501681
E07000106,2023-24,78.22642967542504
E07000106,2024-25,70.76177097022703
E07000106,2025-26,68.68532654792197
E07000106,2026-27,74.01660628987273
E07000107,2022-23,81.21957888980039
E07000107,2023-24,79.58419421487604
E07000107,2024-25,80.21995043370508
E07000107,2025-26,72.98769347443897
E07000107,2026-27,73.28856434998045
E07000108,2022-23,94.53174388151359
E07000108,2023-24,85.78091807518241
E07000108,2024-25,85.84664838801173
E07000108,2025-26,84.24701138855485
E07000108,2026-27,84.26893792747451
E07000109,2022-23,74.26481240040562
E07000109,2023-24,68.64061376168785
E07000109,2024-25,44.09153005464481
E07000109,2025-26,45.521930557877724
E07000109,2026-27,47.19790777113578
E07000110,2022-23,77.07621326042378
E07000110,2023-24,77.96680812367384
E07000110,2024-25,77.38562571082657
E07000110,2025-26,81.41086749285033
E07000110,2026-27,75.06856829402085
E07000111,2022-23,81.60098128099834
E07000111,2023-24,83.84987644151565
E07000111,2024-25,83.20011626217119
E07000111,2025-26,81.46328146328146
E07000111,2026-27,85.3493013972056
E07000112,2022-23,87.6258234519104
E07000112,2023-24,89.75161167993933
E07000112,2024-25,84.75715830551506
E07000112,2025-26,86.8085292318448
E07000112,2026-27,84.99496112870717
E07000113,2022-23,76.95626360577874
E07000113,2023-24,75.19949287791782
E07000113,2024-25,77.9702884180496
E07000113,2025-26,77.17817702324048
E07000113,2026-27,79.44076854561649
E07000114,2022-23,75.8381153729991
E07000114,2023-24,78.17847608210425
E07000114,2024-25,79.83347666327887
E07000114,2025-26,101.20569634651258
E07000114,2026-27,82.09699876237623
E07000115,2022-23,81.82328505669697
E07000115,2023-24,83.57225881441302
E07000115,2024-25,83.49398146013006
E07000115,2025-26,80.02308956085432
E07000115,2026-27,78.47575488869184
E07000116,2022-23,83.8375743004074
E07000116,2023-24,83.3729357253178
E07000116,2024-25,84.44028322312599
E07000116,2025-26,83.09788374560277
E07000116,2026-27,83.18727323471951
E07000117,2022-23,90.42683365723745
E07000117,2023-24,88.4164010431759
E07000117,2024-25,87.75577996279564
E07000117,2025-26,87.04846891999267
E07000117,2026-27,87.02307781514554
E07000118,2022-23,93.69922212618842
E07000118,2023-24,94.7886913436316
E07000118,2024-25,95.34196773460577
E07000118,2025-26,93.09312638580931
E07000118,2026-27,93.488419341731
E07000119,2022-23,90.04649035896654
E07000119,2023-24,49.87283345892992
E07000119,2024-25,93.0620319344355
E07000119,2025-26,88.44889206576126
E07000119,2026-27,84.78655462184874
E07000120,2022-23,89.00477284779919
E07000120,2023-24,92.44777718264595
E07000120,2024-25,91.01407680743475
E07000120,2025-26,88.56287776538936
E07000120,2026-27,87.56210573326635
E07000121,2022-23,85.91461063993832
E07000121,2023-24,81.51340170645523
E07000121,2024-25,80.32786885245902
E07000121,2025-26,80.77271355267129
E07000121,2026-27,82.07944682536824
E07000122,2022-23,92.48368356881589
E07000122,2023-24,
E07000122,2024-25,90.92885989437714
E07000122,2025-26,89.03599266391564
E07000122,2026-27,90.7464846980976
E07000123,2022-23,
E07000123,2023-24,86.68231557872208
E07000123,2024-25,84.94116922318733
E07000123,2025-26,76.61269814359584
E07000123,2026-27,81.34412404075326
E07000124,2022-23,92.36191356598106
E07000124,2023-24,92.01119925338311
E07000124,2024-25,92.70767279644896
E07000124,2025-26,92.72530836409472
E07000124,2026-27,92.89499834382245
E07000125,2022-23,78.56272838002437
E07000125,2023-24,84.59401049706699
E07000125,2024-25,80.02300613496932
E07000125,2025-26,83.48520350603141
E07000125,2026-27,82.36341619773488
E07000126,2022-23,91.49360252041407
E07000126,2023-24,90.41672144077823
E07000126,2024-25,88.8733285146368
E07000126,2025-26,89.88541207580433
E07000126,2026-27,87.71686328938237
E07000127,2022-23,93.21685508735868
E07000127,2023-24,32.504564493609706
E07000127,2024-25,27.53392528061652
E07000127,2025-26,44.40703144342659
E07000127,2026-27,50.91555789751021
E07000128,2022-23,93.87298747763865
E07000128,2023-24,93.1334784793167
E07000128,2024-25,92.15157848421516
E07000128,2025-26,93.32885067960233
E07000128,2026-27,94.17374160061159
E07000129,2022-23,81.13223418573351
E07000129,2023-24,83.16129032258064
E07000129,2024-25,82.63834762275916
E07000129,2025-26,85.30283276045988
E07000129,2026-27,76.4819345126082
E07000130,2022-23,86.05052904340316
E07000130,2023-24,82.09072431633408
E07000130,2024-25,84.68016406318178
E07000130,2025-26,79.45270212217544
E07000130,2026-27,80.44705700363524
E07000131,2022-23,87.93539938891314
E07000131,2023-24,90.23569023569024
E07000131,2024-25,91.08021653543307
E07000131,2025-26,89.85370195249486
E07000131,2026-27,92.02727836329821
E07000132,2022-23,92.33191331728098
E07000132,2023-24,95.58174965920936
E07000132,2024-25,87.09707213447862
E07000132,2025-26,84.42683225753738
E07000132,2026-27,79.30766238817581
E07000133,2022-23,84.25467022493328
E07000133,2023-24,79.63288634864806
E07000133,2024-25,77.29495861550038
E07000133,2025-26,73.7089618456078
E07000133,2026-27,71.34432954448337
E07000134,2022-23,93.02695143656243
E07000134,2023-24,
E07000134,2024-25,86.59293533461235
E07000134,2025-26,78.7864103806601
E07000134,2026-27,76.39806871982374
E07000135,2022-23,92.99466105808122
E07000135,2023-24,92.39749015029913
E07000135,2024-25,92.19374907421123
E07000135,2025-26,95.38702111024237
E07000135,2026-27,90.07748352029606
E07000136,2022-23,79.84120351023819
E07000136,2023-24,86.31492781663938
E07000136,2024-25,87.15850282825852
E07000136,2025-26,88.73285222027177
E07000136,2026-27,88.02552762693837
E07000137,2022-23,92.14075112378559
E07000137,2023-24,84.7188008851405
E07000137,2024-25,88.49607380541569
E07000137,2025-26,89.41489182732748
E07000137,2026-27,88.12325609608152
E07000138,2022-23,88.15156507413509
E07000138,2023-24,79.1432825564082
E07000138,2024-25,73.25299037683244
E07000138,2025-26,78.9427585140914
E07000138,2026-27,76.79265981849008
E07000139,2022-23,92.06372840976772
E07000139,2023-24,91.20122417750574
E07000139,2024-25,91.66351300210844
E07000139,2025-26,89.44264984874123
E07000139,2026-27,90.73023255813953
E07000140,2022-23,91.86028007638447
E07000140,2023-24,
E07000140,2024-25,84.13993112198659
E07000140,2025-26,93.44113372093024
E07000140,2026-27,91.67263061036704
E07000141,2022-23,89.82063070646895
E07000141,2023-24,91.84099299127922
E07000141,2024-25,90.9976979967674
E07000141,2025-26,87.94517949447527
E07000141,2026-27,87.55849160473439
E07000142,2022-23,90.07174265216385
E07000142,2023-24,84.61239808463829
E07000142,2024-25,87.38978637789218
E07000142,2025-26,87.1349505416863
E07000142,2026-27,86.31315144956427
E07000143,2022-23,83.98345153664303
E07000143,2023-24,81.82644904992102
E07000143,2024-25,83.89386659741159
E07000143,2025-26,84.8222479352033
E07000143,2026-27,79.68536251709986
E07000144,2022-23,86.94224144836978
E07000144,2023-24,82.92268479184366
E07000144,2024-25,85.65204050322184
E07000144,2025-26,83.26576941786931
E07000144,2026-27,77.54871000417089
E07000145,2022-23,75.7192249983691
E07000145,2023-24,79.60361861683133
E07000145,2024-25,80.66472586123241
E07000145,2025-26,73.97095695779356
E07000145,2026-27,71.46623700014648
E07000146,2022-23,93.01044902569896
E07000146,2023-24,89.94475138121547
E07000146,2024-25,92.03936206311504
E07000146,2025-26,87.99794961921499
E07000146,2026-27,92.791864677146
E07000147,2022-23,85.19216277317257
E07000147,2023-24,85.82355701548569
E07000147,2024-25,91.16844684884634
E07000147,2025-26,87.2501959247649
E07000147,2026-27,85.04080995495295
E07000148,2022-23,80.2607691038125
E07000148,2023-24,78.87562083905738
E07000148,2024-25,79.17460635843948
E07000148,2025-26,75.94086695063893
E07000148,2026-27,72.95473355828611
E07000149,2022-23,90.92479486704917
E07000149,2023-24,86.83991683991684
E07000149,2024-25,86.00790142037438
E07000149,2025-26,83.81285410764872
E07000149,2026-27,81.43951269763068
E07000163,2022-23,85.99970618480975
E07000164,2022-23,89.05458638154192
E07000165,2022-23,92.82786085191114
E07000166,2022-23,88.31092928112216
E07000167,2022-23,89.4762041558939
E07000168,2022-23,90.4550499445061
E07000169,2022-23,91.38621200889548
E07000170,2022-23,84.67221297836939
E07000170,2023-24,80.09860573609713
E07000170,2024-25,77.07736389684814
E07000170,2025-26,78.31746309076614
E07000170,2026-27,83.39893681775757
E07000171,2022-23,91.24882629107981
E07000171,2023-24,90.11779018968092
E07000171,2024-25,90.5044364919849
E07000171,2025-26,89.56962265044268
E07000171,2026-27,86.88232410996747
E07000172,2022-23,84.8824494259158
E07000172,2023-24,82.30278823258315
E07000172,2024-25,84.24467774861476
E07000172,2025-26,86.75582990397805
E07000172,2026-27,82.69111463431447
E07000173,2022-23,90.30539207889295
E07000173,2023-24,102.48860035551434
E07000173,2024-25,88.59432427547146
E07000173,2025-26,83.48705742338589
E07000173,2026-27,86.08850741277449
E07000174,2022-23,92.70021881838075
E07000174,2023-24,93.27181323600303
E07000174,2024-25,93.03185677061444
E07000174,2025-26,93.97608041675838
E07000174,2026-27,93.29567111353117
E07000175,2022-23,92.99824805171268
E07000175,2023-24,91.833315317263
E07000175,2024-25,87.1302848847759
E07000175,2025-26,88.44442384351534
E07000175,2026-27,84.2601536267881
E07000176,2022-23,90.08784773060029
E07000176,2023-24,90.53203471808123
E07000176,2024-25,89.80810776464608
E07000176,2025-26,89.6099116781158
E07000176,2026-27,89.61206896551724
E07000177,2022-23,70.38134305682163
E07000177,2023-24,72.42800794804117
E07000177,2024-25,74.90563812219864
E07000177,2025-26,77.03965063481505
E07000177,2026-27,73.37382661512976
E07000178,2022-23,75.0686034173649
E07000178,2023-24,75.0686034173649
E07000178,2024-25,69.33285857637652
E07000178,2025-26,68.7574198654531
E07000178,2026-27,72.23047713389467
E07000179,2022-23,89.95474607519974
E07000179,2023-24,
E07000179,2024-25,90.77367443779657
E07000179,2025-26,87.42778960170264
E07000179,2026-27,85.84508602229934
E07000180,2022-23,87.8725526873675
E07000180,2023-24,
E07000180,2024-25,89.44361984437548
E07000180,2025-26,89.98457291328353
E07000180,2026-27,86.93344222131482
E07000181,2022-23,92.89596763999495
E07000181,2023-24,92.97885330521174
E07000181,2024-25,94.99147242751563
E07000181,2025-26,91.85846597526482
E07000181,2026-27,81.77629644152535
E07000187,2022-23,76.17239196731688
E07000188,2022-23,88.76575505350773
E07000189,2022-23,88.96721532649757
E07000192,2022-23,88.31104199066874
E07000192,2023-24,88.51843291344042
E07000192,2024-25,88.12062836830638
E07000192,2025-26,87.26535028401406
E07000192,2026-27,85.88693567718738
E07000193,2022-23,89.91892085814737
E07000193,2023-24,88.57729138166894
E07000193,2024-25,88.71030532228464
E07000193,2025-26,90.23543616057954
E07000193,2026-27,84.20353772466449
E07000194,2022-23,88.40465564015052
E07000194,2023-24,90.16283238721243
E07000194,2024-25,86.18128985390265
E07000194,2025-26,78.0559646539028
E07000194,2026-27,76.50795263986991
E07000195,2022-23,90.9010117582718
E07000195,2023-24,89.7432717350862
E07000195,2024-25,87.04071499503476
E07000195,2025-26,84.91325547114185
E07000195,2026-27,84.005921701941
E07000196,2022-23,81.83229813664596
E07000196,2023-24,81.81724898671182
E07000196,2024-25,82.30783794017418
E07000196,2025-26,58.50128499932369
E07000196,2026-27,55.36364443655093
E07000197,2022-23,85.97753924427623
E07000197,2023-24,86.77785110084588
E07000197,2024-25,87.68616262482168
E07000197,2025-26,85.30476765238383
E07000197,2026-27,84.86769059955589
E07000198,2022-23,94.5591164222343
E07000198,2023-24,90.93413079405052
E07000198,2024-25,
E07000198,2025-26,92.78419679463288
E07000198,2026-27,92.81273485003757
E07000199,2022-23,
E07000199,2023-24,93.10016330974415
E07000199,2024-25,93.82835101253616
E07000199,2025-26,89.82642578816862
E07000199,2026-27,88.07134894091416
E07000200,2022-23,90.86849399445641
E07000200,2023-24,87.5962480750385
E07000200,2024-25,84.69881283892715
E07000200,2025-26,88.65372485808396
E07000200,2026-27,82.04018347438465
E07000202,2022-23,80.80348754180916
E07000202,2023-24,87.69142419601837
E07000202,2024-25,90.17796640393738
E07000202,2025-26,71.30698459736053
E07000202,2026-27,74.35474088550441
E07000203,2022-23,82.5614731502922
E07000203,2023-24,88.98807495741056
E07000203,2024-25,86.42540308385553
E07000203,2025-26,86.36770827844232
E07000203,2026-27,86.1877686867286
E07000207,2022-23,73.82177402757769
E07000207,2023-24,72.5
E07000207,2024-25,66.9749949176662
E07000207,2025-26,66.34650679065214
E07000207,2026-27,64.11196641007697
E07000208,2022-23,72.7703002514421
E07000208,2023-24,71.57520461559103
E07000208,2024-25,71.42041851616995
E07000208,2025-26,69.29997535124477
E07000208,2026-27,66.07777717004868
E07000209,2022-23,81.92054045359498
E07000209,2023-24,79.75165007271507
E07000209,2024-25,48.529262086513995
E07000209,2025-26,80.26123533318574
E07000209,2026-27,
E07000210,2022-23,85.46047098402019
E07000210,2023-24,52.86681715575621
E07000210,2024-25,55.3853595614318
E07000210,2025-26,66.58171819462142
E07000210,2026-27,73.12863165090577
E07000211,2022-23,86.38138138138139
E07000211,2023-24,87.47089764594291
E07000211,2024-25,87.51672637803773
E07000211,2025-26,87.2175741577558
E07000211,2026-27,84.72128092172144
E07000212,2022-23,84.01242681323933
E07000212,2023-24,85.81892762965133
E07000212,2024-25,84.94173602853745
E07000212,2025-26,84.28742395532063
E07000212,2026-27,86.98299188248937
E07000213,2022-23,76.42719938532463
E07000213,2023-24,73.85554792788236
E07000213,2024-25,65.95987483894717
E07000213,2025-26,67.31300074059112
E07000213,2026-27,66.8950975224038
E07000214,2022-23,75.30451866404715
E07000214,2023-24,74.07376981845067
E07000214,2024-25,78.39939789262418
E07000214,2025-26,76.87507500300012
E07000214,2026-27,75.97123906136781
E07000215,2022-23,92.34550561797752
E07000215,2023-24,89.63273568536727
E07000215,2024-25,90.08383727322705
E07000215,2025-26,88.45610494450051
E07000215,2026-27,88.65136749449859
E07000216,2022-23,93.16011410145107
E07000216,2023-24,84.21376608841634
E07000216,2024-25,85.69621484869126
E07000216,2025-26,81.12147879538318
E07000216,2026-27,132.05574912891987
E07000217,2022-23,64.26210662451501
E07000217,2023-24,
E07000217,2024-25,97.16609988664399
E07000217,2025-26,58.881421027364375
E07000217,2026-27,94.23270820729986
E07000218,2022-23,88.13270948532539
E07000218,2023-24,88.76204067070995
E07000218,2024-25,89.07125700560448
E07000218,2025-26,88.54122321555272
E07000218,2026-27,62.32537913790292
E07000219,2022-23,
E07000219,2023-24,93.0524885340581
E07000219,2024-25,60.817606931235375
E07000219,2025-26,98.72825264750378
E07000219,2026-27,99.45119891928402
E07000220,2022-23,87.27801820623787
E07000220,2023-24,88.95579671784013
E07000220,2024-25,93.96669931439764
E07000220,2025-26,84.18617771509167
E07000220,2026-27,77.60318289595305
E07000221,2022-23,84.8584455519033
E07000221,2023-24,78.91368972640701
E07000221,2024-25,78.90828248427226
E07000221,2025-26,80.73458073458073
E07000221,2026-27,79.48577466442296
E07000222,2022-23,
E07000222,2023-24,75.38345983554713
E07000222,2024-25,
E07000222,2025-26,93.18189246608922
E07000222,2026-27,
E07000223,2022-23,84.99109108059952
E07000223,2023-24,83.9603219165263
E07000223,2024-25,81.06384916659077
E07000223,2025-26,83.52822949022475
E07000223,2026-27,78.84675163195524
E07000224,2022-23,86.98318751072225
E07000224,2023-24,82.39615612269768
E07000224,2024-25,81.40275174194461
E07000224,2025-26,85.74238271803966
E07000224,2026-27,74.58451816745655
E07000225,2022-23,86.46854252292128
E07000225,2023-24,82.39200633644063
E07000225,2024-25,81.23439365975464
E07000225,2025-26,76.84330602509593
E07000225,2026-27,82.28985803288735
E07000226,2022-23,85.38093164997824
E07000226,2023-24,82.4963795060472
E07000226,2024-25,75.03467875630139
E07000226,2025-26,72.51333333333334
E07000226,2026-27,62.82276182562398
E07000227,2022-23,88.83780332056195
E07000227,2023-24,85.24805607271931
E07000227,2024-25,87.63403425706726
E07000227,2025-26,84.30335861321777
E07000227,2026-27,85.49936111454598
E07000228,2022-23,81.68878469460375
E07000228,2023-24,80.7137661003894
E07000228,2024-25,82.46086991510079
E07000228,2025-26,83.08096180185665
E07000228,2026-27,80.67448294032407
E07000229,2022-23,74.49584026622296
E07000229,2023-24,71.20305851883826
E07000229,2024-25,69.38611589213998
E07000229,2025-26,67.30514775376473
E07000229,2026-27,64.98410174880763
E07000234,2022-23,89.57554614170613
E07000234,2023-24,89.79608093038075
E07000234,2024-25,
E07000234,2025-26,88.69260288474263
E07000234,2026-27,88.86912325285896
E07000235,2022-23,91.51430415143041
E07000235,2023-24,90.86513733155026
E07000235,2024-25,92.82099665494468
E07000235,2025-26,92.96299231317855
E07000235,2026-27,94.09990436253955
E07000236,2022-23,83.21523199211289
E07000236,2023-24,83.20699351999022
E07000236,2024-25,
E07000236,2025-26,57.211469874934615
E07000236,2026-27,56.74242077827061
E07000237,2022-23,85.32544378698225
E07000237,2023-24,84.19770274973895
E07000237,2024-25,83.86113589057389
E07000237,2025-26,81.89999323364233
E07000237,2026-27,79.53951764777352
E07000238,2022-23,92.3899102180419
E07000238,2023-24,89.42458100558659
E07000238,2024-25,80.24702172389628
E07000238,2025-26,78.02392931129243
E07000238,2026-27,65.80752314458832
E07000239,2022-23,81.94970719944885
E07000239,2023-24,84.17503371796793
E07000239,2024-25,84.52069866593315
E07000239,2025-26,83.24097076246895
E07000239,2026-27,82.71687587168759
E07000240,2022-23,88.70038412291933
E07000240,2023-24,86.59722222222223
E07000240,2024-25,85.33908754623921
E07000240,2025-26,80.74220746039857
E07000240,2026-27,74.52713452359909
E07000241,2022-23,79.93560761748185
E07000241,2023-24,82.21524780959854
E07000241,2024-25,81.938414267584
E07000241,2025-26,75.84588185088094
E07000241,2026-27,81.3571961222968
E07000242,2022-23,84.94097807757167
E07000242,2023-24,85.76702873347959
E07000242,2024-25,85.56417645754821
E07000242,2025-26,82.87597178602688
E07000242,2026-27,65.87090671591369
E07000243,2022-23,88.59744707347447
E07000243,2023-24,91.26296958855099
E07000243,2024-25,95.16762519287417
E07000243,2025-26,96.66436622958362
E07000243,2026-27,91.34858161295114
E07000244,2022-23,85.82617606870974
E07000244,2023-24,84.90489351324987
E07000244,2024-25,83.68645574120157
E07000244,2025-26,81.4749504046352
E07000244,2026-27,79.4109396914446
E07000245,2022-23,80.57199211045365
E07000245,2023-24,78.48657282619547
E07000245,2024-25,84.89886607416489
E07000245,2025-26,83.35666783339167
E07000245,2026-27,81.92783228060745
E07000246,2022-23,79.4303069347936
E08,2024-25,12.88442087159154
E08,2025-26,12.951770099062998
E08,2026-27,13.046768096743278
E08000001,2022-23,9.148277057123844
E08000001,2023-24,8.756772560051125
E08000001,2024-25,8.602977207755217
E08000001,2025-26,8.354489238964732
E08000001,2026-27,8.114596414158429
E08000002,2022-23,9.918299875511051
E08000002,2023-24,9.125278384054035
E08000002,2024-25,9.344121119933238
E08000002,2025-26,7.8450007376053925
E08000002,2026-27,7.712289816407484
E08000003,2022-23,11.933103503822814
E08000003,2023-24,12.258306937021091
E08000003,2024-25,12.396675371545227
E08000003,2025-26,12.483935614620188
E08000003,2026-27,12.166436083312602
E08000004,2022-23,13.594777637216325
E08000004,2023-24,14.154617620341222
E08000004,2024-25,12.812692917455427
E08000004,2025-26,12.570983011333654
E08000004,2026-27,13.317341895917428
E08000005,2022-23,12.196008233262772
E08000005,2023-24,13.264467265033288
E08000005,2024-25,12.425839923015774
E08000005,2025-26,11.733555639643049
E08000005,2026-27,12.181826658585482
E08000006,2022-23,10.295513912549687
E08000006,2023-24,12.451862380003336
E08000006,2024-25,11.061357283599872
E08000006,2025-26,11.564336034756183
E08000006,2026-27,11.524431182942614
E08000007,2022-23,10.115121782167495
E08000007,2023-24,9.907741282582851
E08000007,2024-25,9.1975333157623
E08000007,2025-26,8.584676763552963
E08000007,2026-27,8.463930756794777
E08000008,2022-23,9.56777881783038
E08000008,2023-24,9.319422422870698
E08000008,2024-25,9.663376607256454
E08000008,2025-26,9.496746527145389
E08000008,2026-27,9.940565793953215
E08000009,2022-23,8.482062070213535
E08000009,2023-24,10.52503535207627
E08000009,2024-25,10.088274955522568
E08000009,2025-26,9.726387276235664
E08000009,2026-27,9.477771283384824
E08000010,2022-23,11.054049096929269
E08000010,2023-24,12.024440216086852
E08000010,2024-25,12.420671754810913
E08000010,2025-26,12.274712838956575
E08000010,2026-27,12.306118174699414
E08000011,2022-23,15.415778251599146
E08000011,2023-24,21.82773606285878
E08000011,2024-25,17.26371264128701
E08000011,2025-26,16.24804829699819
E08000011,2026-27,15.505497083592884
E08000012,2022-23,11.053808153759627
E08000012,2023-24,11.21090059829957
E08000012,2024-25,10.210876427632737
E08000012,2025-26,10.012742071197932
E08000012,2026-27,9.857683106554541
E08000013,2022-23,9.848862940816423
E08000013,2023-24,9.887432915793417
E08000013,2024-25,8.847049801586781
E08000013,2025-26,10.966933422800249
E08000013,2026-27,11.135701419478838
E08000014,2022-23,11.54582288426313
E08000014,2023-24,11.541184156078215
E08000014,2024-25,10.478724113814414
E08000014,2025-26,10.430158367555105
E08000014,2026-27,9.493807433185001
E08000015,2022-23,10.103755284755037
E08000015,2023-24,12.018842125558745
E08000015,2024-25,9.471364561719772
E08000015,2025-26,9.708200094704166
E08000015,2026-27,10.411024638678231
E08000016,2022-23,12.572122453532353
E08000016,2023-24,14.091740938211192
E08000016,2024-25,13.7325778733981
E08000017,2022-23,16.683014569811313
E08000017,2023-24,17.026156570338898
E08000017,2024-25,16.10133714452817
E08000017,2025-26,17.159587846260578
E08000017,2026-27,15.642157079382779
E08000018,2022-23,12.751150620283624
E08000018,2023-24,12.727724975780902
E08000018,2024-25,13.03700341810033
E08000018,2025-26,13.192906790919768
E08000018,2026-27,13.794682772477543
E08000019,2022-23,19.121439449489536
E08000019,2023-24,20.054380857938007
E08000019,2024-25,17.86950382302825
E08000021,2022-23,10.316713634905078
E08000021,2023-24,10.524691843280296
E08000021,2024-25,10.467318294302558
E08000021,2025-26,10.770397970107986
E08000021,2026-27,10.53766124906779
E08000022,2022-23,15.415747813940637
E08000022,2023-24,16.578586761270717
E08000022,2024-25,15.541888448599487
E08000022,2025-26,14.077916538603874
E08000022,2026-27,12.866453735309433
E08000023,2022-23,15.4781054512958
E08000023,2023-24,15.606853043358292
E08000023,2024-25,14.506204567148837
E08000023,2025-26,13.184104487981104
E08000023,2026-27,12.017398787891356
E08000024,2022-23,18.581583450750575
E08000024,2023-24,20.166261115385304
E08000024,2024-25,18.544627304268626
E08000024,2025-26,19.440778316841904
E08000024,2026-27,19.127141718058716
E08000025,2022-23,15.044476963072848
E08000025,2023-24,11.93979022863137
E08000025,2024-25,11.258331418575535
E08000025,2025-26,12.37769764061277
E08000025,2026-27,13.900074134913693
E08000026,2022-23,14.832469101811062
E08000026,2023-24,14.063091044750221
E08000026,2024-25,12.492773461089415
E08000026,2025-26,12.227605955510022
E08000026,2026-27,
E08000027,2022-23,15.200799921999307
E08000027,2023-24,14.634817504299637
E08000027,2024-25,14.166427139463046
E08000027,2025-26,15.32527010570495
E08000027,2026-27,
E08000028,2022-23,13.563989168908996
E08000028,2023-24,13.801546353297862
E08000028,2024-25,12.457937457447136
E08000028,2025-26,14.295642452192372
E08000028,2026-27,13.989611409599629
E08000029,2022-23,13.059723979991563
E08000029,2023-24,13.608539333198758
E08000029,2024-25,11.992844776634639
E08000029,2025-26,11.28285753820755
E08000029,2026-27,10.913806007503421
E08000030,2022-23,16.68684218720807
E08000030,2023-24,16.270558991125984
E08000030,2024-25,15.491042069391579
E08000030,2025-26,14.957404906170064
E08000030,2026-27,14.641836677642711
E08000031,2022-23,14.211861235464513
E08000031,2023-24,14.270296725292239
E08000031,2024-25,13.566011393477176
E08000031,2025-26,12.543455843445189
E08000031,2026-27,12.517247210010146
E08000032,2022-23,12.219175032995535
E08000032,2023-24,12.19918433756864
E08000032,2024-25,11.902519879292495
E08000032,2025-26,12.139705658174977
E08000032,2026-27,12.601814617877642
E08000033,2022-23,16.12588121152719
E08000033,2023-24,17.447528526400664
E08000033,2024-25,16.91798098511517
E08000033,2025-26,15.772714478155097
E08000033,2026-27,15.56069420766584
E08000034,2022-23,13.26534176773008
E08000034,2023-24,12.898538022442812
E08000034,2024-25,12.198123236872284
E08000034,2025-26,11.664920867941035
E08000034,2026-27,11.716276807089605
E08000035,2022-23,13.69944804265018
E08000035,2023-24,16.000283333953423
E08000035,2024-25,15.596104121931736
E08000035,2025-26,15.342143635554327
E08000035,2026-27,14.796320661403804
E08000036,2022-23,19.944488501189532
E08000036,2023-24,19.788667682088004
E08000036,2024-25,18.755711810150668
E08000036,2025-26,18.91575195219393
E08000036,2026-27,19.15659362527149
E08000037,2022-23,13.13187199213124
E08000037,2023-24,13.601694244737134
E08000037,2024-25,14.70059999402991
E08000037,2025-26,14.78144391271495
E08000037,2026-27,14.47699423841597
E08000038,2025-26,12.570904974493727
E08000038,2026-27,14.60116603169891
E08000039,2025-26,18.395892619194065
E08000039,2026-27,18.50478202308162
E09,2024-25,11.396346522235627
E09,2025-26,11.031536232842948
E09,2026-27,10.964220624508659
E09000001,2022-23,35.75219109123363
E09000001,2023-24,28.38273401858684
E09000001,2024-25,28.113918866412067
E09000001,2025-26,26.148296615532146
E09000001,2026-27,28.03665370162832
E09000002,2022-23,6.402612472915105
E09000002,2023-24,6.315408317103752
E09000002,2024-25,5.732536369363887
E09000002,2025-26,5.970090027529079
E09000002,2026-27,5.469776406137676
E09000003,2022-23,10.493791499824884
E09000003,2023-24,11.130222540308424
E09000003,2024-25,9.036625240250244
E09000003,2025-26,9.427855007706453
E09000003,2026-27,10.100988459362007
E09000004,2022-23,20.370025898951162
E09000004,2023-24,19.781579016808717
E09000004,2024-25,15.075162331149814
E09000004,2025-26,15.082975747079885
E09000004,2026-27,14.033162016368632
E09000005,2022-23,11.424153451084706
E09000005,2023-24,13.94283026841786
E09000005,2024-25,13.679324881685545
E09000005,2025-26,12.833239619697933
E09000005,2026-27,12.472255142214365
E09000006,2022-23,18.039164863078497
E09000006,2023-24,17.08125192330385
E09000006,2024-25,16.542543464140902
E09000006,2025-26,14.613846177244453
E09000006,2026-27,13.526165463646816
E09000007,2022-23,10.614199147153437
E09000007,2023-24,10.919836693692073
E09000007,2024-25,11.643733127170478
E09000007,2025-26,11.43309587521998
E09000007,2026-27,12.068580293493978
E09000008,2022-23,7.510601360389333
E09000008,2023-24,11.994687094776745
E09000008,2024-25,11.175206827380741
E09000008,2025-26,10.740770700200981
E09000008,2026-27,9.408495155035347
E09000009,2022-23,6.268220869573626
E09000009,2023-24,5.733464461978466
E09000009,2024-25,7.2532814778804084
E09000009,2025-26,6.750402846826636
E09000009,2026-27,7.760933337359276
E09000010,2022-23,7.277773719962019
E09000010,2023-24,6.972475189526813
E09000010,2024-25,6.7457635449819975
E09000010,2025-26,6.104855710081948
E09000010,2026-27,7.367807179557389
E09000011,2022-23,10.911079900848923
E09000011,2023-24,12.455077284516346
E09000011,2024-25,13.584304141290556
E09000011,2025-26,
E09000011,2026-27,
E09000012,2022-23,11.625206079254577
E09000012,2023-24,11.670710556416363
E09000012,2024-25,11.767065215322324
E09000012,2025-26,11.148453548439836
E09000012,2026-27,10.535060208644184
E09000013,2022-23,10.653806689924071
E09000013,2023-24,10.060900590551181
E09000013,2024-25,11.12531969309463
E09000013,2025-26,11.628696301479303
E09000013,2026-27,13.71962148273485
E09000014,2022-23,8.976335388804356
E09000014,2023-24,7.144817938757629
E09000014,2024-25,6.371595254359724
E09000014,2025-26,10.272505280819763
E09000014,2026-27,7.135983469857902
E09000015,2022-23,10.504019051467122
E09000015,2023-24,10.332805785379975
E09000015,2024-25,10.775731658018046
E09000015,2025-26,10.555159675211431
E09000015,2026-27,9.945009172239965
E09000016,2022-23,11.047996231700816
E09000016,2023-24,9.56960834497738
E09000016,2024-25,10.153239334451648
E09000016,2025-26,10.000232880172403
E09000016,2026-27,8.318419453295771
E09000017,2022-23,13.97648719752751
E09000017,2023-24,
E09000017,2024-25,8.444174558873332
E09000017,2025-26,9.022866810279973
E09000017,2026-27,9.297592725706608
E09000018,2022-23,12.790479781275188
E09000018,2023-24,13.736145562995569
E09000018,2024-25,13.601425824996955
E09000018,2025-26,13.195316303261677
E09000018,2026-27,13.47849594175744
E09000019,2022-23,8.028693346821292
E09000019,2023-24,4.088607892749971
E09000019,2024-25,6.699067821003919
E09000019,2025-26,7.644700654703749
E09000019,2026-27,6.125678932412503
E09000020,2022-23,16.465074537567933
E09000020,2023-24,19.07226875947965
E09000020,2024-25,19.123824404314774
E09000020,2025-26,16.779932310889418
E09000020,2026-27,16.76525887470184
E09000021,2022-23,17.655733346626125
E09000021,2023-24,17.200503021678028
E09000021,2024-25,15.008350304063814
E09000021,2025-26,14.157691545907053
E09000021,2026-27,12.728302762384324
E09000022,2022-23,13.14311317222016
E09000022,2023-24,9.744413625311639
E09000022,2024-25,8.64443532790248
E09000022,2025-26,6.286064350466955
E09000022,2026-27,4.710719163422142
E09000023,2022-23,9.00414985824455
E09000023,2023-24,10.043005568058947
E09000023,2024-25,10.048540113123838
E09000023,2025-26,10.161264934898844
E09000023,2026-27,11.301652771512101
E09000024,2022-23,6.988672466105436
E09000024,2023-24,6.7326570889492
E09000024,2024-25,8.592455839310155
E09000024,2025-26,9.766033397618264
E09000024,2026-27,10.878816805931109
E09000025,2022-23,7.303144627201186
E09000025,2023-24,9.993706592704452
E09000025,2024-25,10.95764286168202
E09000025,2025-26,7.819847853916978
E09000025,2026-27,9.673194951814246
E09000026,2022-23,6.9056414810895586
E09000026,2023-24,6.3076965048748965
E09000026,2024-25,7.4252453147996995
E09000026,2025-26,
E09000026,2026-27,7.510732882607272
E09000027,2022-23,11.251035512540355
E09000027,2023-24,12.596724742067355
E09000027,2024-25,12.650808181557338
E09000027,2025-26,
E09000027,2026-27,12.338644540715178
E09000028,2022-23,
E09000028,2023-24,21.09480805498247
E09000028,2024-25,22.77281795066678
E09000028,2025-26,18.984968601635643
E09000028,2026-27,16.611502924534534
E09000029,2022-23,13.61944984203778
E09000029,2023-24,13.377388983434749
E09000029,2024-25,11.872081428485803
E09000029,2025-26,12.627316329594358
E09000029,2026-27,11.670034155962862
E09000030,2022-23,13.448093261993955
E09000030,2023-24,15.461134891121308
E09000030,2024-25,14.97767247828198
E09000030,2025-26,15.916353197386655
E09000030,2026-27,15.585147838050828
E09000031,2022-23,10.165361930294907
E09000031,2023-24,13.179210358561077
E09000031,2024-25,11.029406626274485
E09000031,2025-26,10.953492102604132
E09000031,2026-27,12.850368497865395
E09000032,2022-23,4.2017190929041695
E09000032,2023-24,6.4769381746810595
E09000032,2024-25,8.269555808296213
E09000032,2025-26,
E09000032,2026-27,8.23255297903029
E09000033,2022-23,10.851814418964581
E09000033,2023-24,11.380417335473515
E09000033,2024-25,11.421034450271645
E09000033,2025-26,8.588206812214063
E09000033,2026-27,9.173142269152383
E10,2024-25,10.718152842627317
E10,2025-26,10.112421043593557
E10,2026-27,9.520558248251564
E10000003,2022-23,12.305747520626552
E10000003,2023-24,11.208427780931299
E10000003,2024-25,9.520980400754155
E10000003,2025-26,9.85706512174548
E10000003,2026-27,9.409003846654084
E10000006,2022-23,13.613853732943069
E10000007,2022-23,10.505351923812402
E10000007,2023-24,10.584358755273259
E10000007,2024-25,10.951401417893647
E10000007,2025-26,9.285614802511104
E10000007,2026-27,8.08133458358746
E10000008,2022-23,11.509019247708487
E10000008,2023-24,10.997363074839425
E10000008,2024-25,10.640168570337053
E10000008,2025-26,10.648334410726314
E10000008,2026-27,11.24320113607379
E10000011,2022-23,12.084165175385062
E10000011,2023-24,13.768391243362027
E10000011,2024-25,12.171028622783846
E10000011,2025-26,11.334017601161504
E10000011,2026-27,10.377052667364552
E10000012,2022-23,14.488256247859718
E10000012,2023-24,14.083641761972281
E10000012,2024-25,12.564820993954621
E10000012,2025-26,11.447560512229103
E10000012,2026-27,11.02450214257327
E10000013,2022-23,12.58773087458136
E10000013,2023-24,12.74302833764644
E10000013,2024-25,11.223844750128883
E10000013,2025-26,10.875520651755078
E10000013,2026-27,10.83392121798763
E10000014,2022-23,9.261492476783022
E10000014,2023-24,8.801253439246864
E10000014,2024-25,8.386232668887915
E10000014,2025-26,7.2236358870209685
E10000014,2026-27,6.965167219214638
E10000015,2022-23,9.936230732919817
E10000015,2023-24,10.393806668289068
E10000015,2024-25,9.243527880136769
E10000015,2025-26,8.556349499181422
E10000015,2026-27,8.076322333582238
E10000016,2022-23,11.100547777463431
E10000016,2023-24,11.477473129420323
E10000016,2024-25,10.756518169160232
E10000016,2025-26,9.753803923020302
E10000016,2026-27,10.01082377169662
E10000017,2022-23,9.70597296890636
E10000017,2023-24,9.627474932903194
E10000017,2024-25,9.240238300011121
E10000017,2025-26,8.970233718218621
E10000017,2026-27,8.700957298458523
E10000018,2022-23,13.207983967408799
E10000018,2023-24,12.162386679669158
E10000018,2024-25,13.143898020327503
E10000018,2025-26,12.842847136414793
E10000018,2026-27,11.15167981318156
E10000019,2022-23,13.40028153071442
E10000019,2023-24,13.893340234301128
E10000019,2024-25,13.123802188342433
E10000019,2025-26,11.424956113830563
E10000019,2026-27,11.246354538246603
E10000020,2022-23,11.513611352208663
E10000020,2023-24,10.769828489481883
E10000020,2024-25,10.365960986494889
E10000020,2025-26,10.125417327865136
E10000020,2026-27,9.59284419832533
E10000023,2022-23,11.74555561911096
E10000024,2022-23,10.54578825906482
E10000024,2023-24,9.783737489142665
E10000024,2024-25,9.155324246550705
E10000024,2025-26,8.619328923886988
E10000024,2026-27,6.857018621448663
E10000025,2022-23,11.14240679263211
E10000025,2023-24,11.383536150426103
E10000025,2024-25,10.079339114929796
E10000025,2025-26,10.326525506446645
E10000025,2026-27,9.832512855408302
E10000027,2022-23,13.746608928591698
E10000028,2022-23,12.486752728729263
E10000028,2023-24,12.831774150367831
E10000028,2024-25,12.316063598627844
E10000028,2025-26,11.774832471250456
E10000028,2026-27,11.420136433990026
E10000029,2022-23,8.628342857142858
E10000029,2023-24,8.465022879289998
E10000029,2024-25,8.04937648813616
E10000029,2025-26,7.8776859783684134
E10000029,2026-27,7.291230556181765
E10000030,2022-23,12.212991360493636
E10000030,2023-24,11.493342675731256
E10000030,2024-25,12.140617312839035
E10000030,2025-26,12.008075080212297
E10000030,2026-27,10.88513448651399
E10000031,2022-23,10.976374495340236
E10000031,2023-24,10.446235265816695
E10000031,2024-25,10.700337899512695
E10000031,2025-26,10.42161384032268
E10000031,2026-27,8.334146078100128
E10000032,2022-23,11.67133572614258
E10000032,2023-24,12.469252478753797
E10000032,2024-25,11.630674803723537
E10000032,2025-26,11.897329279347097
E10000032,2026-27,10.367757068703202
E10000034,2022-23,14.219380418545562
E10000034,2023-24,13.581384906931138
E10000034,2024-25,13.633912626804262
E10000034,2025-26,11.824921028497673
E10000034,2026-27,10.56792593475768
E12000007,2022-23,31.447824672607716
E12000007,2023-24,28.8927785873034
E12000007,2024-25,50.87712577669407
E12000007,2024-25,50.87712577669407
E12000007,2025-26,57.66888807820064
E12000007,2025-26,57.66888807820064
E12000007,2026-27,59.25715177420642
E12000007,2026-27,59.25715177420642
E23,2024-25,1.037396652379597
E23,2025-26,1.003321746495792
E23,2026-27,0.9039723214066565
E23000002,2022-23,0.8580169213364988
E23000002,2023-24,0.5466091081873499
E23000002,2024-25,0.6685336188671993
E23000002,2025-26,1.253366875031763
E23000002,2026-27,-0.26351901101436603
E23000003,2022-23,0.5988411614281552
E23000003,2023-24,0.5095774801107329
E23000003,2024-25,0.49452471840289924
E23000003,2025-26,0.5030137039613546
E23000003,2026-27,0.498906796749196
E23000004,2022-23,0.3599554028624905
E23000004,2023-24,0.3640845603542905
E23000004,2024-25,0.35542623127492184
E23000004,2025-26,0.37667370665791794
E23000004,2026-27,0.3707382178418743
E23000006,2022-23,0.5881758123230416
E23000006,2023-24,0.5312415942785715
E23000006,2024-25,0.5697200924465314
E23000006,2025-26,0.614589889360063
E23000006,2026-27,0.647571768737398
E23000007,2022-23,0.551472715699323
E23000007,2023-24,0.5339751877722393
E23000007,2024-25,0.49609047025810077
E23000007,2025-26,0.517636755436223
E23000007,2026-27,0.5352480129607271
E23000008,2022-23,0.8326099788201798
E23000008,2023-24,0.884125745243233
E23000008,2024-25,1.0323052988011348
E23000008,2025-26,1.1759317507090907
E23000008,2026-27,1.158764056369991
E23000009,2022-23,0.8270761587534579
E23000009,2023-24,0.818116096551222
E23000009,2024-25,0.7995804229146304
E23000010,2022-23,1.7059480329048704
E23000010,2023-24,1.5815117716048896
E23000010,2024-25,1.4455833036292347
E23000010,2025-26,1.3149692173339074
E23000010,2026-27,1.3470010276954094
E23000011,2022-23,0.04015987454820141
E23000011,2023-24,0.03846130365504484
E23000011,2024-25,0.03559392417364185
E23000011,2026-27,0.03202301590730608
E23000012,2022-23,0.5023842738222234
E23000012,2023-24,0.0
E23000012,2024-25,0.5402839138998533
E23000012,2025-26,0.5774847577340386
E23000012,2026-27,0.5665334424114431
E23000013,2022-23,1.2206331351438213
E23000013,2023-24,1.2350936967632027
E23000013,2024-25,1.1315930598514683
E23000013,2025-26,1.21580547112462
E23000013,2026-27,1.1083247283276787
E23000014,2022-23,0.3396707788552922
E23000014,2023-24,0.34805847283638663
E23000014,2024-25,0.437343825967007
E23000014,2025-26,0.4715242334176607
E23000014,2026-27,0.4700874997347421
E23000015,2022-23,1.2598383133302469
E23000015,2023-24,0.44540708184618494
E23000015,2024-25,0.5202686394477031
E23000015,2025-26,0.48769777854561686
E23000015,2026-27,0.32086791111854346
E23000016,2022-23,7.9280430657217
E23000016,2023-24,8.576336315881049
E23000016,2024-25,8.237474768386729
E23000016,2025-26,3.815928956372154
E23000016,2026-27,2.579373593835251
E23000017,2022-23,2.5875665235689524
E23000017,2023-24,2.5465467405170603
E23000017,2024-25,2.4596452917047835
E23000017,2025-26,2.490276728503875
E23000017,2026-27,2.3928874174837635
E23000018,2022-23,0.7851385483990788
E23000018,2023-24,0.7824248436721447
E23000018,2024-25,0.7380606653777346
E23000018,2025-26,0.8064087474847185
E23000018,2026-27,0.8622339369211605
E23000019,2022-23,2.698125425473625
E23000019,2023-24,2.81698918699947
E23000019,2024-25,2.393258309489041
E23000019,2025-26,2.1264528914413856
E23000019,2026-27,2.065937524588874
E23000020,2022-23,2.2811174944272947
E23000020,2023-24,2.2814888444128036
E23000020,2024-25,2.000759412331688
E23000020,2025-26,1.883571915473756
E23000020,2026-27,0.7749812462815903
E23000021,2022-23,0.7306889352818372
E23000021,2023-24,0.7390932711893958
E23000021,2024-25,0.7973865392721652
E23000021,2025-26,0.9449336792487302
E23000021,2026-27,1.2747778303082626
E23000022,2022-23,2.6498915513323693
E23000022,2023-24,3.732044569740905
E23000022,2024-25,0.8327531289917602
E23000022,2025-26,0.8626811498908498
E23000022,2026-27,0.6074186465968981
E23000023,2022-23,1.547571913033
E23000023,2023-24,2.287392274377707
E23000023,2024-25,1.4457466154778744
E23000023,2025-26,1.447921758024787
E23000023,2026-27,0.8102130337411391
E23000024,2022-23,0.0
E23000024,2023-24,0.0
E23000024,2024-25,0.0
E23000024,2025-26,0.0
E23000024,2026-27,0.0
E23000025,2022-23,0.0
E23000025,2023-24,0.0
E23000025,2024-25,0.0
E23000025,2025-26,0.0
E23000025,2026-27,0.0
E23000026,2022-23,0.8682815019133272
E23000026,2023-24,0.9567758034785008
E23000026,2024-25,0.9223875894820978
E23000026,2025-26,0.9731450424081868
E23000026,2026-27,0.9548702917491351
E23000027,2022-23,0.9240012015620307
E23000027,2023-24,0.927908089995213
E23000027,2024-25,0.9135693801641159
E23000027,2025-26,0.8735331157573348
E23000027,2026-27,0.7611923527617702
E23000028,2022-23,0.6595037234481053
E23000028,2023-24,0.6985389199031345
E23000028,2024-25,0.7270247130356546
E23000028,2025-26,0.45004721477476434
E23000028,2026-27,0.43213177879987164
E23000029,2022-23,0.39551131408683765
E23000029,2023-24,0.42325003117689963
E23000029,2024-25,0.4413963509458969
E23000029,2025-26,0.4351932082599087
E23000029,2026-27,0.4376162039218776
E23000030,2022-23,0.0
E23000030,2023-24,0.0
E23000030,2024-25,0.0
E23000030,2025-26,0.0
E23000030,2026-27,0.0
E23000031,2022-23,1.5671064498764782
E23000031,2023-24,2.1675352793077427
E23000031,2024-25,2.7787102430312256
E23000031,2025-26,2.370420918762989
E23000031,2026-27,2.3646952505271615
E23000032,2022-23,1.9789192808580751
E23000032,2023-24,1.8966424789268623
E23000032,2024-25,2.0067967816030197
E23000032,2025-26,2.7097521494478207
E23000032,2026-27,3.2446146330701713
E23000033,2022-23,0.46077292231094463
E23000033,2023-24,0.9725239685679389
E23000033,2024-25,1.0599945238264257
E23000033,2025-26,2.2590938709801067
E23000033,2026-27,2.1588800424143257
E23000035,2022-23,0.5761204242216901
E23000035,2023-24,0.5518550898173593
E23000035,2024-25,0.5884466075670665
E23000035,2025-26,0.6459872113319746
E23000035,2026-27,0.6223116663396894
E23000036,2022-23,0.5030400413413324
E23000036,2023-24,0.5851979345955249
E23000036,2024-25,0.6116229725303676
E23000036,2025-26,0.6256122046458853
E23000036,2026-27,0.6129230924450293
E23000037,2022-23,1.025923503287775
E23000037,2023-24,0.7891170577669997
E23000037,2024-25,0.7733084615293798
E23000037,2025-26,0.9438829876728769
E23000037,2026-27,0.8409834335760261
E23000038,2022-23,1.6672097317258607
E23000038,2023-24,1.6536089568830894
E23000038,2024-25,0.0
E23000038,2025-26,0.0
E23000038,2026-27,0.0
E23000039,2022-23,0.7904944873410751
E23000039,2023-24,0.8566864258503959
E23000039,2024-25,0.9748679808675937
E23000039,2025-26,0.9216186281328079
E23000039,2026-27,0.9436267323442601
E26,2024-25,100.0
E26,2025-26,100.0
E26,2026-27,100.0
E26000001,2022-23,100.0
E26000001,2023-24,100.0
E26000001,2024-25,100.0
E26000001,2025-26,100.0
E26000001,2026-27,100.0
E26000002,2022-23,100.0
E26000002,2023-24,100.0
E26000002,2024-25,100.0
E26000002,2025-26,100.0
E26000002,2026-27,100.0
E26000004,2022-23,100.0
E26000004,2023-24,100.0
E26000004,2024-25,100.0
E26000004,2025-26,100.0
E26000004,2026-27,100.0
E26000005,2022-23,100.0
E26000005,2023-24,
E26000005,2024-25,100.0
E26000005,2025-26,100.0
E26000005,2026-27,100.0
E26000006,2022-23,100.0
E26000006,2023-24,100.0
E26000006,2024-25,100.0
E26000006,2025-26,100.0
E26000006,2026-27,100.0
E26000007,2022-23,100.0
E26000007,2023-24,100.0
E26000007,2024-25,100.0
E26000007,2025-26,100.0
E26000007,2026-27,100.0
E26000009,2022-23,100.0
E26000009,2023-24,100.0
E26000009,2024-25,100.0
E26000009,2025-26,100.0
E26000009,2026-27,100.0
E26000010,2022-23,100.0
E26000010,2023-24,100.0
E26000010,2024-25,100.0
E26000010,2025-26,100.0
E26000010,2026-27,100.0
E26000011,2022-23,100.0
E26000011,2023-24,100.0
E26000011,2024-25,100.0
E26000011,2025-26,100.0
E26000011,2026-27,100.0
E26000012,2022-23,100.0
E26000012,2023-24,100.0
E26000012,2024-25,100.0
E26000012,2025-26,100.0
E26000012,2026-27,100.0
E31,2024-25,1.4492689972600092
E31,2025-26,1.4872988956302406
E31,2026-27,2.0138225435585206
E31000001,2022-23,2.0879419412426747
E31000001,2023-24,2.088683752087786
E31000001,2024-25,2.0889335103798943
E31000001,2025-26,2.0890157188578997
E31000001,2026-27,2.0895925970436244
E31000002,2022-23,2.1182509740862145
E31000002,2023-24,1.9619551309391794
E31000002,2024-25,1.7755863267078842
E31000002,2025-26,1.7844047910046443
E31000002,2026-27,1.7816176111680577
E31000003,2022-23,3.3413966346792843
E31000003,2023-24,3.395167195508909
E31000003,2024-25,3.5637316981048235
E31000003,2025-26,3.351029229703926
E31000003,2026-27,3.437449686040895
E31000004,2022-23,2.3525314251337743
E31000004,2023-24,2.193552111293907
E31000004,2024-25,2.3364608107048586
E31000004,2025-26,2.6894925578425113
E31000004,2026-27,2.5578333646793303
E31000005,2022-23,2.938993617337094
E31000005,2023-24,3.5857716580608145
E31000005,2024-25,4.147946084724005
E31000005,2025-26,2.677496991576414
E31000005,2026-27,2.7935543521331394
E31000006,2022-23,2.1566597653554176
E31000006,2023-24,1.9818070116332072
E31000006,2024-25,1.7986582009820673
E31000006,2025-26,2.5992479509261988
E31000006,2026-27,14.704209328782708
E31000007,2022-23,1.3794685278023526
E31000007,2023-24,1.3765528187284437
E31000007,2024-25,1.323898653275508
E31000007,2025-26,1.3255317378885776
E31000007,2026-27,1.2754838042015937
E31000009,2023-24,0.5164505760410272
E31000009,2024-25,0.7469654528478058
E31000009,2025-26,1.8075605578664056
E31000009,2026-27,2.3054309144360206
E31000010,2022-23,1.6626574218197254
E31000010,2023-24,1.8796827761468693
E31000010,2024-25,1.823912159414396
E31000010,2025-26,1.8080667593880388
E31000010,2026-27,1.7753584516312662
E31000011,2022-23,0.8553761593953968
E31000011,2023-24,0.8103589645294913
E31000011,2024-25,0.787470897814646
E31000011,2025-26,0.7833346039490737
E31000011,2026-27,0.7862556291875663
E31000013,2022-23,0.8113524696146884
E31000013,2023-24,0.776539375114197
E31000013,2024-25,0.7060315264689778
E31000013,2025-26,0.778160152036571
E31000013,2026-27,0.8201160541586073
E31000014,2022-23,3.044064429149223
E31000014,2023-24,3.198578409595735
E31000014,2024-25,2.705667276051188
E31000014,2025-26,3.1747552353763915
E31000014,2026-27,3.0111945585943034
E31000015,2022-23,0.07460635331998272
E31000015,2023-24,0.0876992755799565
E31000015,2024-25,0.15235934563329218
E31000015,2025-26,0.14654341989301306
E31000015,2026-27,1.0199644198458193
E31000018,2022-23,4.132134250279198
E31000018,2023-24,5.202078677401115
E31000018,2024-25,5.437113351243438
E31000018,2025-26,5.796688285463141
E31000018,2026-27,5.579519879969992
E31000020,2022-23,0.42911910778077894
E31000020,2023-24,0.47425339815457884
E31000020,2024-25,0.4316907589517617
E31000020,2025-26,0.4102615626779196
E31000020,2026-27,0.412751677852349
E31000022,2022-23,1.3168590473093806
E31000022,2023-24,1.3247451774627312
E31000022,2024-25,2.4100641767903754
E31000022,2025-26,2.090521239102207
E31000022,2026-27,2.1295749033871334
E31000023,2022-23,0.5333032578223181
E31000023,2023-24,0.519148818034175
E31000023,2024-25,0.5849659764687156
E31000023,2025-26,0.5932770513744466
E31000023,2026-27,0.629389078026658
E31000024,2022-23,1.013741249675914
E31000024,2023-24,0.9882420832431653
E31000024,2024-25,0.9137442362198063
E31000024,2025-26,0.9096385542168675
E31000024,2026-27,0.9134771249308694
E31000027,2022-23,0.0
E31000027,2023-24,0.0
E31000027,2024-25,0.0
E31000028,2022-23,10.249266862170089
E31000028,2023-24,0.0
E31000028,2024-25,0.0
E31000028,2025-26,0.0
E31000028,2026-27,0.0
E31000030,2022-23,0.0
E31000030,2023-24,0.0
E31000030,2024-25,0.0
E31000030,2025-26,0.0
E31000030,2026-27,0.0
E31000032,2022-23,1.977587343441002
E31000032,2023-24,1.8353113911660346
E31000032,2024-25,1.4462361703666209
E31000032,2025-26,1.365793696862089
E31000032,2026-27,1.3356484573260319
E31000033,2022-23,1.4555896623428062
E31000033,2023-24,1.4355204447370347
E31000033,2024-25,1.4638048714064442
E31000033,2025-26,1.1732955947933978
E31000033,2026-27,1.0955221113136995
E31000041,2022-23,0.8197825135508198
E31000041,2023-24,0.8538455330481801
E31000041,2024-25,0.8738450656489
E31000041,2025-26,0.8988637800030899
E31000041,2026-27,0.8168366831633168
E31000042,2022-23,1.566408003591355
E31000042,2023-24,1.1254508321383565
E31000042,2024-25,1.1059711052594121
E31000042,2025-26,0.925402292941237
E31000042,2026-27,0.6542130789319405
E31000043,2022-23,-0.5136050704841001
E31000043,2023-24,-0.45507007419620776
E31000043,2024-25,-0.3567463548219969
E31000043,2025-26,0.5350081414282392
E31000043,2026-27,0.5701846780422724
E31000044,2022-23,2.1431279221599766
E31000044,2023-24,2.5671794956675744
E31000044,2024-25,2.248070260742722
E31000044,2025-26,1.9755842846339444
E31000044,2026-27,1.958403536176918
E31000045,2022-23,0.9031329923273658
E31000045,2023-24,1.409705318763271
E31000045,2024-25,1.4098681451800774
E31000045,2025-26,1.3468772835118044
E31000045,2026-27,2.0962335965460435
E31000047,2022-23,2.523844915149263
E31000047,2023-24,2.5247108611843823
E31000047,2024-25,2.524849072170349
E31000047,2025-26,2.524755721686668
E31000047,2026-27,2.524589796215919
E31000048,2022-23,0.0
E31000048,2023-24,0.0
E31000048,2024-25,0.6531340065106056
E31000048,2025-26,0.6950884875371686
E31000048,2026-27,0.761918920676807
E47,2024-25,54.23486838287601
E47,2025-26,46.07504861689884
E47,2026-27,51.09766356616004
E47000001,2022-23,30.74422095164706
E47000001,2023-24,28.76449223290269
E47000001,2024-25,29.62874183333826
E47000001,2025-26,28.468665477355124
E47000001,2026-27,31.641076248802715
E47000002,2022-23,72.33039958694117
E47000002,2023-24,71.68047561824046
E47000002,2024-25,67.42299207888004
E47000002,2025-26,24.54157206532156
E47000002,2026-27,63.16369013764077
E47000003,2022-23,98.52309864607886
E47000003,2023-24,61.733219141419546
E47000003,2024-25,77.24218182782616
E47000003,2025-26,68.42980751370249
E47000003,2026-27,64.9526017177765
E47000004,2022-23,80.84749330847193
E47000004,2023-24,80.13927384784891
E47000004,2024-25,91.56206616473787
E47000004,2025-26,78.70994461883464
E47000004,2026-27,82.81900476903984
E47000006,2022-23,56.15529866900014
E47000006,2023-24,40.99050366630605
E47000006,2024-25,46.326294474978305
E47000006,2025-26,32.2965554266318
E47000006,2026-27,55.10919831572849
E47000007,2022-23,52.5451075756873
E47000007,2023-24,62.25406413648319
E47000007,2024-25,69.36512511569751
E47000007,2025-26,70.24168392884489
E47000007,2026-27,68.3968490684421
E47000008,2022-23,46.45973234651397
E47000008,2023-24,54.963483465898925
E47000008,2024-25,74.97297735502352
E47000008,2025-26,74.94521332254052
E47000008,2026-27,75.10212857450011
E47000009,2022-23,72.29304776474588
E47000009,2023-24,74.28755014500807
E47000009,2024-25,75.54169967963071
E47000009,2025-26,72.48973892438539
E47000009,2026-27,67.47637035974434
E47000010,2022-23,100.0
E47000010,2023-24,100.0
E47000011,2022-23,56.65387625756448
E47000011,2023-24,59.574127156515395
E47000012,2024-25,94.64276646524145
E47000012,2025-26,26.33297900921632
E47000012,2026-27,29.72510301603241
E47000013,2024-25,96.56365763306688
E47000013,2025-26,68.58374784566034
E47000013,2026-27,63.926284664231225
E47000014,2024-25,
E47000014,2025-26,71.81694582817916
E47000014,2026-27,69.36456635377438
E47000015,2025-26,100.0
E47000015,2026-27,56.394371608317726
E47000016,2025-26,100.0
E47000016,2026-27,60.339693964736036
E47000017,2025-26,96.70345420667908
E47000017,2026-27,70.19554268702974
E47000018,2025-26,100.0
E47000018,2026-27,100.0
E47000019,2026-27,98.4715095868215
E47000020,2026-27,38.0191291215706
E50,2024-25,100.0
E50,2025-26,100.0
E50,2026-27,100.0
E50000001,2022-23,100.0
E50000001,2023-24,100.0
E50000001,2024-25,100.0
E50000001,2025-26,100.0
E50000001,2026-27,100.0
E50000002,2022-23,100.0
E50000002,2023-24,100.0
E50000002,2024-25,100.0
E50000002,2025-26,100.0
E50000002,2026-27,100.0
E50000003,2022-23,100.0
E50000003,2023-24,100.0
E50000003,2024-25,100.0
E50000003,2025-26,100.0
E50000003,2026-27,100.0
E50000004,2022-23,100.0
E50000004,2023-24,100.0
E50000004,2024-25,100.0
E50000004,2025-26,100.0
E50000004,2026-27,100.0
E50000006,2022-23,100.0
E50000006,2023-24,100.0
E50000006,2024-25,100.0
E50000006,2025-26,100.0
E50000006,2026-27,100.0
E6803,2022-23,100.0
E6803,2023-24,100.0
E6803,2024-25,100.0
E6803,2025-26,100.0
E6803,2026-27,100.0
E92000001,2023-24,16.17768116819271
E92000001,2024-25,15.58823357037596
E92000001,2025-26,15.446769045315763
E92000001,2026-27,15.388768470321672
ONS Code,2024-25,
ONS Code,2025-26,
ONS Code,2026-27,
,2022-23,
,2022-23,
,2022-23,
,2022-23,
,2022-23,
,2022-23,
,2022-23,
,2022-23,
,2026-27,
