ward_code,dLab,dGrn,dRef,lab_base,lab_2026,grn_base,grn_2026,ref_base,ref_2026
E05011142,-64.6,34.99,4.67,83.4,18.8,5.67,40.66,0.0,4.67
E05011155,-63.99,13.18,9.74,88.84,24.85,0.0,13.18,0.0,9.74
E05014067,-59.93,25.88,36.0,88.31,28.39,0.0,25.88,0.0,36.0
E05014128,-58.93,5.77,54.48,90.84,31.91,0.0,5.77,0.0,54.48
E05011182,-57.2,13.9,16.1,74.46,17.25,6.6,20.49,0.0,16.1
E05014136,-53.77,18.63,43.19,89.36,35.59,0.0,18.63,0.0,43.19
E05014061,-53.03,38.21,10.24,89.01,35.98,0.0,38.21,0.0,10.24
E05011240,-52.48,17.48,2.33,84.2,31.72,0.0,17.48,0.0,2.33
E05011170,-50.83,19.33,2.66,69.94,19.11,2.54,21.87,0.0,2.66
E05014062,-49.51,14.18,42.04,78.06,28.55,0.0,14.18,0.0,42.04
E05011128,-48.85,51.75,7.18,66.6,17.75,13.45,65.2,0.0,7.18
E05014058,-48.82,18.76,27.24,87.94,39.13,0.0,18.76,0.0,27.24
E05014069,-48.72,9.74,37.86,88.24,39.52,0.0,9.74,0.0,37.86
E05014064,-48.53,35.18,10.77,79.61,31.08,0.0,35.18,0.0,10.77
E05014057,-48.38,20.18,27.38,86.41,38.03,0.0,20.18,0.0,27.38
E05011131,-47.77,11.57,17.57,77.36,29.59,3.36,14.93,0.0,17.57
E05013895,-47.13,63.52,2.11,74.27,27.14,0.0,63.52,0.0,2.11
E05011247,-46.82,25.28,5.06,82.19,35.37,0.0,25.28,0.0,5.06
E05011120,-46.57,7.98,1.85,81.77,35.2,0.0,7.98,0.0,1.85
E05013569,-45.04,7.64,17.63,76.36,31.32,0.0,7.64,0.0,17.63
E05005213,-44.84,0.0,36.89,44.84,0.0,0.0,0.0,0.0,36.89
E05011246,-44.6,8.92,10.8,76.55,31.95,0.0,8.92,0.0,10.8
E05011244,-44.39,18.18,10.23,76.49,32.1,0.0,18.18,0.0,10.23
E05011125,-44.37,16.53,4.91,78.99,34.62,0.0,16.53,0.0,4.91
E05011248,-44.32,17.18,9.37,78.61,34.29,0.0,17.18,0.0,9.37
E05011138,-43.34,13.71,28.6,64.99,21.65,0.0,13.71,0.0,28.6
E05011153,-43.02,1.99,1.8,70.73,27.71,4.27,6.26,0.0,1.8
E05011127,-42.84,12.54,3.42,67.84,25.0,0.0,12.54,0.0,3.42
E05011147,-42.68,15.01,4.18,76.43,33.75,0.0,15.01,0.0,4.18
E05011140,-42.64,38.72,12.27,55.02,12.38,4.62,43.34,0.0,12.27
E05014071,-42.49,9.96,23.35,87.19,44.7,0.0,9.96,0.0,23.35
E05013514,-42.17,8.89,8.55,60.28,18.11,0.0,8.89,0.0,8.55
E05014060,-41.92,27.09,26.77,74.29,32.37,0.0,27.09,0.0,26.77
E05013914,-41.86,2.78,5.89,70.75,28.89,14.15,16.93,0.0,5.89
E05013662,-41.44,41.58,10.12,71.91,30.48,0.0,41.58,0.0,10.12
E05011151,-41.19,29.48,12.52,67.2,26.01,7.75,37.23,0.0,12.52
E05011173,-41.06,8.96,23.24,63.78,22.72,5.87,14.83,0.0,23.24
E05011165,-40.95,5.93,51.28,60.78,19.83,7.12,13.04,0.0,51.28
E05013510,-40.9,17.42,7.82,78.32,37.42,5.78,23.2,0.0,7.82
E05014065,-40.85,22.48,32.74,77.18,36.33,0.0,22.48,0.0,32.74
E05011237,-40.84,14.48,9.27,65.3,24.46,6.3,20.78,0.0,9.27
E05013910,-40.79,5.04,10.18,67.91,27.12,12.8,17.84,0.0,10.18
E05011145,-40.78,13.7,5.88,79.81,39.03,0.0,13.7,0.0,5.88
E05014089,-40.74,37.75,12.72,68.24,27.49,8.92,46.67,1.67,14.39
E05013694,-40.55,12.94,9.94,73.21,32.66,3.57,16.51,0.0,9.94
E05013919,-40.06,3.86,8.89,61.95,21.89,16.56,20.42,0.0,8.89
E05011432,-39.93,22.1,28.3,68.14,28.21,0.0,22.1,0.0,28.3
E05013533,-39.9,2.86,7.53,72.33,32.43,4.84,7.69,0.0,7.53
E05014135,-39.74,-4.25,46.17,78.22,38.48,11.87,7.62,0.0,46.17
E05014054,-39.71,0.0,39.28,82.76,43.04,0.0,0.0,0.0,39.28
E05011251,-39.68,10.63,6.16,68.68,28.99,0.0,10.63,0.0,6.16
E05014066,-39.58,20.69,11.46,79.34,39.76,13.91,34.6,0.0,11.46
E05013595,-39.24,44.68,5.42,74.28,35.04,0.0,44.68,0.0,5.42
E05013887,-38.9,47.55,7.03,67.11,28.22,8.03,55.57,0.0,7.03
E05013601,-38.8,44.53,1.97,72.55,33.75,8.63,53.17,0.0,1.97
E05013591,-38.48,41.39,1.88,65.99,27.51,19.63,61.01,0.0,1.88
E05011421,-38.43,27.64,17.3,68.6,30.17,0.0,27.64,0.0,17.3
E05011171,-38.35,25.12,3.09,77.63,39.28,0.0,25.12,0.0,3.09
E05011253,-38.32,9.98,6.67,72.67,34.35,0.0,9.98,0.0,6.67
E05011110,-38.15,44.39,1.96,81.02,42.87,0.0,44.39,0.0,1.96
E05011172,-37.92,30.61,16.36,72.66,34.73,8.76,39.37,0.0,16.36
E05013583,-37.78,5.06,21.33,69.51,31.73,0.0,5.06,0.0,21.33
E05014091,-37.35,19.32,15.41,69.99,32.63,8.97,28.29,0.0,15.41
E05013882,-37.32,43.18,5.04,71.33,34.01,8.31,51.49,0.0,5.04
E05013918,-37.13,3.54,4.14,67.79,30.66,16.29,19.83,0.0,4.14
E05013909,-37.12,7.52,2.96,63.42,26.31,14.31,21.83,0.0,2.96
E05013624,-37.03,1.13,17.16,64.93,27.9,5.36,6.49,0.0,17.16
E05013682,-36.83,2.84,12.32,67.63,30.8,6.45,9.29,0.0,12.32
E05006638,-36.81,-8.35,23.64,39.75,2.94,12.27,3.93,0.0,23.64
E05013619,-36.76,1.28,8.71,71.92,35.16,6.02,7.3,0.0,8.71
E05011168,-36.69,23.58,9.69,72.65,35.96,7.56,31.14,0.0,9.69
E05013602,-36.58,40.68,2.09,71.51,34.93,11.28,51.96,0.0,2.09
E05014137,-36.57,7.04,39.08,70.02,33.44,17.07,24.11,0.0,39.08
E05013903,-36.5,39.93,5.74,79.14,42.64,0.0,39.93,0.0,5.74
E05011241,-36.23,6.23,5.14,64.69,28.46,0.0,6.23,0.0,5.14
E05013516,-36.21,33.2,10.7,63.21,26.99,0.0,33.2,0.0,10.7
E05013916,-36.2,9.81,5.27,71.62,35.42,11.61,21.41,0.0,5.27
E05011124,-36.04,36.73,22.54,52.61,16.57,7.79,44.52,1.18,23.72
E05013576,-36.01,6.97,17.78,77.0,40.99,0.0,6.97,0.0,17.78
E05013598,-36.0,38.11,5.31,72.69,36.69,11.19,49.3,0.0,5.31
E05013896,-35.88,46.44,2.32,65.2,29.33,7.61,54.04,0.0,2.32
E05013507,-35.86,13.09,5.89,62.51,26.65,7.32,20.41,0.0,5.89
E05011126,-35.82,16.86,7.65,57.28,21.45,8.17,25.03,0.0,7.65
E05014088,-35.78,23.03,21.79,65.52,29.74,12.18,35.21,0.0,21.79
E05013795,-35.74,36.04,8.67,75.22,39.48,0.0,36.04,0.0,8.67
E05013913,-35.52,4.28,2.84,68.51,32.98,13.66,17.94,0.0,2.84
E05013926,-35.48,2.66,3.8,59.78,24.31,10.36,13.03,1.04,4.84
E05013892,-35.43,30.34,6.67,72.69,37.27,8.83,39.17,0.0,6.67
E05014121,-35.38,-7.08,48.1,67.24,31.86,24.99,17.91,0.0,48.1
E05013654,-35.37,36.02,7.43,76.63,41.26,0.0,36.02,0.0,7.43
E05011529,-35.15,13.42,23.19,63.59,28.44,0.0,13.42,0.0,23.19
E05013905,-34.91,0.51,2.03,62.15,27.24,18.47,18.99,0.0,2.03
E05013617,-34.81,2.41,15.37,67.96,33.15,5.95,8.36,0.0,15.37
E05013917,-34.79,18.1,8.76,64.11,29.33,17.36,35.46,0.0,8.76
E05013503,-34.68,33.29,9.09,68.02,33.34,7.59,40.88,0.0,9.09
E05011122,-34.66,29.05,5.25,51.8,17.14,5.45,34.5,0.0,5.25
E05013582,-34.41,21.24,17.58,66.96,32.55,0.0,21.24,0.0,17.58
E05013604,-34.26,39.53,10.73,68.27,34.01,0.0,39.53,0.0,10.73
E05013669,-34.25,0.0,13.99,71.35,37.09,0.0,0.0,0.0,13.99
E05013891,-34.22,42.04,4.69,69.71,35.49,10.79,52.83,0.0,4.69
E05013921,-34.22,4.42,2.85,56.38,22.16,10.54,14.96,0.0,2.85
E05013509,-34.07,24.93,8.66,79.05,44.99,6.17,31.1,0.0,8.66
E05014126,-34.05,10.11,33.87,69.12,35.08,0.0,10.11,0.0,33.87
E05013603,-34.0,19.39,4.01,78.14,44.14,0.0,19.39,0.0,4.01
E05013912,-33.96,14.89,2.2,63.25,29.29,20.11,35.0,0.0,2.2
E05009372,-33.87,31.48,1.85,67.7,33.84,19.26,50.73,0.0,1.85
E05014129,-33.78,-4.3,48.51,60.63,26.86,19.4,15.1,0.0,48.51
E05011540,-33.75,6.02,40.26,44.9,11.15,0.0,6.02,0.0,40.26
E05014070,-33.7,0.0,33.51,84.75,51.05,0.0,0.0,0.0,33.51
E05011129,-33.69,19.37,19.37,57.88,24.19,8.49,27.86,0.0,19.37
E05013714,-33.65,31.44,16.84,70.99,37.34,0.0,31.44,0.0,16.84
E05013630,-33.53,15.0,22.91,69.53,36.01,5.15,20.15,0.0,22.91
E05013680,-33.51,24.18,16.44,62.13,28.62,5.21,29.39,0.0,16.44
E05013665,-33.49,36.08,7.7,68.21,34.72,0.0,36.08,0.0,7.7
E05011179,-33.39,10.26,26.69,60.47,27.08,0.0,10.26,0.0,26.69
E05013703,-33.31,15.75,4.72,66.0,32.7,18.25,34.0,0.0,4.72
E05013927,-33.3,13.06,8.9,66.14,32.83,17.74,30.8,0.0,8.9
E05013732,-33.3,32.36,2.75,68.46,35.15,22.38,54.74,0.0,2.75
E05011420,-33.29,0.0,53.92,66.23,32.93,0.0,0.0,0.0,53.92
E05009379,-33.18,24.29,1.87,70.94,37.76,29.06,53.35,0.0,1.87
E05013658,-33.16,34.63,12.6,67.38,34.22,0.0,34.63,0.0,12.6
E05014093,-33.1,30.04,13.41,75.65,42.55,0.0,30.04,0.0,13.41
E05011144,-33.02,14.88,14.14,52.28,19.26,5.72,20.61,0.0,14.14
E05013748,-32.97,26.97,8.42,76.3,43.34,0.0,26.97,0.0,8.42
E05014125,-32.92,6.57,53.34,69.98,37.05,0.0,6.57,0.0,53.34
E05005214,-32.86,24.36,49.96,48.69,15.83,0.0,24.36,0.0,49.96
E05013638,-32.75,8.47,16.01,46.46,13.71,4.08,12.55,0.0,16.01
E05013728,-32.71,36.04,4.62,67.21,34.5,13.82,49.86,0.0,4.62
E05013505,-32.7,33.65,12.5,56.48,23.78,0.0,33.65,0.0,12.5
E05013561,-32.5,9.91,14.35,64.13,31.64,0.0,9.91,0.0,14.35
E05011161,-32.47,10.9,42.27,52.66,20.18,2.66,13.55,0.0,42.27
E05014053,-32.43,13.31,12.74,71.23,38.8,20.72,34.02,0.0,12.74
E05014092,-32.15,22.45,11.04,68.35,36.2,8.91,31.36,1.09,12.13
E05013883,-32.08,26.4,4.27,70.2,38.12,11.32,37.72,0.0,4.27
E05014094,-32.08,25.7,14.35,70.92,38.84,0.0,25.7,0.0,14.35
E05013497,-32.05,16.6,10.43,60.92,28.87,6.41,23.01,0.0,10.43
E05011415,-32.01,0.0,42.61,47.81,15.81,0.0,0.0,0.0,42.61
E05014068,-31.93,28.48,15.49,75.67,43.74,0.0,28.48,0.0,15.49
E05009374,-31.74,28.07,4.17,70.28,38.54,21.06,49.13,0.0,4.17
E05011103,-31.52,26.3,4.11,56.94,25.42,12.89,39.19,0.0,4.11
E05011143,-31.48,15.17,11.69,69.4,37.92,0.0,15.17,0.0,11.69
E05011184,-31.42,13.46,27.19,51.76,20.34,7.19,20.65,0.0,27.19
E05011419,-31.41,3.53,45.62,61.18,29.77,6.14,9.67,0.0,45.62
E05011098,-31.37,29.97,2.35,63.36,32.0,7.84,37.81,0.0,2.35
E05014087,-31.34,18.1,14.95,70.68,39.34,9.18,27.28,0.0,14.95
E05013612,-31.24,1.69,15.06,65.62,34.38,5.94,7.63,0.0,15.06
E05013506,-31.15,21.39,8.11,55.95,24.8,3.62,25.01,0.0,8.11
E05009396,-31.12,32.06,9.5,72.63,41.52,0.0,32.06,0.0,9.5
E05013605,-31.11,29.18,6.8,68.91,37.8,8.28,37.45,0.0,6.8
E05011164,-31.1,6.73,36.86,41.7,10.59,6.29,13.02,0.0,36.86
E05009380,-31.02,33.42,1.37,63.28,32.27,25.8,59.22,0.0,1.37
E05013596,-31.01,10.47,3.07,77.49,46.48,4.61,15.09,0.0,3.07
E05011148,-30.96,10.3,33.68,55.43,24.46,3.77,14.07,0.0,33.68
E05013587,-30.81,10.64,6.42,76.08,45.28,5.93,16.57,0.0,6.42
E05013519,-30.75,9.06,7.88,66.98,36.23,3.48,12.54,0.0,7.88
E05011146,-30.65,8.68,29.6,39.73,9.08,5.46,14.14,0.0,29.6
E05013677,-30.62,9.36,17.63,64.63,34.0,5.19,14.56,0.0,17.63
E05011266,-30.59,12.32,28.05,55.22,24.63,0.0,12.32,0.0,28.05
E05013633,-30.54,15.61,12.29,66.3,35.77,4.97,20.57,0.0,12.29
E05011158,-30.45,9.01,35.66,56.55,26.1,4.5,13.51,0.0,35.66
E05014072,-30.44,5.86,23.62,66.02,35.58,13.92,19.77,0.0,23.62
E05013538,-30.42,2.32,7.71,71.01,40.58,2.13,4.45,0.0,7.71
E05013794,-30.33,28.93,11.22,72.97,42.64,0.0,28.93,0.0,11.22
E05001725,-30.32,13.51,49.7,52.74,22.42,0.0,13.51,0.0,49.7
E05014113,-30.28,22.35,2.82,56.72,26.44,20.28,42.64,0.0,2.82
E05011141,-30.03,11.7,11.47,38.75,8.71,5.35,17.05,0.0,11.47
E05011435,-29.93,7.63,41.65,58.43,28.5,0.0,7.63,0.0,41.65
E05014074,-29.92,20.21,16.52,62.08,32.16,15.54,35.75,0.0,16.52
E05011150,-29.88,8.53,41.44,46.19,16.31,4.02,12.56,0.0,41.44
E05013915,-29.84,8.33,3.66,62.93,33.08,7.24,15.57,0.0,3.66
E05013513,-29.82,15.73,18.7,56.63,26.81,4.31,20.04,0.0,18.7
E05013924,-29.78,25.22,3.1,57.2,27.42,21.85,47.07,0.0,3.1
E05011119,-29.71,8.18,34.3,46.01,16.3,5.59,13.77,0.0,34.3
E05013564,-29.68,2.14,15.06,70.19,40.51,5.06,7.21,0.0,15.06
E05013741,-29.51,23.07,13.37,72.68,43.16,0.0,23.07,0.0,13.37
E05009375,-29.48,23.73,2.82,67.35,37.87,24.87,48.6,0.0,2.82
E05014055,-29.47,33.7,15.64,69.33,39.87,0.0,33.7,0.0,15.64
E05013523,-29.43,9.97,20.47,62.43,33.0,4.38,14.35,0.0,20.47
E05013600,-29.39,31.96,2.92,54.56,25.17,9.24,41.19,0.0,2.92
E05013522,-29.35,19.5,11.91,59.8,30.45,6.51,26.01,0.0,11.91
E05013902,-29.34,29.69,3.68,76.07,46.73,11.75,41.44,0.0,3.68
E05013899,-29.29,38.5,1.83,68.15,38.86,13.99,52.49,0.0,1.83
E05011159,-29.0,11.99,39.47,43.46,14.46,0.0,11.99,0.0,39.47
E05013536,-28.97,18.09,10.02,59.22,30.25,8.19,26.28,0.0,10.02
E05013640,-28.95,24.66,13.54,64.55,35.6,4.09,28.75,0.0,13.54
E05014006,-28.94,12.69,29.9,40.61,11.67,0.0,12.69,0.0,29.9
E05014100,-28.93,22.01,8.03,66.43,37.49,12.41,34.42,0.0,8.03
E05013922,-28.9,12.67,9.19,59.52,30.62,15.03,27.69,1.85,11.04
E05013920,-28.85,12.64,6.21,61.31,32.46,12.96,25.6,0.0,6.21
E05014085,-28.82,11.42,29.6,64.67,35.85,6.0,17.42,0.0,29.6
E05013911,-28.79,14.78,6.25,63.76,34.98,19.92,34.7,0.0,6.25
E05013581,-28.7,17.61,27.28,54.57,25.87,7.25,24.86,0.0,27.28
E05013907,-28.65,8.9,5.51,56.63,27.98,14.62,23.52,0.0,5.51
E05013501,-28.6,29.26,6.78,67.99,39.4,7.23,36.5,0.0,6.78
E05011416,-28.55,6.08,49.52,52.5,23.95,3.5,9.58,0.0,49.52
E05013528,-28.54,9.86,8.13,58.77,30.24,4.59,14.46,0.0,8.13
E05009381,-28.46,10.01,2.13,70.36,41.9,23.79,33.8,0.0,2.13
E05013809,-28.42,33.77,7.65,71.94,43.51,0.0,33.77,0.0,7.65
E05011154,-28.4,22.0,7.73,42.66,14.26,5.1,27.1,0.0,7.73
E05011250,-28.24,15.38,5.99,69.13,40.89,0.0,15.38,0.0,5.99
E05013584,-28.23,12.41,28.51,54.42,26.19,8.23,20.63,0.0,28.51
E05011183,-28.2,1.62,4.86,43.65,15.45,5.01,6.62,0.0,4.86
E05011137,-28.19,12.33,34.35,67.48,39.28,0.0,12.33,0.0,34.35
E05013975,-28.08,13.36,44.47,46.34,18.25,0.0,13.36,0.0,44.47
E05011225,-27.91,10.72,29.18,69.08,41.17,0.0,10.72,0.0,29.18
E05013618,-27.91,7.99,21.91,63.85,35.93,5.18,13.17,0.0,21.91
E05013719,-27.85,38.39,2.19,60.27,32.41,16.07,54.45,0.0,2.19
E05013653,-27.79,35.72,7.24,66.41,38.62,0.0,35.72,0.0,7.24
E05013906,-27.64,11.46,6.07,58.7,31.06,13.68,25.14,0.0,6.07
E05013570,-27.54,8.33,23.58,54.24,26.7,7.75,16.08,0.0,23.58
E05013632,-27.5,17.9,15.19,65.32,37.82,4.98,22.88,0.0,15.19
E05011163,-27.47,15.08,24.5,47.35,19.88,3.13,18.21,0.0,24.5
E05013512,-27.45,10.26,10.29,61.46,34.01,6.59,16.85,0.0,10.29
E05013537,-27.41,3.7,7.3,61.77,34.36,3.63,7.33,0.0,7.3
E05011167,-27.36,12.08,2.41,47.54,20.17,0.0,12.08,0.0,2.41
E05013651,-27.22,24.91,13.96,56.84,29.62,5.88,30.79,0.0,13.96
E05013517,-27.12,27.4,10.36,63.01,35.89,7.66,35.06,0.0,10.36
E05013898,-27.0,42.7,2.24,74.54,47.54,0.0,42.7,0.0,2.24
E05011123,-26.97,11.47,35.48,43.77,16.8,3.62,15.09,0.0,35.48
E05014117,-26.92,13.92,3.98,57.92,31.0,17.5,31.43,0.0,3.98
E05011134,-26.86,20.7,9.91,41.49,14.64,5.53,26.23,0.0,9.91
E05011162,-26.78,7.12,43.85,47.75,20.96,5.5,12.63,0.0,43.85
E05011149,-26.75,9.4,26.63,32.77,6.01,50.9,60.29,0.0,26.63
E05013562,-26.72,0.87,19.79,53.57,26.85,6.42,7.29,0.0,19.79
E05013552,-26.67,7.15,9.01,41.85,15.19,0.0,7.15,0.0,9.01
E05011160,-26.65,13.29,19.69,38.61,11.96,0.0,13.29,0.0,19.69
E05011227,-26.59,10.26,25.89,38.99,12.4,0.0,10.26,0.0,25.89
E05013729,-26.55,29.19,7.81,60.4,33.85,18.04,47.23,0.0,7.81
E05014012,-26.51,23.08,10.15,71.43,44.92,0.0,23.08,0.0,10.15
E05013685,-26.5,6.38,10.59,68.9,42.4,4.32,10.7,0.0,10.59
E05013606,-26.47,1.58,34.17,56.88,30.4,4.82,6.41,0.0,34.17
E05009382,-26.42,32.67,2.02,63.31,36.89,21.84,54.51,0.0,2.02
E05013614,-26.41,0.07,29.99,58.38,31.97,6.0,6.07,0.0,29.99
E05011218,-26.36,7.24,30.9,59.89,33.53,5.33,12.57,0.0,30.9
E05011096,-26.26,29.44,2.49,72.11,45.86,8.65,38.09,0.0,2.49
E05011417,-26.22,0.0,35.94,48.98,22.77,0.0,0.0,0.0,35.94
E05013705,-26.14,11.75,4.6,64.87,38.73,19.44,31.19,0.0,4.6
E05011231,-26.14,9.38,34.07,62.43,36.29,0.0,9.38,0.0,34.07
E05013526,-26.14,11.41,11.49,67.88,41.74,4.61,16.03,0.0,11.49
E05014086,-26.12,13.03,23.37,47.61,21.49,0.0,13.03,1.29,24.66
E05013634,-26.06,18.7,19.24,66.88,40.82,5.3,23.99,0.0,19.24
E05013822,-26.06,1.65,18.09,69.71,43.65,4.71,6.36,0.0,18.09
E05009367,-25.95,27.59,2.59,62.82,36.87,25.05,52.65,0.0,2.59
E05014112,-25.92,12.36,4.74,57.49,31.57,15.0,27.36,0.0,4.74
E05014075,-25.88,15.13,14.97,65.04,39.16,17.93,33.06,0.0,14.97
E05013659,-25.82,12.46,3.28,39.85,14.03,0.0,12.46,0.0,3.28
E05014098,-25.82,20.93,1.56,62.35,36.53,26.41,47.34,0.0,1.56
E05013908,-25.81,7.38,5.46,55.62,29.8,15.03,22.41,1.28,6.75
E05013666,-25.81,-7.66,6.28,69.36,43.55,7.66,0.0,0.0,6.28
E05014084,-25.8,19.39,14.21,61.94,36.13,11.82,31.21,0.0,14.21
E05013691,-25.76,19.31,11.77,49.96,24.21,5.06,24.37,0.0,11.77
E05009371,-25.69,24.43,3.92,65.24,39.55,21.54,45.97,0.0,3.92
E05013736,-25.67,10.67,17.92,79.18,53.51,0.0,10.67,0.0,17.92
E05009376,-25.65,-2.26,1.51,71.53,45.88,24.84,22.58,0.0,1.51
E05013647,-25.6,8.49,20.4,55.7,30.1,4.54,13.03,0.0,20.4
E05013655,-25.58,25.3,7.56,68.97,43.39,10.5,35.8,0.0,7.56
E05013707,-25.5,12.65,8.83,65.65,40.15,19.46,32.11,0.0,8.83
E05011118,-25.45,18.57,20.68,39.34,13.89,3.16,21.74,0.0,20.68
E05013884,-25.42,35.13,2.98,65.04,39.62,10.46,45.6,0.0,2.98
E05013817,-25.4,15.52,16.37,69.01,43.61,5.5,21.02,0.0,16.37
E05014024,-25.39,29.17,6.43,67.48,42.09,5.83,34.99,0.0,6.43
E05014090,-25.35,18.44,21.22,74.89,49.54,0.0,18.44,0.0,21.22
E05013670,-25.31,21.34,5.19,54.56,29.25,0.0,21.34,0.0,5.19
E05013607,-25.28,4.09,21.12,69.58,44.3,10.58,14.67,0.0,21.12
E05009378,-25.23,20.55,4.1,65.12,39.89,20.5,41.05,0.0,4.1
E05009319,-25.19,28.96,7.88,50.94,25.74,12.13,41.09,0.0,7.88
E05013762,-25.16,10.55,31.01,33.56,8.4,3.39,13.94,0.0,31.01
E05013733,-25.13,10.37,11.12,76.02,50.89,0.0,10.37,0.0,11.12
E05013684,-25.13,4.92,13.07,62.26,37.13,4.14,9.06,0.0,13.07
E05013511,-25.08,10.83,9.19,45.02,19.94,0.0,10.83,0.0,9.19
E05011277,-25.08,8.51,29.64,35.07,9.99,0.0,8.51,0.0,29.64
E05011224,-24.97,4.89,32.91,43.31,18.34,0.0,4.89,0.0,32.91
E05011219,-24.78,7.94,32.59,40.38,15.6,0.0,7.94,0.0,32.59
E05009394,-24.74,24.76,14.02,61.61,36.86,0.0,24.76,0.0,14.02
E05013759,-24.71,11.66,18.58,53.01,28.31,0.0,11.66,0.0,18.58
E05011229,-24.68,9.63,19.61,33.41,8.74,0.0,9.63,2.29,21.9
E05014096,-24.66,18.85,1.93,65.15,40.49,20.54,39.39,0.0,1.93
E05011433,-24.65,12.93,33.54,38.2,13.55,0.0,12.93,0.0,33.54
E05011418,-24.63,5.84,52.15,43.66,19.03,0.0,5.84,0.0,52.15
E05013532,-24.6,3.83,23.64,67.94,43.34,4.65,8.48,0.0,23.64
E05013649,-24.5,16.38,22.75,58.22,33.71,4.65,21.04,0.0,22.75
E05011222,-24.49,5.29,37.01,46.34,21.85,0.0,5.29,0.0,37.01
E05013893,-24.47,30.59,2.18,70.42,45.94,10.72,41.31,0.0,2.18
E05014063,-24.44,0.0,33.74,73.57,49.13,0.0,0.0,0.0,33.74
E05013683,-24.44,16.4,9.41,43.81,19.38,5.41,21.81,0.0,9.41
E05013608,-24.43,9.78,13.13,52.73,28.3,23.73,33.51,0.0,13.13
E05013752,-24.39,23.44,7.65,77.08,52.69,6.59,30.03,0.0,7.65
E05013656,-24.34,21.48,5.4,45.53,21.18,0.0,21.48,0.0,5.4
E05011178,-24.33,18.62,23.06,32.17,7.84,11.07,29.69,0.0,23.06
E05013712,-24.31,24.51,5.78,61.28,36.97,24.88,49.39,0.0,5.78
E05014083,-24.28,13.19,21.01,58.75,34.47,8.97,22.16,2.92,23.93
E05013923,-24.27,23.07,7.38,47.73,23.45,21.39,44.46,0.0,7.38
E05011107,-24.26,24.58,3.36,59.71,35.46,16.62,41.2,0.0,3.36
E05009387,-24.24,17.3,8.25,65.2,40.96,22.06,39.36,0.0,8.25
E05014106,-24.21,23.4,4.22,63.03,38.82,20.54,43.93,0.0,4.22
E05013508,-24.21,13.64,8.27,44.33,20.13,0.0,13.64,0.0,8.27
E05011220,-24.2,4.64,33.85,35.54,11.34,0.0,4.64,2.92,36.77
E05013687,-24.19,13.95,10.97,30.33,6.14,6.11,20.06,0.0,10.97
E05013496,-24.19,10.03,10.39,42.35,18.16,0.0,10.03,0.0,10.39
E05013971,-24.1,8.83,42.47,37.72,13.62,3.05,11.88,0.0,42.47
E05011423,-24.1,0.0,66.24,47.9,23.8,0.0,0.0,0.0,66.24
E05013700,-24.05,20.73,12.42,65.66,41.61,13.66,34.39,0.0,12.42
E05011152,-24.05,7.71,39.13,34.98,10.93,7.55,15.26,0.0,39.13
E05009399,-24.02,17.35,13.28,71.05,47.03,0.0,17.35,0.0,13.28
E05011226,-24.01,3.77,31.4,38.77,14.76,5.05,8.82,2.3,33.7
E05013593,-23.94,22.39,1.78,64.99,41.05,15.14,37.53,0.0,1.78
E05013888,-23.85,41.39,3.26,54.03,30.18,8.58,49.97,0.0,3.26
E05011112,-23.84,15.31,13.26,51.69,27.85,14.53,29.85,0.0,13.26
E05013623,-23.83,0.95,18.5,59.63,35.79,6.62,7.56,0.0,18.5
E05013675,-23.75,15.36,16.78,56.2,32.44,5.42,20.78,0.0,16.78
E05013721,-23.75,24.63,3.32,58.56,34.81,19.86,44.49,0.0,3.32
E05011130,-23.74,31.66,12.88,49.73,25.99,10.02,41.68,0.0,12.88
E05013597,-23.74,18.25,3.03,53.27,29.53,39.82,58.07,0.0,3.03
E05014107,-23.67,21.73,2.95,62.67,38.99,19.69,41.42,0.0,2.95
E05011217,-23.65,6.09,33.92,41.32,17.67,0.0,6.09,0.0,33.92
E05013674,-23.62,6.03,16.58,61.05,37.44,4.19,10.23,0.0,16.58
E05011115,-23.58,28.53,3.2,65.83,42.26,17.4,45.92,0.0,3.2
E05014079,-23.56,8.78,22.58,46.0,22.44,4.82,13.6,1.38,23.96
E05013671,-23.47,20.82,4.79,46.08,22.61,0.0,20.82,0.0,4.79
E05013599,-23.45,30.71,2.53,71.69,48.24,6.04,36.75,0.0,2.53
E05013565,-23.45,7.76,17.62,50.31,26.86,0.0,7.76,0.0,17.62
E05013502,-23.42,12.91,13.06,38.86,15.44,3.02,15.93,0.0,13.06
E05011430,-23.41,0.0,55.93,54.97,31.56,0.0,0.0,0.0,55.93
E05014110,-23.37,9.57,2.98,52.88,29.52,21.0,30.57,0.0,2.98
E05014116,-23.35,14.69,2.83,49.06,25.71,15.01,29.7,0.0,2.83
E05011239,-23.34,6.96,10.33,56.96,33.62,0.0,6.96,0.0,10.33
E05013730,-23.27,28.84,2.47,58.32,35.05,22.18,51.02,0.0,2.47
E05011434,-23.25,17.91,25.15,35.18,11.93,0.0,17.91,0.0,25.15
E05011109,-23.24,19.68,3.8,69.28,46.04,6.6,26.28,1.33,5.13
E05014002,-23.2,22.91,10.01,67.88,44.69,9.31,32.22,0.0,10.01
E05013815,-23.18,17.98,8.44,75.87,52.69,5.09,23.07,0.0,8.44
E05011232,-23.17,9.02,24.24,73.65,50.48,0.0,9.02,0.0,24.24
E05011488,-23.16,10.81,11.29,62.08,38.92,9.6,20.41,0.0,11.29
E05013518,-23.16,14.08,17.83,55.08,31.92,4.48,18.55,0.0,17.83
E05011254,-23.15,25.47,11.82,58.93,35.77,10.75,36.22,0.0,11.82
E05013814,-23.08,14.51,13.12,78.95,55.87,3.12,17.63,0.0,13.12
E05013531,-23.02,9.77,21.54,61.25,38.23,4.66,14.43,0.0,21.54
E05013551,-22.89,5.35,11.25,39.69,16.8,0.0,5.35,0.0,11.25
E05013765,-22.8,16.65,16.24,30.4,7.6,4.26,20.91,0.0,16.24
E05009400,-22.78,0.0,5.59,32.51,9.73,0.0,0.0,0.0,5.59
E05013586,-22.75,16.91,3.54,58.61,35.86,8.55,25.46,0.0,3.54
E05013621,-22.75,2.17,22.75,56.04,33.3,9.95,12.13,0.0,22.75
E05013720,-22.73,14.24,23.85,56.7,33.96,11.81,26.05,0.0,23.85
E05013558,-22.73,12.56,14.86,63.46,40.73,0.0,12.56,0.0,14.86
E05001724,-22.72,7.17,41.98,30.9,8.18,0.0,7.17,0.0,41.98
E05013716,-22.69,27.96,1.94,56.2,33.52,27.04,55.0,0.0,1.94
E05011280,-22.68,-0.9,31.53,26.82,4.13,12.59,11.69,0.0,31.53
E05013559,-22.67,1.89,11.13,57.43,34.76,5.14,7.03,0.0,11.13
E05013793,-22.66,13.88,8.18,57.82,35.15,0.0,13.88,0.0,8.18
E05013504,-22.66,15.68,14.83,56.37,33.72,5.15,20.82,0.0,14.83
E05014122,-22.64,-26.5,46.96,44.7,22.06,50.56,24.06,0.0,46.96
E05014111,-22.6,16.35,3.59,60.78,38.18,17.61,33.96,0.0,3.59
E05009377,-22.59,23.27,2.89,66.08,43.49,18.65,41.92,0.0,2.89
E05013500,-22.58,18.32,12.3,63.47,40.89,4.08,22.39,0.0,12.3
E05011157,-22.57,24.46,9.68,63.22,40.65,0.0,24.46,0.0,9.68
E05013664,-22.54,24.56,5.75,67.13,44.59,14.69,39.25,0.0,5.75
E05013727,-22.54,28.2,4.33,59.43,36.89,16.22,44.42,0.0,4.33
E05013761,-22.53,7.98,29.85,30.37,7.84,3.92,11.89,0.0,29.85
E05013800,-22.53,19.72,12.05,61.85,39.33,0.0,19.72,0.0,12.05
E05009392,-22.52,24.64,9.72,60.1,37.58,0.0,24.64,0.0,9.72
E05011274,-22.34,7.65,32.37,22.34,0.0,0.0,7.65,0.0,32.37
E05011236,-22.32,14.83,21.18,44.66,22.34,5.9,20.73,2.87,24.05
E05013620,-22.31,0.12,12.29,62.49,40.18,6.8,6.92,0.0,12.29
E05013742,-22.28,9.86,11.16,63.49,41.21,0.0,9.86,0.0,11.16
E05011139,-22.28,-6.15,16.4,51.83,29.55,23.31,17.16,0.0,16.4
E05011221,-22.25,4.23,32.63,33.47,11.22,0.0,4.23,2.5,35.12
E05011233,-22.23,4.55,35.2,42.04,19.81,0.0,4.55,0.0,35.2
E05014059,-22.22,16.5,38.53,52.52,30.3,0.0,16.5,0.0,38.53
E05013718,-22.18,25.84,1.83,54.7,32.52,29.09,54.93,0.0,1.83
E05013734,-22.18,9.87,10.52,66.52,44.34,0.0,9.87,0.0,10.52
E05014077,-22.1,9.94,33.21,54.91,32.81,6.67,16.61,0.0,33.21
E05014097,-21.99,22.66,1.58,60.54,38.55,24.75,47.41,0.0,1.58
E05013689,-21.96,14.62,9.25,59.31,37.35,5.4,20.02,0.0,9.25
E05011228,-21.95,6.2,38.52,51.47,29.53,0.0,6.2,0.0,38.52
E05009373,-21.91,21.81,1.47,48.86,26.95,42.75,64.56,0.0,1.47
E05011102,-21.91,23.48,7.29,66.4,44.49,11.53,35.01,0.0,7.29
E05011223,-21.91,4.79,32.65,39.05,17.14,0.0,4.79,0.0,32.65
E05013539,-21.83,5.63,6.73,56.7,34.87,3.66,9.28,0.0,6.73
E05013709,-21.72,25.32,4.71,59.23,37.51,19.75,45.07,0.0,4.71
E05009368,-21.68,14.5,1.24,48.48,26.8,11.34,25.84,0.0,1.24
E05011097,-21.68,27.12,2.77,67.95,46.27,11.22,38.34,0.0,2.77
E05013590,-21.66,44.14,1.42,53.05,31.39,8.28,52.42,0.0,1.42
E05011176,-21.44,-0.93,26.06,28.98,7.54,10.04,9.11,0.0,26.06
E05013886,-21.41,16.2,11.1,33.92,12.51,0.0,16.2,1.06,12.15
E05013545,-21.34,10.26,8.61,46.1,24.76,0.0,10.26,0.0,8.61
E05011136,-21.33,9.42,38.9,31.97,10.64,3.87,13.28,0.0,38.9
E05013731,-21.28,25.12,6.83,56.77,35.49,18.24,43.36,0.0,6.83
E05014082,-21.26,18.02,10.4,51.96,30.7,16.25,34.27,0.81,11.21
E05002238,-21.26,6.95,51.83,44.28,23.03,0.0,6.95,0.0,51.83
E05011105,-21.14,19.3,9.74,64.69,43.55,14.17,33.47,0.0,9.74
E05013974,-21.09,11.47,49.7,31.53,10.44,0.0,11.47,0.0,49.7
E05011113,-21.0,26.11,4.08,65.49,44.48,16.14,42.25,0.0,4.08
E05009385,-20.98,24.7,1.3,60.17,39.2,27.51,52.21,0.0,1.3
E05013890,-20.97,17.65,14.37,41.8,20.83,6.27,23.92,0.0,14.37
E05011243,-20.79,17.51,18.89,59.1,38.31,0.0,17.51,0.0,18.89
E05013625,-20.73,0.83,15.27,58.2,37.47,7.21,8.04,0.0,15.27
E05013824,-20.72,13.11,16.76,59.71,38.99,14.54,27.65,0.0,16.76
E05011230,-20.63,12.51,25.7,32.74,12.1,0.0,12.51,0.0,25.7
E05013527,-20.57,21.01,12.41,52.86,32.29,7.18,28.19,0.0,12.41
E05014133,-20.55,-21.52,51.49,62.86,42.31,21.52,0.0,0.0,51.49
E05009397,-20.46,5.36,5.2,35.29,14.82,0.0,5.36,0.0,5.2
E05011295,-20.46,11.77,16.55,23.38,2.92,0.0,11.77,0.0,16.55
E05013813,-20.43,8.94,16.27,73.04,52.61,3.72,12.67,0.0,16.27
E05013529,-20.41,22.21,10.14,56.91,36.5,7.5,29.71,0.0,10.14
E05013615,-20.35,1.39,33.5,50.02,29.68,7.88,9.27,0.0,33.5
E05013631,-20.28,10.14,10.81,44.93,24.65,3.47,13.61,0.0,10.81
E05013901,-20.24,0.0,15.71,45.65,25.42,0.0,0.0,0.0,15.71
E05013781,-20.23,12.26,19.16,26.6,6.37,0.0,12.26,0.0,19.16
E05011169,-20.2,6.95,27.27,27.01,6.81,4.72,11.67,0.0,27.27
E05011424,-20.15,5.94,33.74,35.33,15.18,0.0,5.94,0.0,33.74
E05014004,-20.11,9.37,18.62,44.9,24.78,4.61,13.98,0.0,18.62
E05014021,-20.09,3.18,4.4,40.02,19.93,8.56,11.75,0.0,4.4
E05014101,-20.08,15.68,2.65,60.22,40.14,19.55,35.23,0.0,2.65
E05013580,-20.06,4.65,17.15,42.45,22.38,9.51,14.16,0.0,17.15
E05013644,-20.03,7.36,14.61,51.66,31.63,4.53,11.89,0.0,14.61
E05013686,-20.03,23.66,9.12,49.66,29.64,13.42,37.08,0.0,9.12
E05013650,-20.02,6.6,13.5,53.19,33.17,6.89,13.48,0.0,13.5
E05013724,-20.0,23.35,8.88,59.31,39.3,14.13,37.48,0.0,8.88
E05014120,-19.99,11.09,43.0,44.86,24.87,0.0,11.09,0.0,43.0
E05011425,-19.96,12.93,29.26,31.37,11.41,0.0,12.93,0.0,29.26
E05013673,-19.96,19.66,7.06,50.36,30.4,6.83,26.48,0.0,7.06
E05013897,-19.94,13.95,4.82,63.99,44.05,18.02,31.97,0.0,4.82
E05009334,-19.92,10.8,5.23,36.11,16.19,6.8,17.6,0.0,5.23
E05011135,-19.89,12.49,17.63,38.6,18.72,4.5,16.99,0.0,17.63
E05013616,-19.78,0.39,30.68,49.63,29.84,6.46,6.85,0.0,30.68
E05013990,-19.71,9.0,28.43,30.41,10.7,5.74,14.74,0.0,28.43
E05011099,-19.67,25.13,3.31,60.02,40.35,13.33,38.46,0.0,3.31
E05014078,-19.64,12.26,23.45,49.09,29.46,6.51,18.77,1.33,24.77
E05011422,-19.6,7.94,56.47,41.49,21.89,0.0,7.94,0.0,56.47
E05013980,-19.54,16.81,31.96,37.65,18.11,0.0,16.81,0.0,31.96
E05013553,-19.5,1.16,9.77,48.34,28.84,6.24,7.4,0.0,9.77
E05013994,-19.48,20.03,12.01,65.89,46.41,0.0,20.03,0.0,12.01
E05011428,-19.47,0.0,53.11,40.31,20.83,0.0,0.0,0.0,53.11
E05013629,-19.45,14.51,15.69,50.08,30.63,3.79,18.3,0.0,15.69
E05013534,-19.44,4.61,15.21,56.49,37.05,4.02,8.63,0.0,15.21
E05013693,-19.41,17.0,11.93,34.49,15.08,6.94,23.94,0.0,11.93
E05013995,-19.32,23.31,7.72,67.59,48.27,11.19,34.5,0.0,7.72
E05013808,-19.32,15.65,10.38,49.66,30.34,0.0,15.65,0.0,10.38
E05013622,-19.2,4.08,15.85,57.86,38.66,5.6,9.68,0.0,15.85
E05011116,-19.09,25.76,6.0,53.04,33.95,0.0,25.76,0.0,6.0
E05011121,-19.0,8.74,1.89,41.94,22.94,0.0,8.74,0.0,1.89
E05013717,-18.99,20.65,9.55,50.91,31.92,9.5,30.15,0.0,9.55
E05011185,-18.96,14.8,26.91,32.62,13.67,0.0,14.8,0.0,26.91
E05013751,-18.96,9.77,14.12,65.53,46.58,0.0,9.77,0.0,14.12
E05011427,-18.89,5.93,27.43,48.96,30.07,0.0,5.93,0.0,27.43
E05013740,-18.84,9.75,8.94,72.56,53.72,0.0,9.75,0.0,8.94
E05014013,-18.84,19.73,6.76,66.5,47.66,6.87,26.59,0.0,6.76
E05009391,-18.83,6.15,14.41,40.03,21.2,0.0,6.15,0.0,14.41
E05014108,-18.81,12.49,4.36,57.16,38.35,17.81,30.3,0.0,4.36
E05009317,-18.76,11.79,2.0,37.02,18.26,10.21,22.01,0.0,2.0
E05013679,-18.68,18.94,8.89,60.58,41.9,3.8,22.75,0.0,8.89
E05013967,-18.67,11.8,24.65,48.97,30.3,1.4,13.21,1.08,25.73
E05014114,-18.64,11.43,3.46,40.43,21.8,10.15,21.59,0.0,3.46
E05013663,-18.63,24.74,4.9,66.5,47.88,15.63,40.37,0.0,4.9
E05014104,-18.63,15.26,1.47,51.95,33.32,37.87,53.13,0.0,1.47
E05013738,-18.57,12.01,12.99,65.89,47.32,0.0,12.01,0.0,12.99
E05013520,-18.48,11.66,3.27,32.26,13.77,7.66,19.32,0.0,3.27
E05014095,-18.36,20.59,3.86,56.16,37.8,19.92,40.51,0.0,3.86
E05009329,-18.31,12.92,5.47,44.61,26.31,4.99,17.91,0.0,5.47
E05002081,-18.3,38.47,18.31,48.43,30.12,0.0,38.47,0.0,18.31
E05013588,-18.28,18.61,2.92,47.26,28.98,8.42,27.02,0.0,2.92
E05012916,-18.24,11.31,28.69,38.58,20.35,0.0,11.31,5.19,33.88
E05014119,-18.19,18.86,4.13,51.63,33.45,18.83,37.69,0.0,4.13
E05014056,-18.18,8.53,26.48,66.93,48.75,0.0,8.53,0.0,26.48
E05011464,-18.15,13.43,9.29,55.14,36.99,13.16,26.59,0.0,9.29
E05013645,-18.14,9.03,14.98,33.88,15.73,3.42,12.45,0.0,14.98
E05014023,-18.14,20.14,6.79,59.72,41.59,9.42,29.56,0.0,6.79
E05013807,-18.09,12.63,8.64,43.15,25.05,0.0,12.63,0.0,8.64
E05005211,-18.07,11.55,47.61,46.29,28.23,0.0,11.55,0.0,47.61
E05011166,-18.05,6.06,40.26,25.26,7.2,3.49,9.55,0.0,40.26
E05009386,-17.96,-1.6,2.79,63.08,45.11,21.95,20.34,0.0,2.79
E05013637,-17.94,8.01,17.95,31.51,13.57,3.55,11.56,0.0,17.95
E05011111,-17.93,18.43,3.74,63.37,45.44,21.92,40.35,0.0,3.74
E05013571,-17.91,6.14,19.92,36.48,18.57,0.0,6.14,0.0,19.92
E05013636,-17.71,16.91,9.94,64.47,46.76,4.23,21.14,0.0,9.94
E05013723,-17.63,18.76,13.47,52.76,35.13,11.66,30.42,0.0,13.47
E05013747,-17.52,6.09,14.12,51.66,34.13,0.0,6.09,0.0,14.12
E05011177,-17.49,10.19,33.16,28.36,10.87,0.0,10.19,0.0,33.16
E05013541,-17.46,5.84,5.79,41.29,23.83,13.52,19.36,0.0,5.79
E05011108,-17.46,17.48,1.98,53.19,35.73,37.59,55.07,0.0,1.98
E05013708,-17.45,13.67,4.29,57.42,39.96,18.19,31.87,0.0,4.29
E05013499,-17.42,18.94,10.18,59.07,41.65,8.22,27.16,0.0,10.18
E05013821,-17.39,5.59,15.63,77.8,60.41,2.46,8.05,0.0,15.63
E05013544,-17.37,6.09,11.41,37.1,19.73,0.0,6.09,0.0,11.41
E05013706,-17.37,16.05,3.77,63.84,46.47,16.42,32.47,0.0,3.77
E05014030,-17.34,4.58,9.47,44.67,27.33,5.92,10.5,0.0,9.47
E05008988,-17.31,8.07,31.99,25.2,7.88,0.0,8.07,0.0,31.99
E05013660,-17.24,26.14,6.33,57.96,40.72,8.56,34.7,0.0,6.33
E05011249,-17.12,13.25,13.62,30.69,13.57,0.0,13.25,0.0,13.62
E05013984,-17.1,6.57,40.07,29.21,12.11,2.54,9.11,0.0,40.07
E05013749,-17.08,2.89,12.64,55.79,38.71,5.43,8.32,0.0,12.64
E05009383,-17.07,17.84,4.01,32.46,15.39,7.07,24.91,0.0,4.01
E05011471,-17.01,2.81,32.97,39.89,22.88,10.27,13.08,0.0,32.97
E05014007,-16.94,5.34,37.48,42.02,25.08,0.0,5.34,0.0,37.48
E05013626,-16.93,2.64,13.49,56.35,39.42,5.79,8.43,0.0,13.49
E05009327,-16.92,15.75,3.79,42.82,25.91,9.35,25.1,0.0,3.79
E05005212,-16.91,16.5,49.15,40.81,23.91,0.0,16.5,0.0,49.15
E05011429,-16.89,8.31,53.59,41.83,24.94,0.0,8.31,0.0,53.59
E05009336,-16.81,13.15,2.71,38.36,21.55,7.08,20.23,0.0,2.71
E05011278,-16.79,-4.12,29.33,21.21,4.42,9.35,5.23,0.0,29.33
E05013753,-16.78,5.58,13.09,69.13,52.36,8.54,14.12,0.0,13.09
E05013556,-16.75,0.27,10.77,34.76,18.01,5.71,5.97,0.83,11.59
E05009384,-16.73,16.13,6.25,34.27,17.54,4.95,21.08,0.0,6.25
E05009369,-16.71,13.78,1.5,58.16,41.46,24.85,38.63,0.0,1.5
E05011186,-16.69,11.7,12.88,25.53,8.84,0.0,11.7,0.0,12.88
E05014105,-16.63,7.48,2.56,56.09,39.46,22.94,30.42,0.0,2.56
E05011255,-16.59,18.19,13.03,47.51,30.93,10.13,28.32,0.0,13.03
E05011234,-16.51,11.44,12.04,56.4,39.89,0.0,11.44,0.0,12.04
E05013542,-16.51,7.89,9.02,28.31,11.81,5.61,13.5,0.0,9.02
E05013613,-16.49,0.61,30.4,47.53,31.04,5.51,6.12,0.0,30.4
E05013635,-16.44,10.89,17.58,48.59,32.15,4.12,15.01,0.0,17.58
E05014109,-16.4,3.89,6.68,58.9,42.5,20.61,24.5,0.0,6.68
E05013806,-16.4,15.87,11.91,37.04,20.64,0.0,15.87,0.0,11.91
E05013812,-16.35,3.66,6.83,60.48,44.12,17.77,21.43,0.0,6.83
E05011156,-16.3,16.4,5.04,58.05,41.75,0.0,16.4,0.0,5.04
E05009404,-16.3,18.61,7.62,52.45,36.16,0.0,18.61,0.0,7.62
E05014000,-16.28,9.29,28.68,37.18,20.9,5.69,14.97,0.0,28.68
E05014076,-16.19,2.38,11.51,46.8,30.61,40.54,42.92,0.0,11.51
E05014005,-16.15,14.01,14.61,31.0,14.85,0.0,14.01,1.11,15.72
E05013998,-16.14,-1.21,21.74,27.25,11.11,7.12,5.91,0.0,21.74
E05013627,-16.05,0.72,13.93,51.86,35.81,8.29,9.0,0.0,13.93
E05013802,-15.99,13.9,12.14,37.79,21.8,0.0,13.9,0.0,12.14
E05013737,-15.95,8.77,9.69,61.65,45.7,20.2,28.96,0.0,9.69
E05013904,-15.91,-9.44,6.93,47.77,31.86,31.78,22.34,0.0,6.93
E05011426,-15.89,0.0,38.15,27.65,11.76,0.0,0.0,0.0,38.15
E05014115,-15.87,1.77,7.18,39.56,23.69,45.41,47.19,0.0,7.18
E05011252,-15.85,23.03,13.32,46.44,30.59,6.65,29.67,0.0,13.32
E05011281,-15.84,3.68,38.4,17.86,2.02,0.0,3.68,0.0,38.4
E05013699,-15.74,12.19,9.75,56.35,40.61,14.09,26.28,0.82,10.57
E05013885,-15.73,9.96,9.37,27.4,11.66,5.25,15.21,1.43,10.8
E05011114,-15.7,19.72,9.05,40.4,24.71,5.54,25.25,0.0,9.05
E05013715,-15.68,18.13,8.02,43.4,27.71,14.81,32.94,0.0,8.02
E05014022,-15.55,3.14,5.38,33.81,18.26,9.32,12.46,0.0,5.38
E05013563,-15.52,15.67,11.85,53.79,38.27,7.93,23.6,0.0,11.85
E05014081,-15.48,10.79,9.71,49.37,33.89,28.89,39.68,0.0,9.71
E05013550,-15.47,12.78,11.63,41.97,26.5,3.87,16.65,0.0,11.63
E05011301,-15.42,8.95,16.54,29.12,13.71,6.62,15.57,0.0,16.54
E05013792,-15.34,8.66,16.86,32.4,17.07,4.43,13.09,0.0,16.86
E05013643,-15.34,7.96,15.45,28.64,13.3,3.26,11.21,0.0,15.45
E05011235,-15.33,0.0,13.61,50.55,35.22,0.0,0.0,0.0,13.61
E05011175,-15.31,4.8,27.17,21.36,6.05,5.63,10.43,0.0,27.17
E05009333,-15.3,13.19,3.21,39.12,23.82,4.29,17.47,0.0,3.21
E05013648,-15.29,17.54,11.25,52.42,37.13,3.89,21.42,0.0,11.25
E05013688,-15.26,17.08,6.86,48.3,33.05,10.86,27.94,0.0,6.86
E05014073,-15.24,11.3,9.43,46.43,31.19,14.42,25.72,0.0,9.43
E05013894,-15.22,-5.16,12.54,34.35,19.13,5.16,0.0,0.71,13.25
E05013750,-15.21,11.9,8.44,68.63,53.42,0.0,11.9,0.0,8.44
E05013981,-15.19,11.28,31.69,41.58,26.39,0.0,11.28,0.0,31.69
E05013543,-15.14,7.19,10.17,28.19,13.05,0.0,7.19,0.0,10.17
E05014127,-15.09,0.0,23.77,44.06,28.97,0.0,0.0,0.0,23.77
E05014131,-15.05,0.0,21.47,32.67,17.62,0.0,0.0,0.0,21.47
E05009402,-15.04,3.9,9.08,26.39,11.35,0.0,3.9,0.0,9.08
E05013585,-15.03,12.76,1.93,44.73,29.71,8.89,21.65,0.0,1.93
E05013592,-14.96,17.76,7.06,36.15,21.19,8.34,26.1,0.0,7.06
E05011101,-14.93,15.28,8.15,55.48,40.54,12.26,27.53,0.0,8.15
E05011465,-14.86,12.26,13.46,58.95,44.09,11.5,23.76,0.0,13.46
E05013702,-14.85,19.0,8.46,50.17,35.32,16.89,35.9,0.0,8.46
E05013521,-14.84,12.95,10.84,32.25,17.42,6.1,19.05,0.0,10.84
E05011262,-14.72,-12.31,27.19,20.13,5.41,21.53,9.22,0.0,27.19
E05013818,-14.7,10.25,12.53,69.61,54.91,4.52,14.77,0.0,12.53
E05014008,-14.7,6.3,17.35,28.33,13.64,5.88,12.18,1.02,18.38
E05014010,-14.65,7.96,9.57,48.72,34.07,10.6,18.56,0.0,9.57
E05011297,-14.65,25.79,11.54,18.58,3.93,5.88,31.67,0.0,11.54
E05013695,-14.65,17.53,10.42,29.02,14.37,4.31,21.84,0.66,11.08
E05013987,-14.65,9.48,11.86,26.75,12.1,3.62,13.1,0.0,11.86
E05009325,-14.64,10.0,10.05,32.36,17.73,6.78,16.78,0.0,10.05
E05011489,-14.37,17.35,11.23,51.13,36.76,13.48,30.83,0.0,11.23
E05013555,-14.35,5.21,12.05,30.29,15.93,5.42,10.63,0.0,12.05
E05013546,-14.33,12.47,13.35,45.52,31.19,5.81,18.28,0.0,13.35
E05006628,-14.26,4.86,11.48,16.53,2.28,0.0,4.86,0.0,11.48
E05014103,-14.26,8.05,3.71,48.64,34.39,42.73,50.78,0.0,3.71
E05013524,-14.23,13.64,7.56,25.87,11.64,4.89,18.52,0.0,7.56
E05013988,-14.2,7.14,16.89,23.84,9.64,5.19,12.33,0.0,16.89
E05013554,-14.14,5.09,11.47,44.99,30.85,5.08,10.17,0.0,11.47
E05011180,-14.01,4.36,31.74,21.31,7.29,5.74,10.1,0.0,31.74
E05013725,-13.98,13.81,1.56,47.16,33.18,41.88,55.68,0.0,1.56
E05013692,-13.95,4.04,9.33,29.09,15.14,23.98,28.02,0.0,9.33
E05011486,-13.94,14.84,10.11,52.18,38.24,14.1,28.94,0.0,10.11
E05011133,-13.93,-10.42,24.73,17.94,4.01,74.67,64.25,0.0,24.73
E05013548,-13.86,6.79,14.06,34.16,20.3,0.0,6.79,0.0,14.06
E05011181,-13.86,5.3,20.39,24.35,10.5,6.65,11.95,0.0,20.39
E05013722,-13.81,15.63,5.15,53.3,39.49,23.53,39.16,0.0,5.15
E05014124,-13.78,-34.13,44.56,33.96,20.18,61.9,27.77,0.0,44.56
E05011242,-13.74,12.07,26.7,46.24,32.5,0.0,12.07,0.0,26.7
E05013667,-13.69,14.18,9.14,47.56,33.88,7.18,21.36,0.0,9.14
E05013575,-13.69,5.55,16.06,24.48,10.79,11.04,16.59,0.0,16.06
E05014018,-13.66,9.43,8.51,46.53,32.87,7.66,17.09,0.0,8.51
E05013701,-13.63,17.18,12.81,50.18,36.55,16.66,33.84,0.0,12.81
E05013646,-13.55,10.18,14.95,33.29,19.74,3.76,13.94,0.0,14.95
E05011472,-13.53,20.02,10.01,51.14,37.61,10.57,30.59,0.0,10.01
E05013697,-13.53,18.89,5.95,54.17,40.64,22.79,41.68,0.0,5.95
E05011117,-13.47,21.28,5.26,33.7,20.23,9.05,30.33,0.0,5.26
E05014080,-13.42,11.27,6.08,61.33,47.91,10.25,21.52,0.0,6.08
E05013515,-13.34,13.2,10.85,48.38,35.04,3.0,16.19,0.0,10.85
E05013560,-13.3,5.9,12.74,23.2,9.89,3.39,9.29,0.9,13.64
E05009324,-13.27,10.99,10.03,26.31,13.04,7.23,18.22,0.0,10.03
E05013976,-13.22,3.18,41.21,20.44,7.22,5.07,8.25,0.0,41.21
E05013713,-13.16,9.15,4.8,49.67,36.51,40.37,49.51,0.0,4.8
E05013579,-13.03,-3.44,19.0,29.12,16.09,8.62,5.18,0.0,19.0
E05013805,-13.01,9.98,11.6,32.1,19.09,4.99,14.97,0.0,11.6
E05011245,-12.99,7.29,33.81,51.47,38.48,0.0,7.29,0.0,33.81
E05011485,-12.99,22.56,9.66,46.78,33.79,13.73,36.29,0.0,9.66
E05001726,-12.95,-0.93,33.76,18.37,5.42,6.98,6.06,0.0,33.76
E05009321,-12.83,20.11,3.26,33.08,20.25,9.96,30.07,0.0,3.26
E05014026,-12.77,9.23,5.41,48.78,36.01,6.89,16.12,0.0,5.41
E05013547,-12.72,2.93,12.68,46.12,33.4,5.95,8.87,0.0,12.68
E05014130,-12.71,23.6,30.84,27.4,14.69,0.0,23.6,0.0,30.84
E05014001,-12.66,6.12,26.43,21.45,8.79,0.0,6.12,0.0,26.43
E05013979,-12.59,3.84,38.05,26.07,13.48,2.49,6.34,0.0,38.05
E05011467,-12.56,14.34,7.93,37.74,25.19,17.55,31.89,0.0,7.93
E05013799,-12.49,13.51,6.6,44.96,32.46,0.0,13.51,0.0,6.6
E05014014,-12.45,9.6,4.93,39.14,26.69,6.96,16.56,0.0,4.93
E05013900,-12.34,20.75,8.49,61.24,48.89,10.7,31.45,0.0,8.49
E05011259,-12.33,8.53,20.52,12.33,0.0,0.0,8.53,0.0,20.52
E05013678,-12.33,3.02,13.65,25.49,13.16,5.57,8.6,0.0,13.65
E05009370,-12.29,11.38,1.68,41.82,29.52,51.37,62.75,0.0,1.68
E05013676,-12.28,8.64,11.53,30.92,18.63,4.58,13.22,0.61,12.14
E05014017,-12.26,6.96,14.97,52.91,40.65,6.24,13.2,0.0,14.97
E05013773,-12.22,7.56,21.99,16.0,3.78,0.0,7.56,0.0,21.99
E05013609,-12.21,12.62,8.23,36.31,24.11,0.0,12.62,0.0,8.23
E05011267,-12.05,-6.33,20.04,16.56,4.51,12.38,6.05,0.0,20.04
E05013999,-12.02,12.77,15.64,38.79,26.77,0.0,12.77,0.78,16.42
E05013735,-12.0,7.84,7.04,57.03,45.02,0.0,7.84,0.0,7.04
E05013941,-11.94,9.44,12.3,27.34,15.39,7.34,16.78,0.0,12.3
E05011104,-11.94,9.65,3.95,47.41,35.47,10.9,20.55,0.0,3.95
E05013690,-11.94,11.68,10.79,23.97,12.03,5.43,17.1,0.7,11.49
E05013672,-11.94,14.77,8.26,32.01,20.07,5.66,20.42,0.0,8.26
E05004301,-11.94,17.33,25.55,15.85,3.91,0.0,17.33,0.0,25.55
E05011473,-11.91,17.72,9.06,47.31,35.4,10.36,28.08,0.0,9.06
E05013755,-11.88,5.04,14.9,16.08,4.2,4.14,9.19,0.0,14.9
E05013997,-11.64,2.67,27.65,20.42,8.78,4.27,6.93,0.0,27.65
E05013819,-11.59,5.24,24.75,46.92,35.33,3.67,8.91,0.0,24.75
E05014003,-11.58,4.18,20.03,20.25,8.67,0.0,4.18,0.0,20.03
E05014029,-11.55,9.45,7.68,35.97,24.42,4.36,13.81,0.0,7.68
E05013530,-11.55,7.0,8.3,41.73,30.19,14.49,21.48,0.0,8.3
E05013973,-11.52,8.09,29.33,17.44,5.92,0.0,8.09,0.0,29.33
E05014016,-11.46,2.39,4.43,30.2,18.74,9.22,11.6,0.0,4.43
E05009335,-11.45,19.81,3.58,37.25,25.8,9.05,28.86,0.0,3.58
E05009395,-11.43,0.31,5.22,20.33,8.89,3.54,3.85,0.0,5.22
E05013745,-11.41,9.76,12.78,29.32,17.9,0.0,9.76,0.0,12.78
E05013811,-11.39,7.38,12.12,28.58,17.2,2.84,10.22,0.0,12.12
E05013696,-11.36,13.2,9.25,28.01,16.65,6.77,19.97,0.0,9.25
E05013992,-11.33,-2.75,22.73,15.43,4.1,6.77,4.01,0.0,22.73
E05014118,-11.32,14.09,9.59,41.72,30.4,10.85,24.93,0.0,9.59
E05009322,-11.31,13.66,2.73,42.89,31.57,6.53,20.18,0.0,2.73
E05013681,-11.24,8.62,11.69,24.72,13.47,6.14,14.76,0.0,11.69
E05009401,-11.23,4.26,7.44,19.82,8.59,0.0,4.26,0.0,7.44
E05013641,-11.21,2.68,12.15,25.73,14.52,4.92,7.6,0.0,12.15
E05009388,-11.19,4.63,7.21,21.48,10.29,0.0,4.63,0.0,7.21
E05011095,-11.14,25.26,4.25,33.18,22.04,0.0,25.26,0.0,4.25
E05011174,-11.13,2.6,21.93,18.03,6.89,6.02,8.62,0.0,21.93
E05013535,-11.12,14.04,9.19,42.99,31.87,6.05,20.1,0.0,9.19
E05014102,-11.06,13.56,7.13,46.58,35.51,16.83,30.39,0.0,7.13
E05011291,-11.05,11.24,16.89,25.56,14.5,6.7,17.94,0.0,16.89
E05009328,-11.02,5.66,6.92,28.17,17.15,7.11,12.77,0.0,6.92
E05013764,-10.9,5.18,22.29,16.64,5.74,3.07,8.26,0.0,22.29
E05011261,-10.88,4.99,15.04,10.88,0.0,0.0,4.99,0.0,15.04
E05011106,-10.72,18.2,5.86,32.77,22.05,6.08,24.27,0.0,5.86
E05013803,-10.68,12.82,12.31,49.01,38.33,0.0,12.82,0.0,12.31
E05013889,-10.53,18.42,12.86,54.43,43.9,4.36,22.79,0.0,12.86
E05013772,-10.53,7.07,19.38,17.07,6.54,4.46,11.53,0.0,19.38
E05013657,-10.5,8.38,11.23,26.6,16.1,7.79,16.17,0.0,11.23
E05013754,-10.29,5.24,15.92,17.12,6.83,3.78,9.03,0.0,15.92
E05009393,-10.26,2.71,7.57,17.82,7.55,0.0,2.71,0.0,7.57
E05011470,-10.25,3.25,27.22,46.51,36.26,9.96,13.2,0.0,27.22
E05013578,-10.19,-0.92,22.24,25.2,15.0,8.24,7.31,0.0,22.24
E05013766,-10.18,6.56,21.27,16.87,6.69,3.92,10.47,0.0,21.27
E05013978,-10.17,10.35,40.02,19.25,9.08,0.0,10.35,0.0,40.02
E05013589,-10.1,14.29,5.73,43.31,33.21,7.18,21.47,0.0,5.73
E05013945,-10.1,13.68,13.05,16.12,6.02,0.0,13.68,0.0,13.05
E05013801,-10.09,8.93,10.69,22.82,12.74,0.0,8.93,0.0,10.69
E05013935,-10.08,10.38,18.21,14.61,4.53,0.0,10.38,0.0,18.21
E05014019,-10.02,3.36,11.35,56.06,46.04,6.93,10.29,0.0,11.35
E05013739,-9.96,6.52,11.18,27.56,17.6,0.0,6.52,0.0,11.18
E05013810,-9.95,8.71,8.1,34.02,24.07,3.92,12.63,0.0,8.1
E05013796,-9.8,13.49,6.56,45.89,36.1,0.0,13.49,0.0,6.56
E05009320,-9.8,7.15,4.17,36.29,26.5,29.06,36.21,0.0,4.17
E05011238,-9.73,-7.14,18.62,42.83,33.1,7.14,0.0,0.0,18.62
E05013760,-9.72,4.23,24.4,14.05,4.33,3.37,7.6,0.0,24.4
E05013769,-9.69,6.84,25.35,15.96,6.27,4.22,11.06,0.0,25.35
E05011479,-9.67,14.69,10.89,52.74,43.07,14.21,28.9,0.0,10.89
E05013698,-9.61,13.06,4.62,51.66,42.05,17.68,30.74,0.0,4.62
E05013797,-9.61,12.58,16.46,23.62,14.01,0.0,12.58,0.0,16.46
E05013567,-9.59,-3.53,15.38,23.47,13.88,9.07,5.54,0.0,15.38
E05013594,-9.54,12.65,5.2,38.8,29.26,9.41,22.06,0.0,5.2
E05013525,-9.46,9.8,11.1,41.67,32.21,28.79,38.59,0.0,11.1
E05013983,-9.45,12.9,34.0,25.13,15.68,2.98,15.88,0.0,34.0
E05013783,-9.45,5.74,10.79,16.76,7.31,12.02,17.76,0.0,10.79
E05013767,-9.43,10.25,14.06,15.24,5.81,0.0,10.25,0.0,14.06
E05014028,-9.39,8.17,6.7,46.79,37.4,6.91,15.08,0.0,6.7
E05013642,-9.36,4.57,10.38,20.23,10.86,3.28,7.86,0.0,10.38
E05013758,-9.07,2.88,17.84,12.07,3.0,4.6,7.48,0.0,17.84
E05013985,-8.94,14.77,39.63,17.7,8.76,0.0,14.77,0.0,39.63
E05013771,-8.9,9.91,18.15,14.46,5.56,3.2,13.11,0.0,18.15
E05013776,-8.88,2.67,6.84,13.29,4.4,20.68,23.35,0.0,6.84
E05011200,-8.85,3.92,30.29,8.85,0.0,5.68,9.59,0.0,30.29
E05013936,-8.82,12.19,0.0,16.7,7.88,0.0,12.19,0.0,0.0
E05009326,-8.81,11.72,12.1,40.18,31.37,7.89,19.61,0.0,12.1
E05013816,-8.79,7.14,7.53,18.96,10.17,0.0,7.14,0.0,7.53
E05013787,-8.74,6.65,8.77,12.41,3.67,19.43,26.09,0.0,8.77
E05014015,-8.7,16.5,9.3,29.76,21.06,4.37,20.87,0.0,9.3
E05009405,-8.67,0.0,12.25,23.13,14.46,0.0,0.0,0.0,12.25
E05011268,-8.67,4.28,34.47,12.69,4.02,0.0,4.28,0.0,34.47
E05011463,-8.63,12.07,12.87,45.5,36.86,14.56,26.63,0.0,12.87
E05013768,-8.62,10.45,18.01,14.32,5.7,0.0,10.45,0.0,18.01
E05013828,-8.59,5.51,7.57,21.17,12.58,5.94,11.45,0.0,7.57
E05013726,-8.4,15.87,5.79,44.3,35.9,16.95,32.81,0.0,5.79
E05011431,-8.36,6.67,26.53,23.56,15.2,0.0,6.67,0.0,26.53
E05013777,-8.35,6.75,11.77,10.82,2.47,21.22,27.97,0.0,11.77
E05013549,-8.34,1.33,2.32,25.92,17.58,7.15,8.48,3.77,6.09
E05013940,-8.27,0.84,5.4,14.96,6.69,10.47,11.31,0.0,5.4
E05013969,-8.1,8.16,34.38,16.6,8.5,2.08,10.24,0.0,34.38
E05013938,-8.09,8.98,11.74,19.82,11.73,10.12,19.1,0.0,11.74
E05013763,-8.09,5.35,26.2,13.44,5.36,2.18,7.53,0.0,26.2
E05013790,-8.08,15.5,12.77,12.06,3.98,0.0,15.5,0.0,12.77
E05013573,-8.05,-6.32,16.32,21.57,13.52,22.12,15.8,0.0,16.32
E05014020,-8.02,10.84,4.55,48.67,40.65,6.52,17.35,0.0,4.55
E05013628,-8.0,8.02,15.35,41.26,33.25,4.97,12.99,0.0,15.35
E05014134,-7.95,0.0,51.59,51.87,43.92,0.0,0.0,0.0,51.59
E05013932,-7.87,9.14,8.53,11.46,3.59,0.0,9.14,0.0,8.53
E05011468,-7.73,6.91,10.03,36.08,28.35,36.99,43.9,0.0,10.03
E05009403,-7.69,3.08,13.59,15.19,7.5,0.0,3.08,0.0,13.59
E05011462,-7.63,9.21,10.23,36.48,28.85,10.44,19.65,0.0,10.23
E05013991,-7.61,6.08,14.36,16.81,9.2,4.09,10.17,0.0,14.36
E05013779,-7.53,0.43,16.5,11.46,3.93,11.26,11.69,0.0,16.5
E05013743,-7.47,6.04,14.01,31.88,24.41,0.0,6.04,0.0,14.01
E05010999,-7.43,0.0,16.1,9.2,1.77,0.0,0.0,0.0,16.1
E05014025,-7.4,9.57,4.52,46.35,38.96,4.84,14.41,0.0,4.52
E05013820,-7.37,4.14,6.09,17.97,10.6,2.9,7.04,0.0,6.09
E05011100,-7.31,7.1,1.73,44.19,36.88,8.29,15.39,0.55,2.27
E05013881,-7.26,11.43,22.97,10.31,3.05,0.0,11.43,0.0,22.97
E05013577,-7.25,-5.49,19.41,19.05,11.8,10.0,4.51,0.0,19.41
E05011483,-7.21,4.06,21.32,25.44,18.23,15.81,19.88,0.0,21.32
E05013939,-7.17,2.58,16.61,12.99,5.82,4.72,7.3,0.0,16.61
E05013652,-7.16,14.06,7.57,21.53,14.37,0.0,14.06,0.0,7.57
E05013756,-7.12,1.03,17.0,10.96,3.83,11.12,12.15,0.0,17.0
E05013540,-7.06,7.83,8.41,22.61,15.55,6.07,13.91,0.0,8.41
E05013961,-7.0,-0.08,20.55,10.29,3.3,6.47,6.39,0.0,20.55
E05013982,-6.85,6.29,40.06,13.05,6.2,2.36,8.66,0.0,40.06
E05009390,-6.83,-5.32,8.47,20.17,13.34,5.32,0.0,0.0,8.47
E05013770,-6.78,7.41,23.04,12.93,6.15,3.63,11.04,0.0,23.04
E05009389,-6.73,0.0,13.02,17.35,10.62,0.0,0.0,0.0,13.02
E05009363,-6.67,4.17,20.19,7.52,0.85,0.0,4.17,0.0,20.19
E05013931,-6.63,0.0,28.76,11.75,5.12,0.0,0.0,0.0,28.76
E05013933,-6.57,4.26,3.87,12.7,6.14,6.39,10.65,0.0,3.87
E05013610,-6.54,1.24,10.39,29.64,23.1,12.23,13.47,0.0,10.39
E05011481,-6.46,5.39,22.94,17.52,11.05,16.91,22.3,0.0,22.94
E05011482,-6.4,7.01,23.28,27.53,21.13,9.69,16.7,0.0,23.28
E05013498,-6.39,18.25,7.48,55.27,48.87,8.51,26.76,0.0,7.48
E05013744,-6.39,-0.42,11.32,27.83,21.44,6.03,5.61,0.0,11.32
E05013639,-6.36,9.53,12.11,26.35,19.99,3.04,12.57,0.0,12.11
E05013611,-6.33,3.51,8.37,34.74,28.4,15.72,19.23,0.0,8.37
E05013996,-6.26,0.45,37.38,9.97,3.71,5.48,5.92,0.0,37.38
E05011484,-6.24,9.54,10.72,29.89,23.65,13.64,23.18,0.0,10.72
E05013788,-6.23,13.66,9.61,10.79,4.57,0.0,13.66,0.0,9.61
E05009318,-6.01,2.9,13.37,25.64,19.62,10.1,13.0,0.0,13.37
E05013661,-5.96,1.71,2.81,46.03,40.08,38.31,40.03,0.0,2.81
E05011294,-5.95,6.89,9.92,11.03,5.08,8.99,15.88,0.0,9.92
E05013798,-5.9,10.34,9.99,43.35,37.45,4.18,14.53,0.0,9.99
E05013928,-5.73,0.87,12.49,10.34,4.62,10.21,11.08,0.0,12.49
E05013944,-5.66,5.26,11.69,10.96,5.3,10.11,15.37,0.0,11.69
E05014011,-5.66,7.43,7.59,39.19,33.53,7.74,15.18,0.0,7.59
E05013970,-5.56,5.9,34.63,12.24,6.68,0.0,5.9,0.0,34.63
E05013711,-5.49,13.85,5.49,49.22,43.73,14.01,27.87,0.0,5.49
E05009398,-5.43,-13.32,6.9,20.61,15.18,20.38,7.07,0.0,6.9
E05013942,-5.33,4.99,13.44,10.98,5.65,3.79,8.78,0.0,13.44
E05013977,-5.19,8.04,43.41,12.92,7.73,0.0,8.04,0.0,43.41
E05014027,-5.1,4.99,7.13,32.79,27.69,11.69,16.68,0.0,7.13
E05011282,-5.1,3.39,21.23,7.78,2.68,6.93,10.31,0.0,21.23
E05013943,-5.09,-2.36,9.87,10.15,5.06,28.29,25.93,0.0,9.87
E05013823,-5.09,6.8,10.03,18.26,13.17,3.6,10.4,0.0,10.03
E05013785,-5.06,15.7,8.74,10.26,5.2,0.0,15.7,0.0,8.74
E05013757,-5.02,3.19,16.9,8.4,3.37,3.63,6.82,0.0,16.9
E05009323,-4.89,14.19,12.01,26.86,21.97,0.0,14.19,0.0,12.01
E05013825,-4.79,-0.6,8.58,12.58,7.79,3.88,3.28,0.0,8.58
E05011487,-4.78,9.68,14.22,39.84,35.06,12.63,22.31,0.0,14.22
E05013968,-4.75,4.54,33.29,9.44,4.69,2.5,7.03,0.0,33.29
E05013937,-4.73,6.19,8.79,10.62,5.89,12.63,18.81,0.0,8.79
E05013929,-4.72,3.98,11.26,10.31,5.59,9.03,13.01,0.0,11.26
E05014170,-4.69,16.45,21.16,8.33,3.64,0.0,16.45,0.0,21.16
E05013746,-4.68,3.51,7.38,57.12,52.44,6.73,10.24,0.0,7.38
E05013946,-4.65,7.63,10.42,7.91,3.26,6.95,14.58,0.0,10.42
E05013827,-4.62,6.05,11.66,20.33,15.71,4.26,10.31,0.0,11.66
E05014031,-4.58,8.38,16.59,7.78,3.2,4.94,13.31,0.0,16.59
E05013986,-4.58,3.08,31.63,9.67,5.1,2.84,5.92,0.0,31.63
E05013972,-4.34,5.88,39.71,9.51,5.17,0.0,5.88,0.0,39.71
E05013934,-4.33,0.0,7.3,10.81,6.48,0.0,0.0,0.0,7.3
E05013989,-4.3,6.67,47.35,8.86,4.56,0.0,6.67,0.0,47.35
E05013789,-4.14,16.55,5.97,9.0,4.87,0.0,16.55,0.0,5.97
E05013993,-4.0,0.0,16.74,9.7,5.7,0.0,0.0,0.0,16.74
E05011298,-3.99,5.94,20.35,8.44,4.45,5.4,11.34,0.0,20.35
E05013791,-3.94,13.36,16.7,10.41,6.47,0.0,13.36,0.0,16.7
E05013930,-3.94,1.31,11.83,9.66,5.72,13.25,14.56,0.0,11.83
E05011466,-3.8,7.45,17.03,18.07,14.27,9.5,16.95,0.0,17.03
E05011199,-3.63,-4.66,32.76,6.47,2.84,12.48,7.82,0.0,32.76
E05013786,-3.6,-0.49,10.63,7.79,4.19,16.77,16.28,0.0,10.63
E05006629,-3.48,0.35,18.16,5.12,1.65,4.47,4.82,0.0,18.16
E05013775,-3.35,11.61,6.21,7.06,3.71,0.0,11.61,0.0,6.21
E05013568,-3.33,-32.11,37.76,10.97,7.64,32.11,0.0,0.0,37.76
E05009365,-3.28,9.71,38.34,6.6,3.32,0.0,9.71,0.0,38.34
E05013774,-3.17,9.89,9.09,6.45,3.28,0.0,9.89,0.0,9.09
E05013782,-3.11,15.64,3.33,7.5,4.39,0.0,15.64,0.0,3.33
E05013710,-3.09,13.74,3.98,40.34,37.25,13.19,26.93,0.0,3.98
E05011263,-2.93,-4.09,20.15,7.0,4.07,11.68,7.58,0.0,20.15
E05013574,-2.76,-0.26,11.77,13.85,11.09,7.77,7.51,0.0,11.77
E05011285,-2.39,-12.99,26.82,5.89,3.5,19.4,6.41,0.0,26.82
E05014009,-2.34,3.57,4.33,39.13,36.79,10.93,14.5,0.0,4.33
E05014099,-2.33,5.23,5.37,32.31,29.98,8.37,13.6,0.4,5.78
E05011480,-2.05,6.5,20.87,18.72,16.67,10.33,16.83,0.0,20.87
E05011008,-2.04,0.38,17.58,2.95,0.91,7.86,8.24,0.0,17.58
E05011475,-2.02,9.12,11.35,23.49,21.47,10.58,19.71,0.0,11.35
E05011300,-1.81,2.69,24.67,4.39,2.58,5.98,8.68,0.0,24.67
E05013950,-1.78,-0.35,22.97,4.87,3.09,8.59,8.24,0.0,22.97
E05009330,-1.69,5.37,8.59,33.67,31.97,9.71,15.08,0.0,8.59
E05011476,-1.64,5.87,12.57,15.48,13.85,12.47,18.34,0.0,12.57
E05011474,-0.91,4.83,18.18,6.21,5.3,3.23,8.06,0.0,18.18
E05013880,-0.85,14.73,17.97,7.15,6.3,0.0,14.73,0.0,17.97
E05013704,-0.69,-0.57,2.71,34.12,33.42,46.17,45.6,0.0,2.71
E05011469,-0.56,5.12,16.01,12.4,11.83,10.53,15.65,0.0,16.01
E05009332,-0.39,10.11,3.78,22.6,22.2,3.53,13.63,0.0,3.78
E05011271,0.0,-2.2,20.53,0.0,0.0,9.69,7.49,0.0,20.53
E05011272,0.0,10.87,16.54,0.0,0.0,50.13,61.0,0.0,16.54
E05011275,0.0,11.61,22.73,0.0,0.0,0.0,11.61,0.0,22.73
E05013829,0.4,2.01,7.27,14.15,14.55,4.4,6.41,0.0,7.27
E05014123,0.5,5.11,26.89,9.77,10.27,0.0,5.11,0.0,26.89
E05011296,0.79,7.36,15.56,6.09,6.88,8.62,15.98,0.0,15.56
E05011478,0.92,3.33,13.09,10.85,11.76,8.92,12.25,0.0,13.09
E05009364,1.42,-24.6,22.06,0.0,1.42,54.4,29.8,0.0,22.06
E05011293,1.43,3.38,32.25,0.0,1.43,0.0,3.38,0.0,32.25
E05006647,1.57,-1.89,14.1,0.0,1.57,3.7,1.81,0.0,14.1
E05011273,1.61,-0.47,32.55,0.0,1.61,8.91,8.43,0.0,32.55
E05011306,1.84,0.18,13.06,0.0,1.84,6.99,7.17,0.0,13.06
E05011292,2.28,9.56,22.25,0.0,2.28,0.0,9.56,0.0,22.25
E05006632,2.53,-3.53,23.0,0.0,2.53,11.26,7.73,0.0,23.0
E05014032,2.71,-1.12,22.24,0.0,2.71,11.66,10.55,0.0,22.24
E05011258,2.71,5.65,22.31,0.0,2.71,0.0,5.65,0.0,22.31
E05011270,2.88,7.34,18.04,26.92,29.8,0.0,7.34,0.0,18.04
E05011286,2.98,10.13,20.79,0.0,2.98,0.0,10.13,0.0,20.79
E05011304,2.99,21.93,10.09,0.0,2.99,11.57,33.5,0.0,10.09
E05014169,3.01,12.86,19.84,0.0,3.01,0.0,12.86,0.0,19.84
E05006634,3.33,6.15,31.84,0.0,3.33,0.0,6.15,0.0,31.84
E05011305,3.35,-8.11,16.13,0.0,3.35,19.68,11.57,0.0,16.13
E05011477,3.42,8.91,11.99,15.91,19.33,12.37,21.29,0.0,11.99
E05011132,3.91,-30.93,42.2,40.47,44.37,37.05,6.12,0.0,42.2
E05011256,3.96,-23.81,27.34,0.0,3.96,37.04,13.24,0.0,27.34
E05011284,4.16,11.18,22.56,0.0,4.16,0.0,11.18,0.0,22.56
E05011283,4.25,-0.76,24.28,0.0,4.25,8.18,7.42,0.0,24.28
E05011260,4.7,4.18,21.93,0.0,4.7,0.0,4.18,2.72,24.66
E05011257,5.69,7.01,21.89,0.0,5.69,0.0,7.01,0.0,21.89
E05011307,5.81,8.54,11.76,0.0,5.81,0.0,8.54,0.0,11.76
E05011279,5.93,4.66,24.16,0.0,5.93,0.0,4.66,0.0,24.16
E05011265,5.96,5.0,25.98,0.0,5.96,0.0,5.0,0.0,25.98
E05011269,6.89,9.68,26.6,0.0,6.89,0.0,9.68,0.0,26.6
E05013826,7.56,-1.56,8.52,34.12,41.69,9.75,8.18,0.0,8.52
E05011289,8.24,9.7,15.74,0.0,8.24,9.6,19.3,0.0,15.74
