ward_code,ward_name,ward_name_welsh,council,area_sq_km,canvassing_events,events_per_sq_km,has_canvassing_event,rank_by_events_per_sq_km,rank_by_events
W05001789,Park,Y Parc,Monmouthshire,0.5485451108856201,23,41.92909487948357,True,1,2
W05001278,Gabalfa,Gabalfa,Cardiff,1.2557518997573853,15,11.94503468630869,True,2,14
W05001794,Severn,Hafren,Monmouthshire,1.852683331237793,20,10.795152988523858,True,3,5
W05001289,Plasnewydd,Plasnewydd,Cardiff,1.6157635095710754,17,10.521341705824797,True,4,9
W05001252,Porthcawl West Central,Canol Gorllewin Porthcawl,Bridgend,0.7266270601463318,7,9.633552593802802,True,5,48
W05001352,Rhyl South West,De-orllewin y Rhyl,Denbighshire,1.8464003563461304,17,9.2071039423116,True,6,9
W05001270,Adamsdown,Adamsdown,Cardiff,1.0855305928764343,9,8.290876423990815,True,7,33
W05001293,Riverside,Glanyrafon,Cardiff,2.5967131795425415,21,8.08714653795516,True,8,4
W05001798,Town,Y Dref,Monmouthshire,1.254254403968811,9,7.175577754817115,True,9,33
W05001272,Caerau,Caerau,Cardiff,3.035269165382385,20,6.58920145471856,True,10,5
W05001603,Mold: Broncoed,Yr Wyddgrug: Broncoed,Flintshire,1.2348163899917604,8,6.478695994676085,True,11,42
W05001384,Court,Court,Vale of Glamorgan,0.7987867466964722,5,6.259492938106959,True,12,70
W05001231,Brackla East Central,Canol Dwyrain Bracla,Bridgend,0.512128243347168,3,5.857907738875323,True,13,126
W05001767,Chepstow Castle and Larkfield,Castell Cas-gwent a Larkfield,Monmouthshire,1.399886229522705,8,5.71475012132066,True,14,42
W05001354,Rhyl Tŷ Newydd,Y Rhyl Tŷ Newydd,Denbighshire,1.9533189396896362,11,5.6314408141395464,True,15,22
W05001276,Ely,Trelái,Cardiff,3.0307890517196654,16,5.279153292084654,True,16,11
W05001713,Acrefair North,Gogledd Acre-fair,Wrexham,0.8072812513427734,4,4.954902635663455,True,17,98
W05001716,Borras Park,Parc Borras,Wrexham,0.6090942329101563,3,4.925346256631708,True,18,126
W05001273,Canton,Treganna,Cardiff,3.0937431701126097,15,4.848495552219356,True,19,14
W05001738,Hermitage,Hermitage,Wrexham,0.6842380778961181,3,4.384438833372649,True,20,126
W05001765,Caldicot Cross,Croes Cil-y-coed,Monmouthshire,0.46550637300109865,2,4.296396603780288,True,21,192
W05001277,Fairwater,Y Tyllgoed,Cardiff,3.052292178367615,13,4.259094228309586,True,22,17
W05001400,Stanwell,Stanwell,Vale of Glamorgan,0.9436713979148865,4,4.238763629837996,True,23,98
W05001606,Mold West,Gorllewin yr Wyddgrug,Flintshire,1.195671980430603,5,4.181748909261323,True,24,70
W05001467,Milford: West,Gorllewin Aberdaugleddau,Pembrokeshire,0.7272774043655396,3,4.124973472284805,True,25,126
W05001295,Splott,Y Sblot,Cardiff,4.860504559700012,20,4.114799143658121,True,26,5
W05001350,Rhyl East,Dwyrain y Rhyl,Denbighshire,1.7123189697418213,7,4.088023390323966,True,27,48
W05001536,Glyder,Glyder,Gwynedd,0.9817011532897949,4,4.074559744170142,True,28,98
W05001234,Bridgend Central,Canol Pen-y-bont ar Ogwr,Bridgend,2.779415570285797,11,3.9576665388216528,True,29,22
W05001351,Rhyl South,De'r Rhyl,Denbighshire,2.8106048757400512,11,3.9137482806449717,True,30,22
W05001286,Pentwyn,Pentwyn,Cardiff,3.584668768283844,14,3.905521236402125,True,31,16
W05001353,Rhyl Trellewelyn,Y Rhyl Trellewelyn,Denbighshire,1.795649065711975,7,3.898311832565401,True,32,48
W05001274,Cathays,Cathays,Cardiff,3.3479803447914125,13,3.8829379689234504,True,33,17
W05001399,St Augustine's,St Augustine's,Vale of Glamorgan,1.5538967475090026,6,3.8612604149010474,True,34,61
W05001389,Illtyd,Illtud,Vale of Glamorgan,2.871987427761078,11,3.8301003318023907,True,35,22
W05001740,Little Acton,Acton Fechan,Wrexham,0.522445664024353,2,3.828149294214016,True,36,192
W05001530,Dwyrain Bangor,Dwyrain Bangor,Gwynedd,1.5710077113113403,6,3.8192046778635627,True,37,61
W05001280,Heath,Y Mynydd Bychan,Cardiff,3.1625387303504944,12,3.794419933845388,True,38,19
W05001102,Rhydfelen Central,Canol Rhydfelen,Rhondda Cynon Taf,0.530823105178833,2,3.767733507617768,True,39,192
W05001380,Buttrills,Buttrills,Vale of Glamorgan,1.0729384257926942,4,3.7280797330422506,True,40,98
W05001285,Llanrumney,Llanrhymni,Cardiff,2.9984987677841186,11,3.6685024246746534,True,41,22
W05001605,Mold South,De'r Wyddgrug,Flintshire,1.3710648465499877,5,3.6468005233899086,True,42,70
W05001279,Grangetown,Grangetown,Cardiff,5.321057432361603,19,3.570718835779861,True,43,8
W05001348,Prestatyn South West,De-orllewin Prestatyn,Denbighshire,2.556486610877991,9,3.5204565366016416,True,44,33
W05001730,Garden Village,Garden Village,Wrexham,0.5707059026870728,2,3.5044319509984674,True,45,192
W05001233,Brackla West Central,Canol Gorllewin Bracla,Bridgend,0.8583492099151612,3,3.495080982595089,True,46,126
W05001612,Shotton East and Shotton Higher,Dwyrain Shotton a Shotton Uchaf,Flintshire,1.4729779788894652,5,3.394483876649461,True,47,70
W05001468,Narberth: Urban,Arberth Drefol,Pembrokeshire,0.8863051648635865,3,3.384838675132552,True,48,126
W05001237,Cefn-glas,Cefn-glas,Bridgend,1.5303306546096802,5,3.267267753500814,True,49,70
W05001066,Townhill,Townhill,Swansea,1.8381410541496277,6,3.26416734257413,True,50,61
W05001596,Holywell Central,Canol Treffynnon,Flintshire,0.9342504054718017,3,3.211130530347464,True,51,126
W05001067,Uplands,Uplands,Swansea,2.3199400601348876,7,3.017319335221532,True,52,48
W05001388,Gibbonsdown,Gibbonsdown,Vale of Glamorgan,1.6780279272117615,5,2.9796881916667988,True,53,70
W05001597,Holywell East,Dwyrain Treffynnon,Flintshire,1.3490278147201538,4,2.965098240639146,True,54,98
W05001251,Porthcawl East Central,Canol Dwyrain Porthcawl,Bridgend,2.75007950989151,8,2.9090068018853747,True,55,42
W05001275,Cyncoed,Cyncoed,Cardiff,3.81194182736969,11,2.885668380619072,True,56,22
W05001383,Cornerswell,Cornerswell,Vale of Glamorgan,1.4143214500694274,4,2.828211365813369,True,57,98
W05001294,Rumney,Tredelerch,Cardiff,3.943478515087128,11,2.789415476188277,True,58,22
W05001475,Pembroke Dock: Central,Canol Doc Penfro,Pembrokeshire,0.7170350563774109,2,2.789263903084958,True,59,192
W05001474,Pembroke Dock: Bush,Doc Penfro: Bush,Pembrokeshire,2.2013777022514343,6,2.725565900782754,True,60,61
W05001363,Coed Eva,Coed Efa,Torfaen,0.7347709044075013,2,2.7219368486191544,True,61,192
W05001271,Butetown,Butetown,Cardiff,5.981038967041016,16,2.6751205080203047,True,62,11
W05001288,Penylan,Pen-y-lan,Cardiff,3.3668484098548888,9,2.6731230231977983,True,63,33
W05001283,Llandaff North,Ystum Taf,Cardiff,1.8736702663536071,5,2.6685591855661004,True,64,70
W05001297,Whitchurch and Tongwynlais,Yr Eglwys Newydd a Thongwynlais,Cardiff,8.671970797985077,23,2.652222953211976,True,65,2
W05001365,Fairwater,Fairwater,Torfaen,1.8869915959587098,5,2.6497203329936863,True,66,70
W05001598,Holywell West,Gorllewin Treffynnon,Flintshire,2.655854987411499,7,2.6356860721610693,True,67,48
W05001771,Dewstow,Llanddewi,Monmouthshire,0.38286484455108644,1,2.6118877568205874,True,68,289
W05001580,Caergwrle,Caergwrle,Flintshire,1.1658735258331299,3,2.573177907831991,True,69,126
W05001714,Acton and Maesydre,Gwaunyterfyn a Maes-y-dre,Wrexham,1.5587384916229248,4,2.566177727371887,True,70,98
W05001776,Lansdown,Lansdown,Monmouthshire,0.7862032515258789,2,2.5438714430630505,True,71,192
W05001387,Dyfan,Dyfan,Vale of Glamorgan,3.194292070415497,8,2.504467288415302,True,72,42
W05001447,Haverfordwest: Portfield,Hwlffordd: Portfield,Pembrokeshire,1.2004866999397277,3,2.4989864528700068,True,73,126
W05001471,Neyland: East,Dwyrain Neyland,Pembrokeshire,1.3000190023880005,3,2.3076585761356645,True,74,126
W05001613,Shotton West,Gorllewin Shotton,Flintshire,0.8789745340042114,2,2.275378776776276,True,75,192
W05001749,Pant and Johnstown,Pant a Johnstown,Wrexham,1.8108920510559081,4,2.208856125724143,True,76,98
W05001747,Offa,Offa,Wrexham,0.9091180313644409,2,2.1999343660562087,True,77,192
W05001381,Cadoc,Cadog,Vale of Glamorgan,3.1834019317131044,7,2.1989054948625495,True,78,48
W05001364,Croesyceiliog,Croesyceiliog,Torfaen,2.3002511802215575,5,2.1736756589853834,True,79,70
W05001604,Mold East,Dwyrain yr Wyddgrug,Flintshire,2.7741630371246337,6,2.1628144848396813,True,80,61
W05001347,Prestatyn North,Gogledd Prestatyn,Denbighshire,1.8630524596252442,4,2.14701415375314,True,81,98
W05001070,West Cross,West Cross,Swansea,2.3323719716339113,5,2.1437403899590333,True,82,70
W05001372,Pontnewydd,Pontnewydd,Torfaen,2.393433767074585,5,2.089048825491977,True,83,70
W05001430,Tudno,Tudno,Conwy,2.423386096862793,5,2.063228804717818,True,84,70
W05001414,Glyn,Glyn,Conwy,2.9139486506652834,6,2.0590616786023803,True,85,61
W05001382,Castleland,Castleland,Vale of Glamorgan,2.43845659085083,5,2.0504773465150725,True,86,70
W05001753,Queensway,Queensway,Wrexham,0.49348466032409666,1,2.026405439519131,True,87,289
W05001758,Smithfield,Smithfield,Wrexham,0.5131364340362549,1,1.9487994491721212,True,88,289
W05001248,Oldcastle,Hengastell,Bridgend,3.7053295798721315,7,1.8891706794518304,True,89,48
W05001733,Gwenfro,Gwenfro,Wrexham,1.073046185333252,2,1.8638526722676596,True,90,192
W05001296,Trowbridge,Trowbridge,Cardiff,8.73235608895874,16,1.8322660960001993,True,91,11
W05001412,Eirias,Eirias,Conwy,2.1959815641174316,4,1.8215089167233542,True,92,98
W05001443,Fishguard: North West,Gogledd-orllewin Abergwaun,Pembrokeshire,1.6645871655197144,3,1.8022486669019495,True,93,126
W05001688,Bryn-coch South,De Bryn-coch,Neath Port Talbot,1.695858536655426,3,1.7690154780932397,True,94,126
W05001710,Sandfields East,Dwyrain Sandfields,Neath Port Talbot,1.696076298034668,3,1.7687883519604963,True,95,126
W05001571,Argoed and New Brighton,Argoed a New Brighton,Flintshire,6.323017417831421,11,1.7396757391461724,True,96,22
W05001759,Stansty,Stansty,Wrexham,0.5811266399383545,1,1.7207953159849623,True,97,289
W05001518,Canol Bethesda,Canol Bethesda,Gwynedd,0.6012963917770385,1,1.6630733423239987,True,98,289
W05001761,Wynnstay,Wynnstay,Wrexham,0.6106799390029907,1,1.6375189950281022,True,99,289
W05001232,Brackla West,Gorllewin Bracla,Bridgend,0.6122164514503479,1,1.6334092258236257,True,100,289
W05001375,St. Dials,St. Dials,Torfaen,1.8898104510879516,3,1.5874607944267212,True,101,126
W05001371,Panteg,Pant-teg,Torfaen,3.2193772740325928,5,1.553095389077217,True,102,70
W05001746,New Broughton,New Broughton,Wrexham,1.334538473953247,2,1.498645441128036,True,103,192
W05001663,Morgan Jones,Morgan,Caerphilly,2.673468634010315,4,1.4961836279335106,True,104,98
W05001291,Radyr,Radur,Cardiff,4.686416474189758,7,1.4936786003873548,True,105,48
W05001445,Haverfordwest: Castle,Hwlffordd: Y Castell,Pembrokeshire,0.6769655618591308,1,1.4771800167407765,True,106,289
W05001577,Buckley: Bistre West,Bwcle: Gorllewin Bistre,Flintshire,1.3715867870178222,2,1.4581651113368537,True,107,192
W05001500,Parc a'r Mynydd,Parc a'r Mynydd,Isle of Anglesey,2.762407013618469,4,1.4480125413381468,True,108,98
W05001093,Penrhiw-ceibr,Penrhiw-ceibr,Rhondda Cynon Taf,2.1317002668571474,3,1.4073273089293281,True,109,126
W05001077,Church Village,Pentre'r Eglwys,Rhondda Cynon Taf,2.8798678023872375,4,1.3889526445221687,True,110,98
W05001729,Esclusham,Esclusham,Wrexham,2.2029120956802366,3,1.3618337317602456,True,111,126
W05001064,Sketty,Sgeti,Swansea,6.778168593082428,9,1.3277922902633463,True,112,33
W05001056,Mumbles,Y Mwmbwls,Swansea,4.563438583751679,6,1.3147980168645768,True,113,61
W05001041,Castle,Y Castell,Swansea,2.2964684600639345,3,1.3063536696325797,True,114,126
W05001790,Pen Y Fal,Pen-y-fâl,Monmouthshire,0.7968402532653809,1,1.2549566815959516,True,115,289
W05001292,Rhiwbina,Rhiwbeina,Cardiff,6.41183344493103,8,1.2476930457893471,True,116,42
W05001427,Pen-sarn Pentre Mawr,Pen-sarn Pentre Mawr,Conwy,4.0240447629013065,5,1.242530909719562,True,117,70
W05001587,Flint: Castle,Y Fflint: Y Castell,Flintshire,1.6218012339782715,2,1.2331967432864808,True,118,192
W05001284,Llanishen,Llanisien,Cardiff,3.2565706628990174,4,1.2282859529414227,True,119,98
W05001065,St Thomas,St Thomas,Swansea,3.3289407789382937,4,1.201583406141496,True,120,98
W05001302,Aberystwyth Rheidol,Aberystwyth Rheidol,Ceredigion,0.8348708900299072,1,1.1977899959647382,True,121,289
W05001390,Llandough,Llandochau,Vale of Glamorgan,1.690320946537018,2,1.1832072507279907,True,122,192
W05001282,Llandaff,Llandaf,Cardiff,2.5604376723937987,3,1.1716746837251644,True,123,126
W05001290,Pontprennau and Old St Mellons,Pontprennau a Phentref Llaneirwg,Cardiff,8.642425776008606,10,1.1570825436256593,True,124,30
W05001473,Pembroke Dock: Bufferland,Doc Penfro: Bufferland,Pembrokeshire,0.8669905811080932,1,1.1534150679260073,True,125,289
W05001392,Llantwit Major,Llanilltud Fawr,Vale of Glamorgan,21.794444823394777,24,1.1011980435600597,True,126,1
W05001238,Coity Higher,Coety Uchaf,Bridgend,7.3951234793586735,8,1.0817939717071205,True,127,42
W05001647,Victoria,Victoria,Newport,0.9525551550750733,1,1.0498079766532653,True,128,289
W05001478,Pembroke: Monkton and St Mary South,Penfro: Cil-maen a De St Mary,Pembrokeshire,4.809540222976684,5,1.0396004125536635,True,129,70
W05001658,Gilfach,Gilfach,Caerphilly,1.0170973825454712,1,0.9831900240440282,True,130,289
W05001255,St Bride's Minor and Ynysawdre,Llansanffraid-ar-Ogwr ac Ynysawdre,Bridgend,12.253471866294861,12,0.9793142817757573,True,131,19
W05001254,Rest Bay,Rest Bay,Bridgend,2.0451797948532104,2,0.9779091329931444,True,132,192
W05001659,Hengoed,Hengoed,Caerphilly,2.0561121760673524,2,0.9727095745453558,True,133,192
W05001728,Erddig,Erddig,Wrexham,1.0575785644226074,1,0.9455562297123118,True,134,289
W05001527,Dewi,Dewi,Gwynedd,1.1003402445373536,1,0.9088098022084593,True,135,289
W05001355,Rhyl West,Gorllewin y Rhyl,Denbighshire,1.1126868800048828,1,0.8987254347742571,True,136,289
W05001622,Penydarren,Penydarren,Merthyr Tydfil,1.119110665988922,1,0.8935666778909056,True,137,289
W05001050,Landore,Glandŵr,Swansea,2.2431157001304625,2,0.89161695934083,True,138,192
W05001379,Baruc,Baruc,Vale of Glamorgan,3.3726715918388366,3,0.8895025555584409,True,139,126
W05001679,Aberavon,Aberafan,Neath Port Talbot,2.2523796331977843,2,0.887949780100137,True,140,192
W05001394,Plymouth,Plymouth,Vale of Glamorgan,3.3908493178520205,3,0.8847340942594261,True,141,126
W05001327,Teifi,Teifi,Ceredigion,6.798946988441467,6,0.8824895987864422,True,142,61
W05001590,Greenfield,Maes-glas,Flintshire,4.632918002243042,4,0.8633867463364098,True,143,98
W05001611,Saltney Ferry,Saltney Ferry,Flintshire,3.5831945034484862,3,0.837241739769578,True,144,126
W05001047,Gorseinon and Penyrheol,Gorseinon a Phenyrheol,Swansea,10.858201138942718,9,0.8288665760410058,True,145,33
W05001764,Caldicot Castle,Castell Cil-y-coed,Monmouthshire,1.21579084167099,1,0.8225098970359032,True,146,289
W05001608,Northop,Llaneurgain,Flintshire,14.906096861686706,12,0.8050397170599182,True,147,19
W05001757,Ruabon,Rhiwabon,Wrexham,8.880221329238891,7,0.7882686411150474,True,148,48
W05001624,Town,Y Dref,Merthyr Tydfil,7.646472637550354,6,0.7846755339887252,True,149,61
W05001742,Llay,Llai,Wrexham,9.08223375693512,7,0.7707355026680366,True,150,48
W05001489,Tenby: South,De Dinbych-y-pysgod,Pembrokeshire,3.9253629180145264,3,0.7642605442243845,True,151,126
W05001707,Port Talbot,Port Talbot,Neath Port Talbot,3.941940186141968,3,0.7610465553350119,True,152,126
W05001370,New Inn,New Inn,Torfaen,11.854062145133971,9,0.7592334079077231,True,153,33
W05001103,Taff's Well,Ffynnon Taf,Rhondda Cynon Taf,6.740505140384674,5,0.741784168376831,True,154,70
W05001579,Buckley: Pentrobin,Bwlce: Pentrobin,Flintshire,2.81496781918335,2,0.710487695941128,True,155,192
W05001517,Canol Bangor,Canol Bangor,Gwynedd,2.819702403022766,2,0.7092947106247695,True,156,192
W05001075,Beddau and Tyn-y-nant,Beddau a Thyn-y-nant,Rhondda Cynon Taf,4.343642203800202,3,0.6906646218179148,True,157,126
W05001681,Allt-wen,Allt-wen,Neath Port Talbot,4.378534053325653,3,0.6851608240254276,True,158,126
W05001044,Cwmbwrla,Cwmbwrla,Swansea,1.4854719531021119,1,0.673186725546517,True,159,289
W05001705,Neath South,De Castell-nedd,Neath Port Talbot,1.4946554196128845,1,0.6690505295588463,True,160,289
W05001069,Waunarlwydd,Waunarlwydd,Swansea,2.9932734887008667,2,0.6681648060391685,True,161,192
W05001691,Coedffranc Central,Canol Coed-ffranc,Neath Port Talbot,1.5190829394302368,1,0.6582919036501526,True,162,289
W05001344,Prestatyn Central,Canol Prestatyn,Denbighshire,1.54129786769104,1,0.6488038561281227,True,163,289
W05001744,Marford and Hoseley,Marford a Hoseley,Wrexham,3.140173583503723,2,0.6369074660415596,True,164,192
W05001346,Prestatyn Meliden,Prestatyn Alltmelyd,Denbighshire,1.5820440807495117,1,0.6320936389624734,True,165,289
W05001574,Broughton South,De Brychdyn,Flintshire,3.1721278468322756,2,0.6304916121199918,True,166,192
W05001417,Kinmel Bay,Bae Cinmel,Conwy,4.777402143737793,3,0.6279563473492372,True,167,126
W05001643,Shaftesbury,Shaftesbury,Newport,1.6376686147003174,1,0.6106241464381934,True,168,289
W05001416,Gogarth Mostyn,Gogarth Mostyn,Conwy,6.5768117924041745,4,0.6081974254789777,True,169,98
W05001135,Hay,Y Gelli,Powys,1.6462755022735596,1,0.6074317443337811,True,170,289
W05001620,Merthyr Vale,Ynysowen,Merthyr Tydfil,8.291823134658813,5,0.6030036963886275,True,171,70
W05001684,Briton Ferry East,Dwyrain Llansawel,Neath Port Talbot,4.979686696361542,3,0.6024475399610943,True,172,126
W05001704,Neath North,Gogledd Castell-nedd,Neath Port Talbot,1.6607532335586548,1,0.6021364160509292,True,173,289
W05001737,Gwersyllt West,Gorllewin Gwersyllt,Wrexham,1.6668746501235963,1,0.599925135297877,True,174,289
W05001463,Milford: East,Dwyrain Aberdaugleddau,Pembrokeshire,5.049577184814453,3,0.5941091481920253,True,175,126
W05001158,Machynlleth,Machynlleth,Powys,5.066595431869507,3,0.592113587978553,True,176,126
W05001503,Tref Cybi,Tref Cybi,Isle of Anglesey,3.417891460044861,2,0.5851560891795403,True,177,192
W05001674,St Martins,Sant Martin,Caerphilly,6.990790478752136,4,0.5721813594839713,True,178,98
W05001055,Morriston,Treforys,Swansea,7.00574988986969,4,0.5709595779010035,True,179,98
W05001628,Alway,Alway,Newport,1.7568075517883301,1,0.5692143109141675,True,180,289
W05001617,Cyfarthfa,Cyfarthfa,Merthyr Tydfil,7.049239876255036,4,0.5674370670054474,True,181,98
W05001448,Haverfordwest: Prendergast,Hwlffordd: Prendergast,Pembrokeshire,1.7649444268264771,1,0.5665900777386439,True,182,289
W05001057,Mynydd-bach,Mynydd-bach,Swansea,3.5531913153800962,2,0.5628742790580793,True,183,192
W05001726,Coedpoeth,Coed-poeth,Wrexham,5.385210346138001,3,0.5570813036395965,True,184,126
W05001063,Pontlliw and Tircoed,Pont-lliw a Thir-coed,Swansea,5.4525364990730285,3,0.5502026443124264,True,185,126
W05001444,Goodwick,Wdig,Pembrokeshire,3.6579321857414246,2,0.5467569923236892,True,186,192
W05001357,St Asaph East,Dwyrain Llanelwy,Denbighshire,3.6835290247192383,2,0.5429575786096709,True,187,192
W05001242,Maesteg East,Dwyrain Maesteg,Bridgend,5.546462794525146,3,0.5408852652831762,True,188,126
W05001592,Hawarden: Aston,Penarlâg: Aston,Flintshire,3.703372946220398,2,0.5400482287481112,True,189,192
W05001446,Haverfordwest: Garth,Hwlffordd: Garth,Pembrokeshire,1.8619023528594971,1,0.5370850938902391,True,190,289
W05001281,Lisvane and Thornhill,Llys-faen a'r Ddraenen,Cardiff,9.424439182979583,5,0.530535547306617,True,191,70
W05001049,Gowerton,Tregŵyr,Swansea,7.614890607807159,4,0.5252866004271951,True,192,98
W05001301,Aberystwyth Penparcau,Aberystwyth Penparcau,Ceredigion,1.9178749028244018,1,0.5214104415920597,True,193,289
W05001725,Chirk South,De'r Waun,Wrexham,13.523152823478698,7,0.5176307693459401,True,194,48
W05001588,Flint: Coleshill and Trelawny,Y Fflint: Cynswllt a Threlawny,Flintshire,9.729574095474243,5,0.5138971090549352,True,195,70
W05001345,Prestatyn East,Dwyrain Prestatyn,Denbighshire,5.865194670204162,3,0.5114919740414299,True,196,126
W05001386,Dinas Powys,Dinas Powys,Vale of Glamorgan,19.643863860183714,10,0.5090648189773433,True,197,30
W05001449,Haverfordwest: Priory,Hwlffordd: Y Priordy,Pembrokeshire,1.995421865322113,1,0.5011471595950333,True,198,289
W05001246,Nottage,Notais,Bridgend,4.032327804210663,2,0.4959914216080219,True,199,192
W05001586,Connah's Quay: Wepre,Cei Connah: Gwepra,Flintshire,4.062543121307373,2,0.4923024667751409,True,200,192
W05001649,Aberbargoed and Bargoed,Aberbargod a Bargod,Caerphilly,6.131728485919952,3,0.48925845410291446,True,201,126
W05001621,Park,Y Parc,Merthyr Tydfil,2.0603502510490417,1,0.4853543709332154,True,202,289
W05001084,Glyn-coch,Glyn-coch,Rhondda Cynon Taf,2.064426013595581,1,0.48439614372922685,True,203,289
W05001689,Cadoxton,Llangatwg,Neath Port Talbot,4.140800021270752,2,0.4829984519238456,True,204,192
W05001678,Ystrad Mynach,Ystrad Mynach,Caerphilly,6.277926835636139,3,0.4778647599030217,True,205,126
W05001097,Pontyclun Central,Canol Pont-y-clun,Rhondda Cynon Taf,2.102840682674408,1,0.47554720062206174,True,206,289
W05001264,Georgetown,Georgetown,Blaenau Gwent,4.2255441563797,2,0.47331182114862363,True,207,192
W05001257,Beaufort,Cendl,Blaenau Gwent,4.357495669578552,2,0.45897922835880545,True,208,192
W05001052,Llansamlet,Llansamlet,Swansea,16.212403384757994,7,0.43176818599153616,True,209,48
W05001712,Trebanos,Trebanos,Neath Port Talbot,2.332571246810913,1,0.4287114493789624,True,210,289
W05001366,Greenmeadow,Greenmeadow,Torfaen,2.343311111228943,1,0.42674657889346707,True,211,289
W05001235,"Bryntirion, Laleston and Merthyr Mawr","Bryntirion, Trelales a Merthyr Mawr",Bridgend,23.47507241088867,10,0.42598377653402264,True,212,30
W05001100,Pontypridd Town,Tref Pontypridd,Rhondda Cynon Taf,2.3508518696403504,1,0.42537771644156674,True,213,289
W05001428,Rhiw,Rhiw,Conwy,4.70994978666687,2,0.4246329771204115,True,214,192
W05001585,Connah's Quay South,De Cei Connah,Flintshire,2.3625605403518675,1,0.42326957676651333,True,215,289
W05001085,Graig and Pontypridd West,Y Graig a Gorllewin Pontypridd,Rhondda Cynon Taf,12.201705197463989,5,0.4097787906758478,True,216,70
W05001228,Aberkenfig,Abercynffig,Bridgend,12.2773858922081,5,0.40725281781468425,True,217,70
W05001262,Ebbw Vale North,Gogledd Glynebwy,Blaenau Gwent,2.4637676598739624,1,0.4058824280740646,True,218,289
W05001053,Llwchwr,Llwchwr,Swansea,7.40246206313324,3,0.40527056733475375,True,219,126
W05001260,Cwm,Cwm,Blaenau Gwent,9.985696554450989,4,0.4005729573483839,True,220,98
W05001368,Llantarnam,Llantarnam,Torfaen,7.788099807395935,3,0.3852030757426944,True,221,126
W05001300,Aberystwyth Morfa a Glais,Aberystwyth Morfa a Glais,Ceredigion,2.609439070388794,1,0.3832241232791095,True,222,289
W05001249,Pencoed and Penprysg,Pencoed a Phen-prysg,Bridgend,24.006418794223784,9,0.3748997331565965,True,223,33
W05001081,Cymer,Cymer,Rhondda Cynon Taf,5.454521676937103,2,0.36666826505730693,True,224,192
W05001700,Gwaun-Cae-Gurwen and Lower Brynamman,Gwauncaegurwen a Brynaman Isaf,Neath Port Talbot,13.657947532470702,5,0.36608721684666684,True,225,70
W05001595,Higher Kinnerton,Kinnerton Uchaf,Flintshire,8.20441651007843,3,0.36565671627162694,True,226,126
W05001723,Cefn West,Gorllewin Cefn,Wrexham,5.4763530636138915,2,0.3652065483667306,True,227,192
W05001367,Llanfrechfa and Ponthir,Llanfrechfa a Phont-hir,Torfaen,5.487278158584595,2,0.36447942717667625,True,228,192
W05001358,St Asaph West,Gorllewin Llanelwy,Denbighshire,2.7678133621139525,1,0.36129603740197186,True,229,289
W05001782,Magor East with Undy,Dwyrain Magwyr gyda Gwndy,Monmouthshire,5.63991221401596,2,0.35461544862874356,True,230,192
W05001259,Brynmawr,Bryn-mawr,Blaenau Gwent,5.655211977027893,2,0.3536560624295296,True,231,192
W05001685,Briton Ferry West,Gorllewin Llansawel,Neath Port Talbot,2.832155467979431,1,0.3530879612034288,True,232,289
W05001731,Gresford East and West,Dwyrain a Gorllewin Gresffordd,Wrexham,5.691326279190063,2,0.3514119384286331,True,233,192
W05001584,Connah's Quay: Golftyn,Cei Connah: Golftyn,Flintshire,8.586399798042297,3,0.34938974081826485,True,234,126
W05001409,Craig-y-don,Craig-y-don,Conwy,2.895093894203186,1,0.34541194052541396,True,235,289
W05001043,Cockett,Y Cocyd,Swansea,5.80966118549347,2,0.34425415461299763,True,236,192
W05001669,Penyrheol,Penyrheol,Caerphilly,5.849667249782562,2,0.3418997892699524,True,237,192
W05001682,Baglan,Baglan,Neath Port Talbot,9.005521427894593,3,0.33312896138445725,True,238,126
W05001654,Cefn Fforest and Pengam,Cefn Fforest a Phengam,Caerphilly,3.021636498523712,1,0.3309464922364329,True,239,289
W05001408,Conwy,Conwy,Conwy,6.0450992826080325,2,0.3308465099579211,True,240,192
W05001072,Abercynon,Abercynon,Rhondda Cynon Taf,9.153843025859834,3,0.32773120442691944,True,241,126
W05001676,Van,Y Fan,Caerphilly,3.084383220741272,1,0.32421392817707956,True,242,289
W05001703,Neath East,Dwyrain Castell-nedd,Neath Port Talbot,3.117859180416107,1,0.3207328946352673,True,243,289
W05001310,Llanbadarn Fawr,Llanbadarn Fawr,Ceredigion,3.128395399681091,1,0.31965268843635947,True,244,289
W05001307,Faenor,Faenor,Ceredigion,6.325675423049927,2,0.31617177079814496,True,245,192
W05001263,Ebbw Vale South,De Glynebwy,Blaenau Gwent,6.442409530475617,2,0.3104428538016813,True,246,192
W05001250,Pen-y-fai,Pen-y-fai,Bridgend,3.225926798374176,1,0.30998843510769886,True,247,289
W05001349,Rhuddlan,Rhuddlan,Denbighshire,9.765133116485595,3,0.30721547409685285,True,248,126
W05001466,Milford: North,Gogledd Aberdaugleddau,Pembrokeshire,3.354451361499786,1,0.29811134287930074,True,249,289
W05001576,Buckley: Bistre East,Bwcle: Bwyrain Bistre,Flintshire,3.3707013436279296,1,0.29667416304634303,True,250,289
W05001461,Merlin's Bridge,Pont Fadlen,Pembrokeshire,6.751649540092468,2,0.2962239061911689,True,251,192
W05001068,Waterfront,Y Glannau,Swansea,3.3980157085838316,1,0.2942893988023273,True,252,289
W05001568,Y Faenol,Y Faenol,Gwynedd,10.303417470176697,3,0.2911655291735502,True,253,126
W05001652,Bedwas and Trethomas,Bedwas a Threthomas,Caerphilly,10.352558017189025,3,0.2897834520723192,True,254,126
W05001243,Maesteg West,Gorllewin Maesteg,Bridgend,7.108591979385376,2,0.28134966893583396,True,255,192
W05001253,"Pyle, Kenfig Hill and Cefn Cribwr","Y Pîl, Cynffig a Chefn Cribwr",Bridgend,10.68911613672638,3,0.2806593137941873,True,256,126
W05001114,Upper Rhydfelen and Glyn-taf,Rhydfelen Uchaf a Glyn-taf,Rhondda Cynon Taf,3.5737240434188844,1,0.2798201505909581,True,257,289
W05001618,Dowlais and Pant,Dowlais a Phant,Merthyr Tydfil,10.81283541355896,3,0.27744804070892387,True,258,126
W05001594,Hawarden: Mancot,Penarlâg: Mancot,Flintshire,7.3752918253479,2,0.27117571038020016,True,259,192
W05001265,Llanhilleth,Llanhiledd,Blaenau Gwent,7.414088875549316,2,0.26975667996046493,True,260,192
W05001230,Brackla East and Coychurch Lower,Dwyrain Bracla a Llangrallo Isaf,Bridgend,7.438162267345429,2,0.26888362045827896,True,261,192
W05001042,Clydach,Clydach,Swansea,33.47632922198868,9,0.268846680898586,True,262,33
W05001172,Welshpool Castle,Y Trallwng Castell,Powys,18.666097502250672,5,0.26786531032515626,True,263,70
W05001662,Maesycwmmer,Maesycwmwr,Caerphilly,7.518773055236816,2,0.266000846854528,True,264,192
W05001110,Treforest,Trefforest,Rhondda Cynon Taf,3.773764369319916,1,0.2649873977638444,True,265,289
W05001175,Ynyscedwyn,Ynysgedwyn,Powys,3.803210556213379,1,0.2629357447397385,True,266,289
W05001698,Glynneath Central and East,Canol a Dwyrain Glyn-nedd,Neath Port Talbot,7.612873614776611,2,0.2627128862507311,True,267,192
W05001059,Penderry,Penderi,Swansea,3.8367923099861145,1,0.2606343839350582,True,268,289
W05001089,Llantrisant and Talbot Green,Llantrisant a Thonysguboriau,Rhondda Cynon Taf,11.612669643836975,3,0.258338529555273,True,269,126
W05001040,Bôn-y-maen,Bôn-y-maen,Swansea,7.785881119026184,2,0.2568752295886775,True,270,192
W05001258,Blaina,Blaenau,Blaenau Gwent,7.852324687553406,2,0.2547016430905064,True,271,192
W05001625,Treharris,Treharris,Merthyr Tydfil,8.072410844493866,2,0.2477574591442141,True,272,192
W05001583,Connah's Quay Central,Canol Cei Connah,Flintshire,4.069067350982666,1,0.2457565613305721,True,273,289
W05001356,Ruthin,Rhuthun,Denbighshire,8.184223318870544,2,0.24437260838038913,True,274,192
W05001078,Cilfynydd,Cilfynydd,Rhondda Cynon Taf,4.150378700691223,1,0.24094186871030718,True,275,289
W05001377,Two Locks,Two Locks,Torfaen,12.508775109401704,3,0.23983163609242394,True,276,126
W05001071,Aberaman,Aberaman,Rhondda Cynon Taf,16.84924753823471,4,0.23739932545492642,True,277,98
W05001599,Hope,Yr Hôb,Flintshire,12.652885200294495,3,0.23710007263245977,True,278,126
W05001623,Plymouth,Plymouth,Merthyr Tydfil,21.17580366570282,5,0.2361185473257008,True,279,70
W05001092,Mountain Ash,Aberpennar,Rhondda Cynon Taf,12.766492385398864,3,0.23499015308473634,True,280,126
W05001074,Aberdare West and Llwydcoed,Gorllewin Aberdâr a Llwydcoed,Rhondda Cynon Taf,21.809185606472017,5,0.2292611971038578,True,281,70
W05001090,Llantwit Fardre,Llanilltud Faerdref,Rhondda Cynon Taf,8.983497887008667,2,0.2226304302795313,True,282,192
W05001256,Abertillery and Six Bells,Abertyleri a Six Bells,Blaenau Gwent,9.14428963854599,2,0.21871573179062326,True,283,192
W05001680,Aberdulais,Aberdulais,Neath Port Talbot,9.575151405654907,2,0.20887398175436026,True,284,192
W05001082,Ferndale and Maerdy,Glynrhedynog a'r Maerdy,Rhondda Cynon Taf,14.395341269416809,3,0.20840075576211314,True,285,126
W05001261,Cwmtillery,Cwmtyleri,Blaenau Gwent,9.635638622192383,2,0.20756278627902122,True,286,192
W05001095,Pen-y-graig,Pen-y-graig,Rhondda Cynon Taf,4.839404356597901,1,0.20663700040618213,True,287,289
W05001121,Brecon West,Gorllewin Aberhonddu,Powys,4.84422854322815,1,0.2064312183201846,True,288,289
W05001373,Pontnewynydd and Snatchwood,Pontnewynydd a Snatchwood,Torfaen,4.847445855548859,1,0.20629420725871597,True,289,289
W05001079,Cwm Clydach,Cwm Clydach,Rhondda Cynon Taf,4.857930313556671,1,0.20584898000890897,True,290,289
W05001405,Bryn,Bryn,Conwy,9.744850150856019,2,0.20523660898205948,True,291,192
W05001492,Aethwy,Aethwy,Isle of Anglesey,24.539483511634828,5,0.20375326960852155,True,292,70
W05001376,Trevethin and Penygarn,Trefddyn a Phen-y-garn,Torfaen,4.980322708057404,1,0.20079020148275778,True,293,289
W05001104,Ton-teg,Ton-teg,Rhondda Cynon Taf,4.98163997177124,1,0.2007371077931283,True,294,289
W05001425,Penmaenmawr,Penmaenmawr,Conwy,15.262864195198059,3,0.1965555063343778,True,295,126
W05001616,Bedlinog and Trelewis,Bedlinog a Threlewis,Merthyr Tydfil,15.267351647922515,3,0.1964977338036372,True,296,126
W05001113,Tylorstown and Ynyshir,Tylorstown ac Ynys-hir,Rhondda Cynon Taf,10.292522957592011,2,0.1943158162717288,True,297,192
W05001415,Glyn y Marl,Glyn y Marl,Conwy,5.248326222114563,1,0.19053693647821643,True,298,289
W05001800,Wyesham,Wyesham,Monmouthshire,10.521418445388793,2,0.19008843820640334,True,299,192
W05001374,Pontypool Fawr,Pont-y-pŵl Fawr,Torfaen,15.93924389655304,3,0.18821469948450745,True,300,126
W05001080,Cwmbach,Cwm-bach,Rhondda Cynon Taf,5.343117174938202,1,0.18715666665340647,True,301,289
W05001451,Johnston,Johnston,Pembrokeshire,5.459095433086396,1,0.18318053096108497,True,302,289
W05001269,Tredegar,Tredegar,Blaenau Gwent,10.921401306201934,2,0.18312668346545058,True,303,192
W05001665,Nelson,Nelson,Caerphilly,10.971517686141969,2,0.18229018602651328,True,304,192
W05001268,Sirhowy,Sirhywi,Blaenau Gwent,16.5255101799469,3,0.18153751184277445,True,305,126
W05001239,Cornelly,Corneli,Bridgend,16.586052581016542,3,0.18087486370528152,True,306,126
W05001333,Bodelwyddan,Bodelwyddan,Denbighshire,16.689944168693543,3,0.1797489536020919,True,307,126
W05001660,Llanbradach,Llanbradach,Caerphilly,5.712158565567017,1,0.1750651681884351,True,308,289
W05001505,Ynys Gybi,Ynys Gybi,Isle of Anglesey,28.72751915810394,5,0.17404913986766993,True,309,70
W05001094,Pentre,Pentre,Rhondda Cynon Taf,5.768961731494904,1,0.17334141679959997,True,310,289
W05001687,Bryn-coch North,Gogledd Bryn-coch,Neath Port Talbot,5.7690514210624695,1,0.173338721916927,True,311,289
W05001670,Pontllanfraith,Pontllan-fraith,Caerphilly,5.792828440559387,1,0.17262724250529238,True,312,289
W05001335,Denbigh Lower,Dinbych Isaf,Denbighshire,17.42286340019989,3,0.1721875406522203,True,313,126
W05001402,Wenvoe,Gwenfô,Vale of Glamorgan,17.83006584338379,3,0.16825512739837759,True,314,126
W05001752,Ponciau,Ponciau,Wrexham,5.981228132194519,1,0.16718974396201453,True,315,289
W05001673,St Cattwg,Sant Catwg,Caerphilly,12.068796232555389,2,0.16571661012927133,True,316,192
W05001593,Hawarden: Ewloe,Penarlâg: Ewloe,Flintshire,6.250738771751404,1,0.15998108967842986,True,317,289
W05001120,Brecon East,Dwyrain Aberhonddu,Powys,6.257433970733643,1,0.1598099164413167,True,318,289
W05001694,"Crynant, Onllwyn and Seven Sisters","Y Creunant, Onllwyn a Blaendulais",Neath Port Talbot,44.15108353131866,7,0.15854650532040818,True,319,48
W05001308,Lampeter,Llanbedr Pont Steffan,Ceredigion,12.641240548118592,2,0.15821232041167527,True,320,192
W05001754,Rhos,Rhos,Wrexham,12.66142931780243,2,0.15796004935935054,True,321,192
W05001591,Gwernaffield and Gwernymynydd,Y Waun a Gwernymynydd,Flintshire,25.33422072367096,4,0.15788920620963134,True,322,98
W05001791,Portskewett,Porthsgiwed,Monmouthshire,6.574041714702606,1,0.1521134247997752,True,323,289
W05001267,Rassau and Garnlydan,Rasa a Garnlydan,Blaenau Gwent,6.617134507968903,1,0.15112281589496435,True,324,289
W05001073,Aberdare East,Dwyrain Aberdâr,Rhondda Cynon Taf,6.747598751689911,1,0.1482008691980319,True,325,289
W05001241,Llangynwyd,Llangynwyd,Bridgend,13.5227458817482,2,0.14789895613578172,True,326,192
W05001664,Moriah and Pontlottyn,Moriah a Phontlotyn,Caerphilly,6.946289495845795,1,0.14396175117637217,True,327,289
W05001058,Pen-clawdd,Pen-clawdd,Swansea,14.106997419830321,2,0.14177361351102138,True,328,192
W05001718,Brymbo,Brymbo,Wrexham,7.085261654548645,1,0.1411380480716634,True,329,289
W05001401,Sully,Sili,Vale of Glamorgan,7.086332602607727,1,0.14111671806542161,True,330,289
W05001236,Caerau,Caerau,Bridgend,14.564695523517608,2,0.13731835291514338,True,331,192
W05001266,Nantyglo,Nant-y-glo,Blaenau Gwent,7.481086629135132,1,0.13367042109972296,True,332,289
W05001076,Brynna and Llanharan,Brynna a Llanharan,Rhondda Cynon Taf,23.26719222534561,3,0.12893691559104475,True,333,126
W05001459,Manorbier and Penally,Maenorbŷr a Phenalun,Pembrokeshire,23.610974162670136,3,0.12705956049636935,True,334,126
W05001690,Cimla and Pelenna,Cimla a Phelenna,Neath Port Talbot,23.915075951805115,3,0.1254438834334356,True,335,126
W05001161,Newtown East,Dwyrain y Drenewydd,Powys,7.990074366256714,1,0.12515528068463924,True,336,289
W05001470,Newport and Dinas,Trefdraeth a Dinas,Pembrokeshire,32.086384174179074,4,0.12466347028341468,True,337,98
W05001610,Queensferry and Sealand,Queensferry a Sealand,Flintshire,24.09989514063263,3,0.12448186942282477,True,338,126
W05001424,Pandy,Pandy,Conwy,8.219614355834961,1,0.12166020894765182,True,339,289
W05001062,Pontarddulais,Pontarddulais,Swansea,24.963087708267214,3,0.12017744099046158,True,340,126
W05001756,Rossett,Yr Orsedd,Wrexham,25.56243207901764,3,0.11735972503424211,True,341,126
W05001395,Rhoose,Y Rhws,Vale of Glamorgan,17.192347128494262,2,0.11633082935402339,True,342,192
W05001609,Pen-y-ffordd,Pen-y-ffordd,Flintshire,8.738246975875855,1,0.1144394296431256,True,343,289
W05001413,Gele and Llanddulas,Gele a Llanddulas,Conwy,17.80998360710907,2,0.11229656602276016,True,344,192
W05001589,Flint: Oakenholt,Y Fflint: Oakenholt,Flintshire,9.268496530326843,1,0.10789236385081068,True,345,289
W05001708,Resolven and Tonna,Resolfen a Thonna,Neath Port Talbot,37.26649979098129,4,0.10733500657252558,True,346,98
W05001572,Bagillt,Bagillt,Flintshire,9.403966176925659,1,0.10633811108909365,True,347,289
W05001145,Llandysilio,Llandysilio,Powys,18.85680453972626,2,0.10606250893604657,True,348,192
W05001666,New Tredegar,Tredegar Newydd,Caerphilly,9.641418566642761,1,0.10371917711982606,True,349,289
W05001452,Kilgetty and Begelly,Cilgeti a Begeli,Pembrokeshire,19.471964131679535,2,0.10271177506670418,True,350,192
W05001107,Tonyrefail West,Gorllewin Tonyrefail,Rhondda Cynon Taf,9.744477595287323,1,0.10262222784355576,True,351,289
W05001573,Broughton North East,Gogledd-ddwyrain Brychdyn,Flintshire,10.133958664894104,1,0.0986781210647902,True,352,289
W05001793,Rogiet,Rogiet,Monmouthshire,10.751724091423034,1,0.09300833908095998,True,353,289
W05001385,Cowbridge,Y Bont-faen,Vale of Glamorgan,43.01308268607712,4,0.09299496223493783,True,354,98
W05001111,Treherbert,Treherbert,Rhondda Cynon Taf,21.60308657574463,2,0.09257936327698407,True,355,192
W05001601,Llanasa and Trelawnyd,Llanasa a Threlawnyd,Flintshire,32.44888102493286,3,0.09245311102391726,True,356,126
W05001472,Neyland: West,Gorllewin Neyland,Pembrokeshire,10.997582121204376,1,0.09092907777173181,True,357,289
W05001686,Bryn and Cwmavon,Bryn a Chwmafan,Neath Port Talbot,23.13073747859955,2,0.0864650338905273,True,358,192
W05001607,Mostyn,Mostyn,Flintshire,11.853401886428832,1,0.08436396652887619,True,359,289
W05001693,Coedffranc West,Gorllewin Coed-ffranc,Neath Port Talbot,12.935124438606262,1,0.07730888131353364,True,360,289
W05001112,Treorchy,Treorci,Rhondda Cynon Taf,13.306607772979737,1,0.07515063320875737,True,361,289
W05001648,Aber Valley,Cwm Aber,Caerphilly,13.31109260816574,1,0.07512531310814757,True,362,289
W05001677,Ynysddu,Ynys-ddu,Caerphilly,14.142715278182983,1,0.0707077799651834,True,363,289
W05001626,Vaynor,Faenor,Merthyr Tydfil,28.913062344169617,2,0.06917288719516439,True,364,192
W05001675,Twyn Carno,Twyncarno,Caerphilly,14.593109944099426,1,0.06852548934604168,True,365,289
W05001614,Treuddyn,Treuddyn,Flintshire,14.630643446273803,1,0.06834969382393667,True,366,289
W05001779,Llanfoist Fawr and Govilon,Llan-ffwyst Fawr a Gofilon,Monmouthshire,29.610762034374236,2,0.06754301012848844,True,367,192
W05001341,Llangollen,Llangollen,Denbighshire,60.22317632113648,4,0.06641961192266313,True,368,98
W05001061,Pennard,Pennard,Swansea,30.561403260578157,2,0.0654420211973658,True,369,192
W05001661,Machen and Rudry,Machen a Rhydri,Caerphilly,31.445894954235076,2,0.0636013063997927,True,370,192
W05001751,Penycae and Ruabon South,Pen-y-cae a De Rhiwabon,Wrexham,31.86536626476288,2,0.06276406752655547,True,371,192
W05001709,Rhos,Rhos,Neath Port Talbot,16.202106717140197,1,0.061720368681567855,True,372,289
W05001362,Blaenavon,Blaenafon,Torfaen,17.881718621997834,1,0.05592303632212478,True,373,289
W05001575,Brynford and Halkyn,Brynffordd a Helygain,Flintshire,37.139854762031554,2,0.05385050676193328,True,374,192
W05001581,Caerwys,Caerwys,Flintshire,37.388306623054504,2,0.053492660691050214,True,375,192
W05001743,Marchwiel,Marchwiel,Wrexham,37.67379164541626,2,0.05308730320600312,True,376,192
W05001739,Holt,Holt,Wrexham,38.09364355682373,2,0.052502197565234984,True,377,192
W05001117,Aber-craf and Ystradgynlais,Aber-craf ac Ystradgynlais,Powys,38.18711819121933,2,0.05237368240214252,True,378,192
W05001602,Llanfynydd,Llanfynydd,Flintshire,19.479579325714113,1,0.051335810865275985,True,379,289
W05001115,Ynysybwl,Ynys-y-bwl,Rhondda Cynon Taf,19.566072004981994,1,0.05110887866227702,True,380,289
W05001435,Burton,Burton,Pembrokeshire,20.550977814918518,1,0.048659485159585576,True,381,289
W05001615,Whitford,Chwitffordd,Flintshire,21.419145842842102,1,0.0466872025307294,True,382,289
W05001433,Amroth and Saundersfoot North,Amroth a Gogledd Saundersfoot,Pembrokeshire,21.79913526325989,1,0.04587337928424129,True,383,289
W05001299,Aberporth and Y Ferwig,Aber-porth a'r Ferwig,Ceredigion,44.5493175030899,2,0.04489406599464249,True,384,192
W05001484,St David's,Tyddewi,Pembrokeshire,45.4562031127243,2,0.04399839544539854,True,385,192
W05001397,St Bride's Major,Saint-y-brid,Vale of Glamorgan,48.395175477344516,2,0.041326433477574025,True,386,192
W05001361,Abersychan,Abersychan,Torfaen,24.31107294568634,1,0.04113351978475454,True,387,289
W05001702,Margam and Tai-bach,Margam a Thai-bach,Neath Port Talbot,55.63029597740936,2,0.0359516332757275,True,388,192
W05001314,Llandysul South,De Llansysul,Ceredigion,28.39095011907196,1,0.03522249152656001,True,389,289
W05001287,Pentyrch and St Fagans,Pentyrch a Sain Ffagan,Cardiff,28.946912500873566,1,0.034545998643890664,True,390,289
W05001715,Bangor Is-y-Coed,Bangor-is-y-coed,Wrexham,29.98939150078583,1,0.03334512472431448,True,391,289
W05001458,Maenclochog,Maenclochog,Pembrokeshire,61.34051110920334,2,0.03260487993716645,True,392,192
W05001240,Garw Valley,Gwm Garw,Bridgend,30.88961201324463,1,0.032373342843258344,True,393,289
W05001683,Blaengwrach and Glynneath West,Blaen-gwrach a Gorllewin Glyn-nedd,Neath Port Talbot,33.22105045056152,1,0.030101396146042018,True,394,289
W05001393,Peterston-super-Ely,Llanbedr-y-fro,Vale of Glamorgan,36.497738051387785,1,0.027398958220151294,True,395,289
W05001439,Cilgerran and Eglwyswrw,Cilgerran ac Eglwyswrw,Pembrokeshire,75.6474033466568,2,0.026438448796912855,True,396,192
W05001087,"Hirwaun, Penderyn and Rhigos","Hirwaun, Penderyn a'r Rhigos",Rhondda Cynon Taf,78.0861787850914,2,0.025612727260023765,True,397,192
W05001485,St Dogmaels,Llandudoch,Pembrokeshire,78.51677766293716,2,0.02547226286572474,True,398,192
W05001130,Forden and Montgomery,Ffordun a Threfaldwyn,Powys,39.564992827720644,1,0.025274868729392625,True,399,289
W05001438,Carew and Jeffreyston,Caeriw a Jeffreyston,Pembrokeshire,42.069798348148346,1,0.02377002123291646,True,400,289
W05001144,Llandrinio,Llandrinio,Powys,44.09113203974915,1,0.022680297686584173,True,401,289
W05001457,Llanrhian,Llanrhian,Pembrokeshire,88.57221294649887,2,0.022580445192309687,True,402,192
W05001398,St Nicholas and Llancarfan,Sain Nicolas a Llancarfan,Vale of Glamorgan,46.760873833351134,1,0.021385400186571635,True,403,289
W05001138,Knighton with Beguildy,Trefyclo gyda Bugeildy,Powys,99.21287375260926,2,0.020158674215879177,True,404,192
W05001483,Solva,Solfach,Pembrokeshire,50.02032198862457,1,0.019991874507073668,True,405,289
W05001501,Seiriol,Seiriol,Isle of Anglesey,52.65496533932495,1,0.018991561262184667,True,406,289
W05001168,Talgarth,Talgarth,Powys,55.266715604110715,1,0.018094073242261213,True,407,289
W05001149,Llangattock and Llangynidr,Llangatwg a Llangynidr,Powys,81.35695646273041,1,0.012291511918321325,True,408,289
W05001152,Llangyniew and Meifod,Llangynyw a Meifod,Powys,81.9572843170395,1,0.012201477981281683,True,409,289
W05001170,Tawe Uchaf,Tawe Uchaf,Powys,112.44118561370087,1,0.008893538382239816,True,410,289
W05001126,Crickhowell with Cwmdu and Tretower,Crucywel gyda Chwm-du a Thretŵr,Powys,112.67087053244782,1,0.008875408482017651,True,411,289
W05001154,Llanrhaeadr-ym-Mochnant and Llansilin,Llanrhaeadr-ym-Mochnant a Llansilin,Powys,147.2613479710617,1,0.006790648148871419,True,412,289
W05001337,Edeirnion,Edeirnion,Denbighshire,162.0313598999939,1,0.0061716448014582,True,413,289
W05001153,Llanidloes,Llanidloes,Powys,191.5795728901596,1,0.0052197631768045585,True,414,289
W05001156,Llanwrtyd Wells,Llanwrtyd,Powys,228.69262578915405,1,0.004372681438893277,True,415,289
W05001298,Aberaeron and Aberarth,Aberaeron ac Aber-arth,Ceredigion,17.414635138088226,0,0.0,False,416,416
W05001650,Abercarn,Aber-carn,Caerphilly,16.50785348394394,0,0.0,False,416,416
W05001506,Aberdyfi,Aberdyfi,Gwynedd,52.89723332170105,0,0.0,False,416,416
W05001507,Abererch,Abererch,Gwynedd,24.901774040931702,0,0.0,False,416,416
W05001177,Abergwili,Abergwili,Carmarthenshire,62.77340154960251,0,0.0,False,416,416
W05001508,Abermaw,Abermaw,Gwynedd,16.112287408065797,0,0.0,False,416,416
W05001509,Abersoch gyda Llanengan,Abersoch gyda Llanengan,Gwynedd,22.165548115104674,0,0.0,False,416,416
W05001627,Allt-yr-yn,Allt-yr-ynn,Newport,3.8347693169555663,0,0.0,False,416,416
W05001332,Alyn Valley,Dyffryn Alun,Denbighshire,70.05652150067901,0,0.0,False,416,416
W05001178,Ammanford,Rhydaman,Carmarthenshire,3.117075423603058,0,0.0,False,416,416
W05001651,Argoed,Argoed,Caerphilly,15.667227016471863,0,0.0,False,416,416
W05001510,Arllechwedd,Arllechwedd,Gwynedd,90.26120893048096,0,0.0,False,416,416
W05001511,Arthog a Llangelynnin,Arthog a Llangelynnin,Gwynedd,59.276194876434324,0,0.0,False,416,416
W05001118,"Banwy, Llanfihangel and Llanwddyn","Banwy, Llanfihangel a Llanwddyn",Powys,312.9248462582626,0,0.0,False,416,416
W05001629,Beechwood,Beechwood,Newport,1.4997795836219787,0,0.0,False,416,416
W05001119,Berriew and Castle Caereinion,Aberriw a Chastell Caereinion,Powys,75.09065061660766,0,0.0,False,416,416
W05001512,Bethel a'r Felinheli,Bethel a'r Felinheli,Gwynedd,15.443487621124268,0,0.0,False,416,416
W05001630,Bettws,Betws,Newport,5.1377926785392765,0,0.0,False,416,416
W05001179,Betws,Y Betws,Carmarthenshire,11.145549048301696,0,0.0,False,416,416
W05001404,Betws-y-Coed and Trefriw,Betws-y-coed a Threfriw,Conwy,192.99680451058197,0,0.0,False,416,416
W05001403,Betws-yn-Rhos,Betws-yn-Rhos,Conwy,91.29320240240479,0,0.0,False,416,416
W05001303,Beulah and Llangoedmor,Beulah a Llangoedmor,Ceredigion,69.94213160276794,0,0.0,False,416,416
W05001180,Bigyn,Bigyn,Carmarthenshire,2.336616535182953,0,0.0,False,416,416
W05001039,Bishopston,Llandeilo Ferwallt,Swansea,6.055054859977722,0,0.0,False,416,416
W05001631,Bishton and Langstone,Trefesgob a Langstone,Newport,37.21524995020294,0,0.0,False,416,416
W05001229,Blackmill,Melin Ifan Ddu,Bridgend,16.800058311016084,0,0.0,False,416,416
W05001653,Blackwood,Coed-duon,Caerphilly,4.200368105358124,0,0.0,False,416,416
W05001493,Bodowyr,Bodowyr,Isle of Anglesey,48.386811480018615,0,0.0,False,416,416
W05001434,Boncath and Clydau,Boncath a Chlydau,Pembrokeshire,84.04061901453018,0,0.0,False,416,416
W05001304,Borth,Y Borth,Ceredigion,25.464132961479187,0,0.0,False,416,416
W05001513,Bowydd a'r Rhiw,Bowydd a'r Rhiw,Gwynedd,26.018497218696595,0,0.0,False,416,416
W05001514,Brithdir and Llanfachreth/Ganllwyd/Llanelltyd,Brithdir a Llanfachreth/Y Ganllwyd/Llanelltud,Gwynedd,195.87907924774169,0,0.0,False,416,416
W05001494,Bro Aberffraw,Bro Aberffraw,Isle of Anglesey,96.13432002389527,0,0.0,False,416,416
W05001515,Bro Dysynni,Bro Dysynni,Gwynedd,132.26675787325286,0,0.0,False,416,416
W05001436,Bro Gwaun,Bro Gwaun,Pembrokeshire,123.52013979766846,0,0.0,False,416,416
W05001495,Bro'r Llynnoedd,Bro'r Llynnoedd,Isle of Anglesey,44.07384313636017,0,0.0,False,416,416
W05001717,Bronington and Hanmer,Bronington a Hanmer,Wrexham,53.019492740104674,0,0.0,False,416,416
W05001122,Bronllys and Felin-fach,Bronllys a Felin-fach,Powys,124.95112468961334,0,0.0,False,416,416
W05001719,Bryn Cefn,Bryn Cefn,Wrexham,2.2035943083724976,0,0.0,False,416,416
W05001720,Brynyffynnon,Brynyffynnon,Wrexham,2.2092952537002564,0,0.0,False,416,416
W05001578,Buckley: Mountain,Bwlce: Mynydd,Flintshire,3.035300180648804,0,0.0,False,416,416
W05001123,Builth,Llanfair-ym-Muallt,Powys,3.001233331680298,0,0.0,False,416,416
W05001762,Bulwark and Thornwell,Bulwark a Thornwell,Monmouthshire,2.7187705801467894,0,0.0,False,416,416
W05001181,Burry Port,Porth Tywyn,Carmarthenshire,4.185070309558869,0,0.0,False,416,416
W05001182,Bynea,Bynea,Carmarthenshire,6.045284277725219,0,0.0,False,416,416
W05001516,Cadnant,Cadnant,Gwynedd,2.0411980126113893,0,0.0,False,416,416
W05001406,Caerhun,Caerhun,Conwy,91.13077433683014,0,0.0,False,416,416
W05001632,Caerleon,Caerllion,Newport,13.963274365585328,0,0.0,False,416,416
W05001124,Caersws,Caersŵs,Powys,90.74683878411102,0,0.0,False,416,416
W05001763,Caerwent,Caer-went,Monmouthshire,28.177563557815553,0,0.0,False,416,416
W05001437,Camrose,Camros,Pembrokeshire,45.94117607904434,0,0.0,False,416,416
W05001519,Canol Tref Caernarfon,Canol Tref Caernarfon,Gwynedd,3.297507254974365,0,0.0,False,416,416
W05001496,Canolbarth Môn,Canolbarth Môn,Isle of Anglesey,69.29238552682496,0,0.0,False,416,416
W05001766,Cantref,Cantref,Monmouthshire,16.59943834804535,0,0.0,False,416,416
W05001183,Carmarthen Town North and South,Gogledd a De Tref Caerfyrddin,Carmarthenshire,12.208537571285248,0,0.0,False,416,416
W05001184,Carmarthen Town West,Gorllewin Tref Caerfyrddin,Carmarthenshire,8.655204864891052,0,0.0,False,416,416
W05001721,Cartrefle,Cartrefle,Wrexham,0.4377681064147949,0,0.0,False,416,416
W05001722,Cefn East,Dwyrain Cefn,Wrexham,1.736112966896057,0,0.0,False,416,416
W05001497,Cefni,Cefni,Isle of Anglesey,29.169659785331724,0,0.0,False,416,416
W05001185,Cenarth and Llangeler,Cenarth a Llangeler,Carmarthenshire,106.94331472814179,0,0.0,False,416,416
W05001305,Ceulan a Maesmawr,Ceulan a Maesmawr,Ceredigion,127.07174492050171,0,0.0,False,416,416
W05001724,Chirk North,Gogledd y Waun,Wrexham,5.549703150535583,0,0.0,False,416,416
W05001125,Churchstoke,Yr Ystog,Powys,50.13545895451355,0,0.0,False,416,416
W05001582,Cilcain,Cilcain,Flintshire,39.85968942768097,0,0.0,False,416,416
W05001306,Ciliau Aeron,Ciliau Aeron,Ceredigion,40.07985189575958,0,0.0,False,416,416
W05001186,Cilycwm,Cil-y-cwm,Carmarthenshire,249.57558720902634,0,0.0,False,416,416
W05001520,Clynnog,Clynnog,Gwynedd,50.78134465083313,0,0.0,False,416,416
W05001692,Coedffranc North,Gogledd Coed-ffranc,Neath Port Talbot,1.6922923891944885,0,0.0,False,416,416
W05001407,Colwyn,Colwyn,Conwy,1.7675005467910767,0,0.0,False,416,416
W05001521,Corris a Mawddwy,Corris a Mawddwy,Gwynedd,165.00252035990144,0,0.0,False,416,416
W05001522,Criccieth,Criccieth,Gwynedd,6.732123841651917,0,0.0,False,416,416
W05001498,Crigyll,Crigyll,Isle of Anglesey,35.794873050308226,0,0.0,False,416,416
W05001768,Croesonen,Croesonnen,Monmouthshire,0.5461577599945069,0,0.0,False,416,416
W05001655,Crosskeys,Crosskeys,Caerphilly,5.70634544789505,0,0.0,False,416,416
W05001769,Crucorney,Crucornau Fawr,Monmouthshire,107.22197803231812,0,0.0,False,416,416
W05001656,Crumlin,Crymlyn,Caerphilly,12.95179953873825,0,0.0,False,416,416
W05001440,Crymych and Mynachlog-ddu,Crymych a Mynachlog-ddu,Pembrokeshire,78.60944920077134,0,0.0,False,416,416
W05001187,Cwarter Bach,Cwarter Bach,Carmarthenshire,32.017510696861265,0,0.0,False,416,416
W05001127,Cwm-twrch,Cwm-twrch,Powys,13.077514725002288,0,0.0,False,416,416
W05001523,Cwm-y-glo,Cwm-y-glo,Gwynedd,14.885994476333618,0,0.0,False,416,416
W05001695,Cwmllynfell and Ystalyfera,Cwmllynfell ac Ystalyfera,Neath Port Talbot,16.022448396102906,0,0.0,False,416,416
W05001696,Cymer and Glyncorrwg,Cymer a Glyncorrwg,Neath Port Talbot,41.882120179298404,0,0.0,False,416,416
W05001188,Cynwyl Elfed,Cynwyl Elfed,Carmarthenshire,94.50905055412674,0,0.0,False,416,416
W05001189,Dafen and Felinfoel,Dafen a Felin-foel,Carmarthenshire,4.7895872091560365,0,0.0,False,416,416
W05001657,Darran Valley,Cwm Darran,Caerphilly,19.629214367206572,0,0.0,False,416,416
W05001524,De Dolgellau,De Dolgellau,Gwynedd,2.2595674006118776,0,0.0,False,416,416
W05001525,De Pwllheli,De Pwllheli,Gwynedd,1.5957876192855835,0,0.0,False,416,416
W05001410,Deganwy,Deganwy,Conwy,2.3970621636276244,0,0.0,False,416,416
W05001526,Deiniolen,Deiniolen,Gwynedd,17.965751396217346,0,0.0,False,416,416
W05001334,Denbigh Caledfryn Henllan,Dinbych Caledfryn Henllan,Denbighshire,18.58820314706421,0,0.0,False,416,416
W05001770,Devauden,Devauden,Monmouthshire,59.07782641743469,0,0.0,False,416,416
W05001528,Diffwys a Maenofferen,Diffwys a Maenofferen,Gwynedd,3.0381012557754516,0,0.0,False,416,416
W05001128,Disserth and Trecoed with Newbridge,Diserth a Thre-coed gyda'r Bontnewydd-ar-Wy,Powys,37.80838505470276,0,0.0,False,416,416
W05001529,Dolbenmaen,Dolbenmaen,Gwynedd,86.07635904503631,0,0.0,False,416,416
W05001129,Dolforwyn,Dolforwyn,Powys,47.8326846929245,0,0.0,False,416,416
W05001772,Drybridge,Drybridge,Monmouthshire,4.405053686843872,0,0.0,False,416,416
W05001045,Dunvant and Killay,Dyfnant a Chilâ,Swansea,5.653694939403534,0,0.0,False,416,416
W05001531,Dwyrain Porthmadog,Dwyrain Porthmadog,Gwynedd,4.517422833557129,0,0.0,False,416,416
W05001697,Dyffryn,Dyffryn,Neath Port Talbot,7.03651894883728,0,0.0,False,416,416
W05001532,Dyffryn Ardudwy,Dyffryn Ardudwy,Gwynedd,45.57200804063415,0,0.0,False,416,416
W05001727,Dyffryn Ceiriog,Dyffryn Ceiriog,Wrexham,113.37898531192779,0,0.0,False,416,416
W05001336,Dyserth,Dyserth,Denbighshire,6.391618877136231,0,0.0,False,416,416
W05001441,East Williamston,East Williamston,Pembrokeshire,6.925710139118195,0,0.0,False,416,416
W05001533,Efailnewydd a Buan,Efailnewydd a Buan,Gwynedd,55.68933245928192,0,0.0,False,416,416
W05001338,Efenechdyd,Efenechdyd,Denbighshire,73.65480165151978,0,0.0,False,416,416
W05001411,Eglwys-bach a Llangernyw,Eglwys-bach a Llangernyw,Conwy,103.84708534719086,0,0.0,False,416,416
W05001190,Elli,Elli,Carmarthenshire,0.48326084019088744,0,0.0,False,416,416
W05001046,Fairwood,Fairwood,Swansea,13.64183646100235,0,0.0,False,416,416
W05001442,Fishguard: North East,Gogledd-ddwyrain Abergwaun,Pembrokeshire,2.211188081699371,0,0.0,False,416,416
W05001633,Gaer,Gaer,Newport,2.80641255834198,0,0.0,False,416,416
W05001191,Garnant,Y Garnant,Carmarthenshire,15.181119307598115,0,0.0,False,416,416
W05001534,Gerlan,Gerlan,Gwynedd,1.9372418903579711,0,0.0,False,416,416
W05001083,Gilfach-goch,Gilfach-goch,Rhondda Cynon Taf,6.017003866653442,0,0.0,False,416,416
W05001192,Glanamman,Glanaman,Carmarthenshire,12.291406803913116,0,0.0,False,416,416
W05001131,Glantwymyn,Glantwymyn,Powys,221.71219193302156,0,0.0,False,416,416
W05001193,Glanymor,Glan-y-môr,Carmarthenshire,4.026096510803223,0,0.0,False,416,416
W05001132,Glasbury,Y Clas-ar-Wy,Powys,72.15912259290313,0,0.0,False,416,416
W05001535,Glaslyn,Glaslyn,Gwynedd,132.91751522509003,0,0.0,False,416,416
W05001194,Glyn,Glyn,Carmarthenshire,23.323036614437104,0,0.0,False,416,416
W05001773,Gobion Fawr,Gobion Fawr,Monmouthshire,72.89329425421906,0,0.0,False,416,416
W05001699,Godre'r Graig,Godre'r-graig,Neath Port Talbot,3.069386579421997,0,0.0,False,416,416
W05001774,Goetre Fawr,Goetre Fawr,Monmouthshire,31.480546141048432,0,0.0,False,416,416
W05001537,Gogledd Dolgellau,Gogledd Dolgellau,Gwynedd,32.73387570058441,0,0.0,False,416,416
W05001538,Gogledd Pwllheli,Gogledd Pwllheli,Gwynedd,3.8385465222091675,0,0.0,False,416,416
W05001539,Gorllewin Porthmadog,Gorllewin Porthmadog,Gwynedd,8.668810330345154,0,0.0,False,416,416
W05001540,Gorllewin Tywyn,Gorllewin Tywyn,Gwynedd,23.7158764222641,0,0.0,False,416,416
W05001195,Gorslas,Gors-las,Carmarthenshire,16.53568660412979,0,0.0,False,416,416
W05001048,Gower,Gŵyr,Swansea,93.72491754768372,0,0.0,False,416,416
W05001634,Graig,Graig,Newport,13.978560993415833,0,0.0,False,416,416
W05001775,Grofield,Grofield,Monmouthshire,1.3748843181610106,0,0.0,False,416,416
W05001732,Grosvenor,Grosvenor,Wrexham,1.0464038791351318,0,0.0,False,416,416
W05001133,Guilsfield,Cegidfa,Powys,30.02629955392456,0,0.0,False,416,416
W05001619,Gurnos,Gurnos,Merthyr Tydfil,1.535286925704956,0,0.0,False,416,416
W05001134,Gwernyfed,Gwernyfed,Powys,69.88394115225982,0,0.0,False,416,416
W05001734,Gwersyllt East,Dwyrain Gwersyllt,Wrexham,1.6989689811096191,0,0.0,False,416,416
W05001735,Gwersyllt North,Gogledd Gwersyllt,Wrexham,2.236819394470215,0,0.0,False,416,416
W05001736,Gwersyllt South,De Gwersyllt,Wrexham,2.534687000556946,0,0.0,False,416,416
W05001701,Gwynfi and Croeserw,Gwynfi a Chroeserw,Neath Port Talbot,14.07426890460205,0,0.0,False,416,416
W05001541,Harlech a Llanbedr,Harlech a Llanbedr,Gwynedd,126.53639416026306,0,0.0,False,416,416
W05001086,Hawthorn and Lower Rhydfelen,Y Ddraenen-wen a Rhydfelen Isaf,Rhondda Cynon Taf,4.150812752956391,0,0.0,False,416,416
W05001542,Hendre,Hendre,Gwynedd,0.5897269129638671,0,0.0,False,416,416
W05001196,Hendy,Hendy,Carmarthenshire,9.356340192043305,0,0.0,False,416,416
W05001197,Hengoed,Hengoed,Carmarthenshire,13.829503550186157,0,0.0,False,416,416
W05001450,Hundleton,Hundleton,Pembrokeshire,95.7760905281105,0,0.0,False,416,416
W05001136,Ithon Valley,Dyffryn Ieithon,Powys,196.37147016858674,0,0.0,False,416,416
W05001137,Kerry,Ceri,Powys,65.15721360799408,0,0.0,False,416,416
W05001198,Kidwelly and St Ishmael,Cydweli a Llanismel,Carmarthenshire,30.22388806762314,0,0.0,False,416,416
W05001453,Lampeter Velfrey,Llanbedr Felffre,Pembrokeshire,45.63888138373184,0,0.0,False,416,416
W05001454,Lamphey,Llandyfái,Pembrokeshire,24.294952136039733,0,0.0,False,416,416
W05001199,Laugharne Township,Lacharn,Carmarthenshire,100.95063737499619,0,0.0,False,416,416
W05001600,Leeswood,Coed-Ilai,Flintshire,11.692913334945679,0,0.0,False,416,416
W05001455,Letterston,Treletert,Pembrokeshire,58.90049827401734,0,0.0,False,416,416
W05001139,Llanafanfawr with Garth,Llanafan-fawr gyda Garth,Powys,234.52010306954193,0,0.0,False,416,416
W05001777,Llanbadoc and Usk,Llanbadog a Brynbuga,Monmouthshire,29.408415128494262,0,0.0,False,416,416
W05001543,Llanbedrog gyda Mynytho,Llanbedrog gyda Mynytho,Gwynedd,20.7668991326828,0,0.0,False,416,416
W05001544,Llanberis,Llanberis,Gwynedd,46.22781788955688,0,0.0,False,416,416
W05001200,Llanboidy,Llanboidy,Carmarthenshire,102.38584098606873,0,0.0,False,416,416
W05001140,Llanbrynmair,Llanbrynmair,Powys,212.39487483094788,0,0.0,False,416,416
W05001201,Llanddarog,Llandarrog,Carmarthenshire,44.53348805220795,0,0.0,False,416,416
W05001545,Llandderfel,Llandderfel,Gwynedd,193.19663719989015,0,0.0,False,416,416
W05001202,Llandeilo,Llandeilo,Carmarthenshire,47.51946293629456,0,0.0,False,416,416
W05001141,Llandinam with Dolfor,Llandinam gyda Dolfor,Powys,120.02270810145569,0,0.0,False,416,416
W05001203,Llandovery,Llanymddyfri,Carmarthenshire,116.14393956278991,0,0.0,False,416,416
W05001391,Llandow,Llandŵ,Vale of Glamorgan,33.83640746379852,0,0.0,False,416,416
W05001418,Llandrillo-yn-Rhos,Llandrillo-yn-Rhos,Conwy,3.348025480628967,0,0.0,False,416,416
W05001142,Llandrindod North,Gogledd Llandrindod,Powys,3.5246968588790892,0,0.0,False,416,416
W05001143,Llandrindod South,De Llandrindod,Powys,9.154629976203918,0,0.0,False,416,416
W05001204,Llandybie,LlandybÏe,Carmarthenshire,24.691842247150422,0,0.0,False,416,416
W05001311,Llandyfriog,LlandyfrÏog,Ceredigion,29.820895806812285,0,0.0,False,416,416
W05001339,Llandyrnog,Llandyrnog,Denbighshire,46.049167586784364,0,0.0,False,416,416
W05001312,Llandysilio and Llangrannog,Llandysilio a Llangrannog,Ceredigion,69.04659511057663,0,0.0,False,416,416
W05001313,Llandysul North and Troedyraur,Gogledd Llandysul a Throed-yr-aur,Ceredigion,70.90490343816376,0,0.0,False,416,416
W05001205,Llanegwad,Llanegwad,Carmarthenshire,148.68275839206694,0,0.0,False,416,416
W05001778,Llanelly,Llanelli,Monmouthshire,18.26029047912979,0,0.0,False,416,416
W05001146,Llanelwedd,Llanelwedd,Powys,172.94260568482207,0,0.0,False,416,416
W05001147,Llanfair Caereinion and Llanerfyl,Llanfair Caereinion a Llanerfyl,Powys,123.31317316236877,0,0.0,False,416,416
W05001340,Llanfair Dyffryn Clwyd Gwyddelwern,Llanfair Dyffryn Clwyd Gwyddelwern,Denbighshire,93.53323680892181,0,0.0,False,416,416
W05001315,Llanfarian,Llanfarian,Ceredigion,33.45922856352997,0,0.0,False,416,416
W05001206,Llanfihangel Aberbythych,Llanfihangel Aberbythych,Carmarthenshire,49.39463736148071,0,0.0,False,416,416
W05001316,Llanfihangel Ystrad,Llanfihangel Ystrad,Ceredigion,74.0814082014885,0,0.0,False,416,416
W05001207,Llanfihangel-ar-Arth,Llanfihangel-ar-arth,Carmarthenshire,89.25912971188355,0,0.0,False,416,416
W05001148,Llanfyllin,Llanfyllin,Powys,41.76223543204498,0,0.0,False,416,416
W05001208,Llangadog,Llangadog,Carmarthenshire,193.12954728770447,0,0.0,False,416,416
W05001317,Llangeitho,Llangeitho,Ceredigion,151.7359452595215,0,0.0,False,416,416
W05001209,Llangennech,Llangennech,Carmarthenshire,12.29975782902527,0,0.0,False,416,416
W05001741,Llangollen Rural,Llangollen Wledig,Wrexham,5.316571490257263,0,0.0,False,416,416
W05001150,Llangors with Bwlch,Llan-gors gyda Bwlch,Powys,46.03586945013428,0,0.0,False,416,416
W05001151,Llangunllo with Norton,Llangynllo gyda Norton,Powys,121.15410998690795,0,0.0,False,416,416
W05001210,Llangunnor,Llangynnwr,Carmarthenshire,23.18859362384796,0,0.0,False,416,416
W05001456,Llangwm,Llangwm,Pembrokeshire,14.759855069900512,0,0.0,False,416,416
W05001318,Llangybi,Llangybi,Ceredigion,72.81689735871124,0,0.0,False,416,416
W05001780,Llangybi Fawr,Llangybi Fawr,Monmouthshire,64.67611543190384,0,0.0,False,416,416
W05001051,Llangyfelach,Llangyfelach,Swansea,35.582923583309174,0,0.0,False,416,416
W05001211,Llangyndeyrn,Llangyndeyrn,Carmarthenshire,81.83227589008713,0,0.0,False,416,416
W05001088,Llanharry,Llanhari,Rhondda Cynon Taf,5.171375703147888,0,0.0,False,416,416
W05001546,Llanllyfni,Llanllyfni,Gwynedd,30.24873319632721,0,0.0,False,416,416
W05001309,Llannarth,Llannarth,Ceredigion,45.946277968017576,0,0.0,False,416,416
W05001212,Llannon,Llan-non,Carmarthenshire,38.46872301980591,0,0.0,False,416,416
W05001342,Llanrhaeadr-yng-Nghinmeirch,Llanrhaeadr-yng-Nghinmeirch,Denbighshire,110.9072999131546,0,0.0,False,416,416
W05001319,Llanrhystyd,Llanrhystud,Ceredigion,59.6427579668045,0,0.0,False,416,416
W05001547,Llanrug,Llanrug,Gwynedd,1.8871559598617553,0,0.0,False,416,416
W05001419,Llanrwst a Llanddoged,Llanrwst a Llanddoged,Conwy,24.947196454063416,0,0.0,False,416,416
W05001320,Llansanffraid,Llansanffraid,Ceredigion,44.31647810714722,0,0.0,False,416,416
W05001420,Llansanffraid,Llansanffraid,Conwy,17.457862253456117,0,0.0,False,416,416
W05001421,Llansannan,Llansannan,Conwy,126.17440259007263,0,0.0,False,416,416
W05001155,Llansantffraid,Llansanffraid,Powys,41.84977361270904,0,0.0,False,416,416
W05001781,Llantilio Crossenny,Llandeilo Gresynni,Monmouthshire,108.49574470614624,0,0.0,False,416,416
W05001548,Llanuwchllyn,Llanuwchllyn,Gwynedd,204.2832494109421,0,0.0,False,416,416
W05001321,Llanwenog,Llanwenog,Ceredigion,68.45656629699326,0,0.0,False,416,416
W05001636,Llanwern,Llan-wern,Newport,43.34532178404236,0,0.0,False,416,416
W05001549,Llanwnda,Llanwnda,Gwynedd,10.91724255670929,0,0.0,False,416,416
W05001213,Llanybydder,Llanybydder,Carmarthenshire,71.29603210312271,0,0.0,False,416,416
W05001369,Llanyrafon,Llanyrafon,Torfaen,0.9552491533088684,0,0.0,False,416,416
W05001157,Llanyre with Nantmel,Llanllŷr gyda Nantmel,Powys,210.75520770913695,0,0.0,False,416,416
W05001550,Llanystumdwy,Llanystumdwy,Gwynedd,60.09122051490021,0,0.0,False,416,416
W05001322,Lledrod,Lledrod,Ceredigion,131.05633874162294,0,0.0,False,416,416
W05001214,Lliedi,Lliedi,Carmarthenshire,1.5963193841819763,0,0.0,False,416,416
W05001499,Lligwy,Lligwy,Isle of Anglesey,61.71178603870392,0,0.0,False,416,416
W05001635,Lliswerry,Llyswyry,Newport,4.848870284374237,0,0.0,False,416,416
W05001091,Llwyn-y-pia,Llwynypia,Rhondda Cynon Taf,3.023146883693695,0,0.0,False,416,416
W05001215,Llwynhendy,Llwynhendy,Carmarthenshire,3.8614338798332213,0,0.0,False,416,416
W05001422,Llysfaen,Llysfaen,Conwy,5.656432185043335,0,0.0,False,416,416
W05001159,Maescar and Llywel,Maes-car a Llywel,Powys,254.44260146910096,0,0.0,False,416,416
W05001783,Magor West,Gorllewin Magwyr,Monmouthshire,5.417478130348205,0,0.0,False,416,416
W05001637,Malpas,Malpas,Newport,2.0590839529685976,0,0.0,False,416,416
W05001216,Manordeilo and Salem,Maenordeilo a Salem,Carmarthenshire,120.99715754890443,0,0.0,False,416,416
W05001784,Mardy,Y Maerdy,Monmouthshire,18.44946702516174,0,0.0,False,416,416
W05001460,Martletwy,Martletwy,Pembrokeshire,97.75584580260849,0,0.0,False,416,416
W05001054,Mayals,Mayals,Swansea,4.528950104366302,0,0.0,False,416,416
W05001323,Melindwr,Melindwr,Ceredigion,199.70472367128752,0,0.0,False,416,416
W05001551,Menai,Menai,Gwynedd,2.3855380447769163,0,0.0,False,416,416
W05001462,Milford: Central,Canol Aberdaugleddau,Pembrokeshire,0.6981978828659058,0,0.0,False,416,416
W05001464,Milford: Hakin,Aberdaugleddau: Hakin,Pembrokeshire,0.6803454775085449,0,0.0,False,416,416
W05001465,Milford: Hubberston,Aberdaugleddau: Hubberston,Pembrokeshire,4.853898810066223,0,0.0,False,416,416
W05001745,Minera,Mwynglawdd,Wrexham,14.987809357337952,0,0.0,False,416,416
W05001785,Mitchel Troy and Trellech United,Llanfihangel Troddi a Thryleg Unedig,Monmouthshire,102.7981426683731,0,0.0,False,416,416
W05001423,Mochdre,Mochdre,Conwy,2.811850628517151,0,0.0,False,416,416
W05001343,Moel Famau,Moel Famau,Denbighshire,43.696953752807616,0,0.0,False,416,416
W05001552,Morfa Nefyn a Thudweiliog,Morfa Nefyn a Thudweiliog,Gwynedd,45.66672739803314,0,0.0,False,416,416
W05001553,Morfa Tywyn,Morfa Tywyn,Gwynedd,4.304694909439087,0,0.0,False,416,416
W05001786,Mount Pleasant,Mount Pleasant,Monmouthshire,0.7637362450866699,0,0.0,False,416,416
W05001324,Mwldan,Mwldan,Ceredigion,6.144126122028351,0,0.0,False,416,416
W05001244,Nant-y-moel,Nant-y-moel,Bridgend,10.225189822502136,0,0.0,False,416,416
W05001469,Narberth: Rural,Arberth Wledig,Pembrokeshire,25.35126525053787,0,0.0,False,416,416
W05001554,Nefyn,Nefyn,Gwynedd,5.128666957817078,0,0.0,False,416,416
W05001325,New Quay and Llanllwchaearn,Ceinewydd a Llanllwchaearn,Ceredigion,19.59333380559921,0,0.0,False,416,416
W05001667,Newbridge,Trecelyn,Caerphilly,10.361497552017212,0,0.0,False,416,416
W05001245,Newton,Drenewydd,Bridgend,3.853860965736389,0,0.0,False,416,416
W05001160,Newtown Central and South,Canol a De'r Drenewydd,Powys,3.9016497925720213,0,0.0,False,416,416
W05001162,Newtown North,Gogledd y Drenewydd,Powys,6.757889114280701,0,0.0,False,416,416
W05001163,Newtown West,Gorllewin y Drenewydd,Powys,8.167589671829223,0,0.0,False,416,416
W05001247,Ogmore Vale,Bro Ogwr,Bridgend,11.438784588970185,0,0.0,False,416,416
W05001164,Old Radnor,Pencraig,Powys,153.5965406021576,0,0.0,False,416,416
W05001787,Osbaston,Osbaston,Monmouthshire,8.07461642993927,0,0.0,False,416,416
W05001788,Overmonnow,Overmonnow,Monmouthshire,3.106841079421997,0,0.0,False,416,416
W05001748,Overton and Maelor South,Owrtyn a De Maelor,Wrexham,37.0650865482254,0,0.0,False,416,416
W05001555,Peblig,Peblig,Gwynedd,1.029705019821167,0,0.0,False,416,416
W05001217,Pembrey,Pen-bre,Carmarthenshire,37.209929961883546,0,0.0,False,416,416
W05001476,Pembroke Dock: Market,Doc Penfro: Y Farchnad,Pembrokeshire,1.243157121986389,0,0.0,False,416,416
W05001477,Pembroke Dock: Pennar,Doc Penfro: Pennar,Pembrokeshire,1.2733407116775513,0,0.0,False,416,416
W05001479,Pembroke: St Mary North,Penfro: Gogledd St Mary,Pembrokeshire,1.5925960539627075,0,0.0,False,416,416
W05001480,Pembroke: St Michael,Penfro: St Michael,Pembrokeshire,5.295982437374115,0,0.0,False,416,416
W05001556,Pen draw Llŷn,Pen draw Llŷn,Gwynedd,81.96115933705521,0,0.0,False,416,416
W05001559,Pen-y-groes,Pen-y-groes,Gwynedd,7.309774885597229,0,0.0,False,416,416
W05001096,Pen-y-waun,Pen-y-waun,Rhondda Cynon Taf,3.729248255207062,0,0.0,False,416,416
W05001326,Penbryn,Penbryn,Ceredigion,33.562452230121615,0,0.0,False,416,416
W05001557,Penisa'r-waun,Penisa'r-waun,Gwynedd,12.880787666389466,0,0.0,False,416,416
W05001060,Penllergaer,Penlle'r-gaer,Swansea,6.145385630954743,0,0.0,False,416,416
W05001668,Penmaen,Penmaen,Caerphilly,4.825160678436279,0,0.0,False,416,416
W05001426,Penrhyn,Penrhyn,Conwy,7.801724687866211,0,0.0,False,416,416
W05001558,Penrhyndeudraeth,Penrhyndeudraeth,Gwynedd,7.751902219902038,0,0.0,False,416,416
W05001750,Penycae,Pen-y-cae,Wrexham,1.532356229423523,0,0.0,False,416,416
W05001218,Penygroes,Pen-y-groes,Carmarthenshire,7.102881039596558,0,0.0,False,416,416
W05001638,Pillgwenlly,Pilgwenlli,Newport,5.296066382499695,0,0.0,False,416,416
W05001706,Pontardawe,Pontardawe,Neath Port Talbot,28.624941812412263,0,0.0,False,416,416
W05001219,Pontyberem,Pontyberem,Carmarthenshire,13.374614757305146,0,0.0,False,416,416
W05001098,Pontyclun East,Dwyrain Pont-y-clun,Rhondda Cynon Taf,5.32046253099823,0,0.0,False,416,416
W05001099,Pontyclun West,Gorllewin Pont-y-clun,Rhondda Cynon Taf,6.71746759148407,0,0.0,False,416,416
W05001101,Porth,Porth,Rhondda Cynon Taf,3.701778286029816,0,0.0,False,416,416
W05001165,Presteigne,Llanandras,Powys,9.82155431124115,0,0.0,False,416,416
W05001560,Rachub,Rachub,Gwynedd,1.3481642560195923,0,0.0,False,416,416
W05001792,Raglan,Rhaglan,Monmouthshire,34.24477311622238,0,0.0,False,416,416
W05001166,Rhayader,Rhaeadr Gwy,Powys,139.48102769769287,0,0.0,False,416,416
W05001167,Rhiwcynon,Rhiwcynon,Powys,109.24078243543244,0,0.0,False,416,416
W05001755,Rhosnesni,Rhosnesni,Wrexham,0.9191795765533447,0,0.0,False,416,416
W05001639,Ringland,Ringland,Newport,2.4180843963127137,0,0.0,False,416,416
W05001671,Risca East,Dwyrain Rhisga,Caerphilly,2.7403264692306517,0,0.0,False,416,416
W05001672,Risca West,Gorllewin Rhisga,Caerphilly,5.151857713855743,0,0.0,False,416,416
W05001640,Rogerstone East,Dwyrain Tŷ-du,Newport,0.8976687776222229,0,0.0,False,416,416
W05001641,Rogerstone North,Gogledd Tŷ-du,Newport,5.6787657275047305,0,0.0,False,416,416
W05001642,Rogerstone West,Gorllewin Tŷ-du,Newport,2.462366673007965,0,0.0,False,416,416
W05001481,Rudbaxton and Spittal,Rudbaxton a Spittal,Pembrokeshire,31.427227066078185,0,0.0,False,416,416
W05001711,Sandfields West,Gorllewin Sandfields,Neath Port Talbot,1.7157173859672545,0,0.0,False,416,416
W05001220,Saron,Saron,Carmarthenshire,9.866483503585815,0,0.0,False,416,416
W05001482,Saundersfoot South,De Saundersfoot,Pembrokeshire,3.1745807073516845,0,0.0,False,416,416
W05001795,Shirenewton,Drenewydd Gelli-farch,Monmouthshire,35.6605950243721,0,0.0,False,416,416
W05001796,St Arvans,Llanarfan,Monmouthshire,20.52305979397583,0,0.0,False,416,416
W05001396,St Athan,Sain Tathan,Vale of Glamorgan,11.616461967456818,0,0.0,False,416,416
W05001221,St Clears and Llansteffan,Sanclêr a Llansteffan,Carmarthenshire,89.42133568911743,0,0.0,False,416,416
W05001486,St Florence and St Mary Out Liberty,St Florence a Llanfair Dinbych-y-pysgod,Pembrokeshire,22.35771790434265,0,0.0,False,416,416
W05001487,St Ishmael's,Llanisan-yn-Rhos,Pembrokeshire,88.39045655304146,0,0.0,False,416,416
W05001644,St Julians,Sain Silian,Newport,1.9392644146194458,0,0.0,False,416,416
W05001797,St Kingsmark,Llangynfarch,Monmouthshire,3.1648484593200683,0,0.0,False,416,416
W05001645,Stow Hill,Stow Hill,Newport,1.5161835056686401,0,0.0,False,416,416
W05001222,Swiss Valley,Swiss Valley,Carmarthenshire,10.13505424327469,0,0.0,False,416,416
W05001502,Talybolion,Talybolion,Isle of Anglesey,139.75166922029115,0,0.0,False,416,416
W05001169,Talybont-on-Usk,Tal-y-bont ar Wysg,Powys,203.75247769157792,0,0.0,False,416,416
W05001561,Teigl,Teigl,Gwynedd,27.913401947875975,0,0.0,False,416,416
W05001488,Tenby: North,Gogledd Dinbych-y-pysgod,Pembrokeshire,1.6244033615875244,0,0.0,False,416,416
W05001490,The Havens,Yr Aberoedd,Pembrokeshire,44.4697519566803,0,0.0,False,416,416
W05001328,Tirymynach,Tirymynach,Ceredigion,14.550863924743652,0,0.0,False,416,416
W05001105,Tonypandy,Tonypandy,Rhondda Cynon Taf,3.3478322613754274,0,0.0,False,416,416
W05001106,Tonyrefail East,Dwyrain Tonyrefail,Rhondda Cynon Taf,14.826479586288452,0,0.0,False,416,416
W05001429,Towyn,Tywyn,Conwy,5.654330488319397,0,0.0,False,416,416
W05001108,Trallwng,Trallwng,Rhondda Cynon Taf,2.2631638510284424,0,0.0,False,416,416
W05001562,Trawsfynydd,Trawsfynydd,Gwynedd,163.38784203404236,0,0.0,False,416,416
W05001563,Tre-garth a Mynydd Llandygái,Tre-garth a Mynydd Llandygái,Gwynedd,27.921380021469115,0,0.0,False,416,416
W05001109,Trealaw,Trealaw,Rhondda Cynon Taf,2.6628083072052,0,0.0,False,416,416
W05001646,Tredegar Park and Marshfield,Parc Tredegar a Maerun,Newport,37.20051462139892,0,0.0,False,416,416
W05001329,Trefeurig,Trefeurig,Ceredigion,26.169064559692384,0,0.0,False,416,416
W05001359,Trefnant,Trefnant,Denbighshire,25.518438065208436,0,0.0,False,416,416
W05001330,Tregaron and Ystrad Fflur,Tregaron ac Ystrad-Fflur,Ceredigion,178.94055742134094,0,0.0,False,416,416
W05001223,Trelech,Tre-lech,Carmarthenshire,149.79090936273192,0,0.0,False,416,416
W05001171,Trelystan and Trewern,Trelystan a Thre-wern,Powys,45.035537913528444,0,0.0,False,416,416
W05001360,Tremeirchion,Tremeirchion,Denbighshire,44.9218350770874,0,0.0,False,416,416
W05001224,Trimsaran,Trimsaran,Carmarthenshire,19.878422612045288,0,0.0,False,416,416
W05001564,Tryfan,Tryfan,Gwynedd,14.120814184783935,0,0.0,False,416,416
W05001504,Twrcelyn,Twrcelyn,Isle of Anglesey,78.71808213108062,0,0.0,False,416,416
W05001225,Tycroes,Tŷ-croes,Carmarthenshire,16.91297552225876,0,0.0,False,416,416
W05001226,Tyisha,Tyisha,Carmarthenshire,1.1184426609916687,0,0.0,False,416,416
W05001378,Upper Cwmbran,Cwmbrân Uchaf,Torfaen,4.908537934841156,0,0.0,False,416,416
W05001431,Uwch Aled,Uwch Aled,Conwy,183.03027427814484,0,0.0,False,416,416
W05001432,Uwch Conwy,Uwch Conwy,Conwy,177.1335300725479,0,0.0,False,416,416
W05001565,Waunfawr,Waunfawr,Gwynedd,49.42792538112641,0,0.0,False,416,416
W05001173,Welshpool Gungrog,Y Trallwng Gungrog,Powys,13.35877759602356,0,0.0,False,416,416
W05001174,Welshpool Llanerchyddol,Y Trallwng Llanerchyddol,Powys,6.8808993108596805,0,0.0,False,416,416
W05001799,West End,West End,Monmouthshire,0.9874440670242309,0,0.0,False,416,416
W05001760,Whitegate,Whitegate,Wrexham,0.7140900319671631,0,0.0,False,416,416
W05001227,Whitland,Hendy-gwyn ar Daf,Carmarthenshire,22.42541758443451,0,0.0,False,416,416
W05001491,Wiston,Cas-wis,Pembrokeshire,88.17709275723648,0,0.0,False,416,416
W05001566,Y Bala,Y Bala,Gwynedd,2.62224746824646,0,0.0,False,416,416
W05001567,Y Bontnewydd,Y Bontnewydd,Gwynedd,13.887431477027894,0,0.0,False,416,416
W05001569,Y Groeslon,Y Groeslon,Gwynedd,20.872557614234925,0,0.0,False,416,416
W05001570,Yr Eifl,Yr Eifl,Gwynedd,48.13113255596161,0,0.0,False,416,416
W05001176,Yscir with Honddu Isaf and Llanddew,Ysgir gyda Honddu Isaf a Llan-ddew,Powys,193.24552772895433,0,0.0,False,416,416
W05001116,Ystrad,Ystrad,Rhondda Cynon Taf,6.9359957573394775,0,0.0,False,416,416
W05001331,Ystwyth,Ystwyth,Ceredigion,71.17184778051758,0,0.0,False,416,416
