council,saving_ref,description,service_area,amount_000_2026_27,amount_000_full_mtfs,f1_new_vs_carried,f2_type,f3_statutory_vs_discretionary,f4_shows_in_ra,f5_delivery_rag,reform_attributable,notes
Derbyshire,,Low Level Support Services - review of discretionary services,Adult social care,0.0,900.0,carried_forward,cashable,statutory,tbd,,no,Prior-years ongoing (pre-Reform MTFP). £0 in 2026-27; £0.900m lands 2027-28.
Derbyshire,,LD Day Centres - remodel of LD day services (3rd year of 3-yr saving),Adult social care,728.0,728.0,carried_forward,cashable,statutory,tbd,,no,Inherited.
Derbyshire,,LDA / redesign of central teams - supported living review (3rd year),Adult social care,1100.0,1100.0,carried_forward,cashable,statutory,tbd,,no,Inherited 3-yr saving.
Derbyshire,,Older Adults Residential Care - review & remodel (final year of 2-yr),Adult social care,1302.0,1302.0,carried_forward,cashable,statutory,tbd,,no,Inherited.
Derbyshire,,Fees & Charges - annual uplift on non-means-tested charges,Adult social care,20.0,100.0,carried_forward,income,statutory,tbd,,no,Recurring income uplift.
Derbyshire,,LD Short Breaks - remodel (3rd year of 3-yr saving),Adult social care,652.0,652.0,carried_forward,cashable,statutory,tbd,,no,Inherited.
Derbyshire,,Older Adults Day Centres - remodel (3rd year),Adult social care,915.0,915.0,carried_forward,cashable,statutory,tbd,,no,Inherited.
Derbyshire,,Transport Eligibility & Charging - review of provision & charging,Adult social care,200.0,200.0,carried_forward,cashable,statutory,tbd,,no,Inherited.
Derbyshire,,Digital Care & Support Planning - automation tool,Adult social care,125.0,125.0,carried_forward,cashable,statutory,tbd,,no,Inherited.
Derbyshire,,System Transformation Implementation - health & social care operating review,Adult social care,2120.0,7120.0,carried_forward,cashable,statutory,tbd,,no,Inherited; +£5.0m 2027-28.
Derbyshire,,Further Direct Care Transformation - remodel older people's care,Adult social care,1750.0,2000.0,carried_forward,cashable,statutory,tbd,,no,Inherited.
Derbyshire,,Supplies & Third-Party Payments - saving NOT achievable,Adult social care,-422.0,-422.0,carried_forward,cashable,statutory,tbd,,no,NEGATIVE line: prior saving now unachievable.
Derbyshire,,Children's Centre Review (CSSE 2024-25 proposal),Children's social care,2167.0,10835.0,carried_forward,cashable,statutory,tbd,,no,Inherited 2024-25 proposal.
Derbyshire,,"Review of Educational Psychology Service (traded model, CSSE 2024-25)",Education,500.0,2500.0,carried_forward,income,statutory,tbd,,no,Inherited; traded/income model.
Derbyshire,,HR Team efficiency - reduce staffing budgets where vacant roles no longer required,Central services,295.0,295.0,carried_forward,cashable,discretionary,tbd,,no,DOGE-relevant: delete vacant HR staffing budgets. Inherited.
Derbyshire,,Reduce maintenance linked to Disposal Programme,Central services,24.0,120.0,carried_forward,cashable,discretionary,tbd,,no,Property maintenance.
Derbyshire,,Review & improve rent roll,Central services,50.0,50.0,carried_forward,income,discretionary,tbd,,no,Property income.
Derbyshire,,Review Facilities Management - deletion of vacant posts,Central services,50.0,50.0,carried_forward,cashable,discretionary,tbd,,no,DOGE-relevant: delete vacant posts.
Derbyshire,,Business Rates - review rateable values for all assets,Central services,50.0,50.0,carried_forward,cashable,discretionary,tbd,,no,Property cost reduction.
Derbyshire,,Reduce management costs of industrial estates & review rents,Central services,32.0,32.0,carried_forward,cashable,discretionary,tbd,,no,Management cost reduction.
Derbyshire,,Concession rents review,Central services,5.0,5.0,carried_forward,income,discretionary,tbd,,no,Property income.
Derbyshire,,Street lighting - convert illuminated signs & bollards to LED/non-illuminated,Highways & transport,15.0,45.0,carried_forward,cashable,discretionary,tbd,,no,Energy saving.
Derbyshire,,Countryside Service Strategy - new income streams & fees review,Cultural & related,61.0,133.0,carried_forward,income,discretionary,tbd,,no,Income generation.
Derbyshire,,Markham Vale Business Park - review long-term options,Planning & development,63.0,63.0,carried_forward,cashable,discretionary,tbd,,no,Economic-development asset review.
Derbyshire,,Library & Heritage Strategy - modernise/rationalise library & heritage services,Cultural & related,312.0,625.0,carried_forward,cashable,discretionary,tbd,,no,Library transformation.
Derbyshire,,Economic Development - remove two vacant posts; EMCCA shared activity,Planning & development,61.0,61.0,carried_forward,cashable,discretionary,tbd,,no,DOGE-relevant: remove two vacant posts; EMCCA devolution.
Derbyshire,,Visit Peak District & Derbyshire - phased reduction in tourism-body funding,Planning & development,50.0,50.0,carried_forward,cashable,discretionary,tbd,,no,Cut to external tourism subsidy.
Derbyshire,,Senior management savings from EMCCA transfer & 'One Council' (Place),Central services,150.0,150.0,carried_forward,cashable,discretionary,tbd,,no,DOGE-relevant: senior-management reduction ('One Council'). Inherited.
Derbyshire,,Home care fee review from Jul 26 - review of home-care fee rates,Adult social care,2000.0,2000.0,new,cashable,statutory,tbd,,yes,New: reduce home-care fee rates paid to providers.
Derbyshire,,Residential Care Brokerage - source independent-sector placements,Adult social care,350.0,350.0,new,cashable,statutory,tbd,,yes,New proposal.
Derbyshire,,Community Support Beds - single operating model improvements,Adult social care,1700.0,1700.0,new,cost_avoidance,statutory,tbd,,yes,New; remodel of community support beds. Press-flagged.
Derbyshire,,Discharge Assessment & Review Team - all discharge-to-assess pathways,Adult social care,250.0,250.0,new,cost_avoidance,statutory,tbd,,yes,New proposal.
Derbyshire,,Further rollout of technology-enabled care,Adult social care,618.0,618.0,new,cost_avoidance,statutory,tbd,,yes,New; digital/tech-enabled care.
Derbyshire,,Review of Quality & Compliance Team - resourcing review,Adult social care,67.0,67.0,new,cashable,statutory,tbd,,yes,New; staffing reduction.
Derbyshire,,Domestic Abuse Grant becomes service-specific grant (moved into ASC),Adult social care,1911.0,1911.0,new,income,statutory,tbd,,no,Technical grant reclassification (external funding substitution).
Derbyshire,,CST corporate target - service redesign & remove long-term vacancies,Central services,2400.0,2400.0,new,cashable,discretionary,tbd,,partial,DOGE-relevant: unallocated corporate target via redesign & delete vacancies.
Derbyshire,,Closure of Glossop HWRC - close 1 of 9 household waste recycling centres,Environmental & regulatory,120.0,360.0,new,cashable,discretionary,tbd,,yes,New service reduction (facility closure). Press-flagged.
Derbyshire,,Recycling Credit reduction - withdraw discretionary payments to voluntary/charitable groups,Environmental & regulatory,11.0,11.0,new,cashable,discretionary,tbd,,yes,New; withdraw discretionary payments to voluntary groups.
Derbyshire,,Simpler Recycling - separate food/garden waste,Environmental & regulatory,1128.0,1336.0,new,cashable,discretionary,tbd,,partial,Driven by national Simpler Recycling legislation.
Derbyshire,,Place corporate target - service redesign & manage staffing vacancies,Central services,500.0,500.0,new,cashable,discretionary,tbd,,partial,DOGE-relevant: unallocated Place-wide target.
Derbyshire,,"Corporate Debt Charges - lower borrowing, lower interest costs",Central services,6043.0,6043.0,new,cashable,discretionary,tbd,,no,Technical treasury saving (market-driven).
Derbyshire,,Corporate Other savings,Central services,468.0,468.0,new,unclear,discretionary,tbd,,partial,Unspecified other corporate savings.
Derbyshire,,Corporate Risk Management Budget - brought-forward balance offsets payroll pressure,Central services,5416.0,5416.0,new,cashable,discretionary,tbd,,partial,One-off use of reserve balance; technical budget management.
Derbyshire,,Corporate MRP contribution not made,Central services,4241.0,4241.0,new,cashable,discretionary,tbd,,no,Technical capital-financing (MRP) adjustment.
Derbyshire,,Corporate reduction in Pension contribution (triennial valuation),Central services,5800.0,5800.0,new,cashable,discretionary,tbd,,no,Actuarial pension valuation outcome.
Derbyshire,,Operating Model Saving,Central services,2500.0,2500.0,new,cashable,discretionary,tbd,,partial,DOGE-relevant: unallocated 'operating model'/One Council target.
Derbyshire,,Public Health - efficiencies in non-mandated contracts & grant substitution,Public health,733.0,733.0,new,income,statutory,tbd,,partial,One-off; grant substitution from ring-fenced PH Grant.
Derbyshire,,"Extended Producer Responsibility income (Govt grant, 'not a saving')",Environmental & regulatory,6700.0,6700.0,new,income,discretionary,tbd,,no,One-off national EPR grant income; council states it is not a genuine saving.
Kent,,ASC service redesign,Adult social care,8086.5,,new,cost_avoidance,statutory,tbd,,yes,
Kent,,ASC service redesign,Adult social care,3591.3,,new,cost_avoidance,statutory,tbd,,yes,
Kent,,ASC service redesign,Adult social care,985.8,,new,cost_avoidance,statutory,tbd,,yes,
Kent,,ASC redesign - removal of undeliverable saving,Adult social care,-163.2,,carried_forward,cost_avoidance,statutory,tbd,,partial,Removal of prior undeliverable saving.
Kent,,ASC redesign - removal of undeliverable saving,Adult social care,-173.6,,carried_forward,cost_avoidance,statutory,tbd,,partial,Removal of prior undeliverable saving.
Kent,,ASC redesign - removal of undeliverable saving,Adult social care,-216.6,,carried_forward,cost_avoidance,statutory,tbd,,partial,Removal of prior undeliverable saving.
Kent,,ASC redesign - removal of undeliverable saving,Adult social care,-747.4,,carried_forward,cost_avoidance,statutory,tbd,,partial,Removal of prior undeliverable saving.
Kent,,ASC redesign - removal of undeliverable saving,Adult social care,-1435.9,,carried_forward,cost_avoidance,statutory,tbd,,partial,Removal of prior undeliverable saving.
Kent,,ASC redesign - removal of undeliverable saving,Adult social care,-2041.7,,carried_forward,cost_avoidance,statutory,tbd,,partial,Removal of prior undeliverable saving.
Kent,,ASC redesign - removal of undeliverable saving,Adult social care,-2521.5,,carried_forward,cost_avoidance,statutory,tbd,,partial,Removal of prior undeliverable saving.
Kent,,Children's in-house fostering,Children's social care,1217.8,,new,cost_avoidance,statutory,tbd,,yes,
Kent,,Children's in-house fostering (disability),Children's social care,729.8,,new,cost_avoidance,statutory,tbd,,yes,
Kent,,Waste,Environmental & regulatory,392.1,,new,cost_avoidance,discretionary,tbd,,yes,
Kent,,Waste,Environmental & regulatory,-0.0,,new,cost_avoidance,discretionary,tbd,,yes,
Kent,,Review of embedded staff,Central services,55.2,,new,cashable,discretionary,tbd,,yes,DOGE: staff consolidation.
Kent,,Special school estate,Children's social care,704.4,,new,cashable,statutory,tbd,,yes,
Kent,,Review of embedded staff,Children's social care,175.1,,new,cashable,statutory,tbd,,yes,DOGE: staff consolidation.
Kent,,Review of embedded staff,Central services,21.0,,new,cashable,discretionary,tbd,,yes,DOGE: staff consolidation.
Kent,,Review of embedded staff,Central services,21.0,,new,cashable,discretionary,tbd,,yes,DOGE: staff consolidation.
Kent,,Review of embedded staff,Central services,128.4,,new,cashable,discretionary,tbd,,yes,DOGE: staff consolidation.
Kent,,Review of embedded staff,Central services,8.5,,new,cashable,discretionary,tbd,,yes,DOGE: staff consolidation.
Kent,,Review of embedded staff,Central services,2.6,,new,cashable,discretionary,tbd,,yes,DOGE: staff consolidation.
Kent,,Review of embedded staff,Central services,2.4,,new,cashable,discretionary,tbd,,yes,DOGE: staff consolidation.
Kent,,Review of embedded staff,Central services,1.8,,new,cashable,discretionary,tbd,,yes,DOGE: staff consolidation.
Kent,,Spans and layers (senior-management delayering),Central services,1500.0,,new,cashable,discretionary,tbd,,yes,DOGE: senior-management delayering (org-design).
Kent,,Review of embedded staff,Central services,468.0,,new,cashable,discretionary,tbd,,yes,DOGE: staff consolidation.
Kent,,ASC - Mental Health,Adult social care,5900.0,,new,cashable,statutory,tbd,,yes,
Kent,,Adult Social Care,Adult social care,2000.0,,new,cashable,statutory,tbd,,yes,
Kent,,Domestic Abuse,Adult social care,295.0,,new,cashable,statutory,tbd,,yes,
Kent,,Adult Social Care,Adult social care,178.1,,new,cashable,statutory,tbd,,yes,
Kent,,ASC equipment contract - removal of undeliverable saving,Adult social care,-590.0,,carried_forward,cashable,statutory,tbd,,partial,Removal of prior undeliverable saving.
Kent,,ASC care & support in home - removal of undeliverable saving,Adult social care,-3818.8,,carried_forward,cashable,statutory,tbd,,partial,Removal of prior undeliverable saving.
Kent,,ASC supported living - removal of undeliverable saving,Adult social care,-6046.0,,carried_forward,cashable,statutory,tbd,,partial,Removal of prior undeliverable saving.
Kent,,Home to School Transport - SEN,Highways & transport,1553.0,,new,cashable,discretionary,tbd,,yes,
Kent,,Children's Prevention Grant,Children's social care,1500.0,,new,cashable,statutory,tbd,,yes,
Kent,,Family Hubs,Children's social care,1500.0,,new,cashable,statutory,tbd,,yes,
Kent,,Family Hubs,Children's social care,1000.0,,new,cashable,statutory,tbd,,yes,
Kent,,Special Educational Needs,Education,403.6,,new,cashable,statutory,tbd,,yes,
Kent,,Children's Other Services,Children's social care,400.0,,new,cashable,statutory,tbd,,yes,
Kent,,Children's Social Care,Children's social care,400.0,,new,cashable,statutory,tbd,,yes,
Kent,,Schools' Services,Education,223.2,,new,cashable,statutory,tbd,,yes,
Kent,,Virtual School Kent,Children's social care,200.0,,new,cashable,statutory,tbd,,yes,
Kent,,Community Learning & Skills,Cultural & related,97.8,,new,cashable,discretionary,tbd,,yes,
Kent,,SEN Contract Review,Education,-0.0,,new,cashable,statutory,tbd,,yes,
Kent,,GET staffing,Central services,380.0,,new,cashable,discretionary,tbd,,yes,DOGE: staffing reduction.
Kent,,Waste,Environmental & regulatory,343.2,,new,cashable,discretionary,tbd,,yes,
Kent,,Waste,Environmental & regulatory,250.0,,new,cashable,discretionary,tbd,,yes,
Kent,,Highways on-street EV charging,Highways & transport,56.0,,new,cashable,discretionary,tbd,,yes,
Kent,,Environmental Management,Environmental & regulatory,-0.0,,new,cashable,discretionary,tbd,,yes,
Kent,,"Libraries, Registration & Archives",Cultural & related,-0.0,,new,cashable,discretionary,tbd,,yes,
Kent,,Legal Services,Central services,487.6,,new,cashable,discretionary,tbd,,yes,
Kent,,Legal Services,Central services,286.1,,new,cashable,discretionary,tbd,,yes,
Kent,,Legal Services (senior reorg),Central services,195.0,,new,cashable,discretionary,tbd,,yes,DOGE: senior-management reorganisation.
Kent,,"Strategy, Policy & Corporate Assurance (delete vacant posts)",Central services,161.0,,new,cashable,discretionary,tbd,,yes,DOGE: deletion of vacant post(s).
Kent,,Finance,Central services,105.0,,new,cashable,discretionary,tbd,,yes,
Kent,,Corporate Landlord - rates,Central services,70.0,,new,cashable,discretionary,tbd,,yes,
Kent,,Corporate Landlord,Central services,52.0,,new,cashable,discretionary,tbd,,yes,
Kent,,Corporate Landlord - removal of office plants,Central services,40.0,,new,cashable,discretionary,tbd,,yes,DOGE: office running-cost trim (plants).
Kent,,Corporate Landlord - drinking water provision,Central services,30.0,,new,cashable,discretionary,tbd,,yes,DOGE: office running-cost trim (water).
Kent,,Legal Services,Central services,27.6,,new,cashable,discretionary,tbd,,yes,
Kent,,KCC Estate - specialist assets,Central services,26.2,,new,cashable,discretionary,tbd,,yes,
Kent,,Contact Centre,Central services,290.0,,new,cashable,discretionary,tbd,,yes,
Kent,,Human Resources (senior reorg),Central services,165.0,,new,cashable,discretionary,tbd,,yes,DOGE: senior-management reorganisation.
Kent,,Governance & Democracy,Central services,75.0,,new,cashable,discretionary,tbd,,yes,
Kent,,Commercial & Procurement,Central services,35.0,,new,cashable,discretionary,tbd,,yes,
Kent,,Governance & Democracy,Central services,6.0,,new,cashable,discretionary,tbd,,yes,
Kent,,Governance & Democracy,Central services,5.0,,new,cashable,discretionary,tbd,,yes,
Kent,,ASC - Client Benefit Uplift,Adult social care,5808.0,,new,income,statutory,tbd,,partial,National benefit upratings.
Kent,,Adult Social Care income,Adult social care,2192.2,,new,income,statutory,tbd,,partial,
Kent,,Children's Social Care income,Children's social care,1150.0,,new,income,statutory,tbd,,partial,
Kent,,Home to School Transport income,Highways & transport,1000.0,,new,income,discretionary,tbd,,partial,
Kent,,Looked after children income,Children's social care,750.0,,new,income,statutory,tbd,,partial,
Kent,,Kent 16+ Travel Saver,Highways & transport,124.9,,new,income,discretionary,tbd,,partial,
Kent,,Highways Road Closures,Highways & transport,950.0,,new,income,discretionary,tbd,,partial,
Kent,,Kent Travel Saver,Highways & transport,479.7,,new,income,discretionary,tbd,,partial,
Kent,,"Libraries, Registration & Archives",Cultural & related,200.0,,new,income,discretionary,tbd,,partial,
Kent,,Trading Standards,Environmental & regulatory,200.0,,new,income,discretionary,tbd,,partial,
Kent,,Highways income,Highways & transport,65.0,,new,income,discretionary,tbd,,partial,
Kent,,"Libraries, Registration & Archives",Cultural & related,50.0,,new,income,discretionary,tbd,,partial,
Kent,,Community Protection,Environmental & regulatory,36.1,,new,income,discretionary,tbd,,partial,
Kent,,Coroners,Environmental & regulatory,24.8,,new,income,discretionary,tbd,,partial,
Kent,,Highways on-street EV charging,Highways & transport,18.0,,new,income,discretionary,tbd,,partial,
Kent,,Country Parks,Cultural & related,14.8,,new,income,discretionary,tbd,,partial,
Kent,,Community Protection,Environmental & regulatory,14.3,,new,income,discretionary,tbd,,partial,
Kent,,Trading Standards,Environmental & regulatory,1.8,,new,income,discretionary,tbd,,partial,
Kent,,Traffic Management,Highways & transport,-0.0,,new,income,discretionary,tbd,,partial,
Kent,,Community Protection - Port Health,Environmental & regulatory,-0.0,,new,income,discretionary,tbd,,partial,
Kent,,Regeneration,Planning & development,-0.0,,new,income,discretionary,tbd,,partial,
Kent,,Waste (adverse income adj),Environmental & regulatory,-1636.8,,new,income,discretionary,tbd,,partial,Positive = income loss/adverse adjustment.
Kent,,Income return from companies,Central services,500.0,,new,income,discretionary,tbd,,partial,
Kent,,Community Based Preventative Services,Adult social care,862.9,,new,cashable,statutory,tbd,,yes,
Kent,,Mental Health - removal of undeliverable saving,Adult social care,-250.0,,new,cashable,statutory,tbd,,yes,
Kent,,ASC Housing Related Support - removal of undeliverable saving,Adult social care,-294.0,,carried_forward,cashable,statutory,tbd,,partial,Removal of prior undeliverable saving.
Kent,,Home to School/College SEN Transport 16+,Highways & transport,1800.0,,new,cashable,discretionary,tbd,,yes,Policy: SEN transport reduction.
Kent,,Home to College SEN Transport Post-19,Highways & transport,900.0,,new,cashable,discretionary,tbd,,yes,Policy: SEN transport reduction.
Kent,,Children's Residential Care,Children's social care,640.0,,new,cashable,statutory,tbd,,yes,
Kent,,Services for Schools,Education,545.6,,new,cashable,statutory,tbd,,yes,
Kent,,The Education People (TEP),Education,383.0,,new,cashable,statutory,tbd,,yes,
Kent,,SEN Home to School Transport,Highways & transport,300.0,,new,cashable,discretionary,tbd,,yes,
Kent,,Home to School Transport - Kent 16+ Travel Saver,Highways & transport,273.8,,new,cashable,discretionary,tbd,,yes,
Kent,,Education,Education,46.7,,new,cashable,statutory,tbd,,yes,
Kent,,Highways,Highways & transport,600.0,,new,cashable,discretionary,tbd,,yes,
Kent,,Waste - Inter Authority Agreement payments,Environmental & regulatory,310.4,,new,cashable,discretionary,tbd,,yes,
Kent,,Kent Travel Saver,Highways & transport,290.0,,new,cashable,discretionary,tbd,,yes,
Kent,,Country Parks,Cultural & related,130.0,,new,cashable,discretionary,tbd,,yes,
Kent,,Kent Music School,Cultural & related,57.0,,new,cashable,discretionary,tbd,,yes,Cut to music service.
Kent,,Regeneration & Economic Development,Planning & development,35.0,,new,cashable,discretionary,tbd,,yes,
Kent,,Property Related Services to Schools,Education,2048.1,,new,cashable,statutory,tbd,,yes,
Kent,,Corporate Landlord - Strategic Estate,Central services,526.4,,new,cashable,discretionary,tbd,,yes,
Kent,,Libraries Corporate Landlord,Central services,250.0,,new,cashable,discretionary,tbd,,yes,
Kent,,KCC Estate - Community Assets,Central services,91.5,,new,cashable,discretionary,tbd,,yes,
Kent,,KCC Estate - office assets,Central services,22.1,,new,cashable,discretionary,tbd,,yes,
Kent,,Future Savings under Development (unallocated),Central services,-0.0,,new,cashable,discretionary,tbd,,yes,
Kent,,Public Health - Healthy Lifestyles,Public health,406.8,,new,cashable,statutory,tbd,,yes,
Kent,,Public Health income (adverse adj),Public health,-243.3,,new,income,statutory,tbd,,partial,Positive = income loss/adverse adjustment.
Lancashire,AHWB2627001,Prevention and Early Intervention - reduce need for formal adult social care,Adult social care,500.0,10300.0,carried_forward,cost_avoidance,statutory,tbd,,partial,Pre-existing MTFS; demand reduction.
Lancashire,AHWB2627002,More efficient use of contracts - new commissioning approach,Adult social care,5200.0,10430.0,carried_forward,cashable,statutory,tbd,,partial,Largest Adult line; procurement efficiency.
Lancashire,AHWB2627003,Helping people leave hospital - redesign reablement/short-term,Adult social care,4300.0,8400.0,carried_forward,cost_avoidance,statutory,tbd,,partial,Discharge/less bed-based care.
Lancashire,AHWB2627004,More efficient use of contracts - VFM,Adult social care,3250.0,3250.0,carried_forward,cashable,statutory,tbd,,partial,Contract review/VFM.
Lancashire,AHWB2627005,Prevention - reinvest £3m Public Health Grant savings (one-off),Public health,3000.0,0.0,carried_forward,cashable,statutory,tbd,,partial,DOGE-flag: ringfenced PHG reallocation; one-off.
Lancashire,AHWB2627006,Ensuring care is appropriately charged for,Adult social care,1956.0,2656.0,carried_forward,income,statutory,tbd,,partial,Client charging income.
Lancashire,AHWB2627007/PPH005,Workforce roles & resilience - cut agency reliance (ASC & PH),Adult social care,700.0,1300.0,carried_forward,cashable,statutory,tbd,,partial,DOGE-flag: workforce/agency reduction.
Lancashire,AHWB2627008,Resource reallocation - review ASC grant funding application,Adult social care,3000.0,3000.0,carried_forward,unclear,statutory,tbd,,partial,Grant reallocation.
Lancashire,AHWB2627009,Public Health Grant demand management,Public health,1202.0,1793.0,carried_forward,cashable,statutory,tbd,,partial,DOGE-flag: PHG recalibration.
Lancashire,AHWB2627010,Public Health Grant - commissioned services VFM,Public health,0.0,1000.0,carried_forward,cashable,statutory,tbd,,partial,£0 in 2026/27.
Lancashire,AHWB2627011,Public Health Grant - cost pressure management,Public health,650.0,1475.0,carried_forward,cashable,statutory,tbd,,partial,DOGE-flag: PHG.
Lancashire,AHWB2627012,Public Health Grant - invest reserves (one-off £5m to PHG reserve),Public health,5000.0,0.0,carried_forward,cashable,statutory,tbd,,partial,DOGE-flag: one-off ringfenced PHG swept to reserve.
Lancashire,Adjustment,Eliminate PHG double-count across service areas,Adult social care,-3497.0,-3868.0,carried_forward,unclear,statutory,tbd,,partial,Negative add-back; Adult block total -£25.261m.
Lancashire,ECS2627001,Improve in-house children's home agency staffing sourcing,Children's social care,50.0,200.0,new,cashable,statutory,tbd,,yes,Agency efficiency.
Lancashire,ECS2627003,Seek district housing contributions for low-priority supported accommodation,Children's social care,62.0,125.0,new,income,statutory,tbd,,yes,Cost-shift to districts.
Lancashire,ECS2627004,Target block-contract dispersed accommodation vs agency placements,Children's social care,300.0,500.0,new,cashable,statutory,tbd,,yes,Placement cost reduction.
Lancashire,ECS2627005,Review highest-cost care-leaver (18+) supported accommodation,Children's social care,88.0,88.0,new,cashable,statutory,tbd,,yes,Placement review.
Lancashire,ECS2627007,Homeless Families Service - reduce hours where duty lies with districts,Children's social care,97.0,97.0,new,cashable,statutory,tbd,,yes,Service reduction (district duty).
Lancashire,ECS2627008,Fixed hourly rates for children's home care commissioning,Children's social care,0.0,512.0,new,cashable,statutory,tbd,,yes,£0 in 2026/27.
Lancashire,ECS2627009,OCC provider portal - digital self-service/invoicing,Children's social care,400.0,400.0,new,cashable,statutory,tbd,,yes,Automation.
Lancashire,ECS2627010,SEND brokerage team - commission INMSS places cost-effectively,Education,450.0,450.0,new,cashable,statutory,tbd,,yes,SEND placement brokerage.
Lancashire,ECS2627011,CareCubed - SEND special-school fee management tool,Education,82.0,133.0,new,cashable,statutory,tbd,,yes,High Needs Block.
Lancashire,ECS2627015,Reduce/remove 'Community Offer' early-help support,Children's social care,0.0,1431.0,new,cashable,statutory,tbd,,yes,Early-help reduction; £0 in 2026/27.
Lancashire,ECS2627016,Consolidate Family Centres into Family Hubs,Children's social care,0.0,314.0,new,cashable,statutory,tbd,,yes,Estate consolidation; £0 in 2026/27.
Lancashire,ECS2627017,Early Years Top Slice - top-slice 0.75% of early-years block,Education,1703.0,1703.0,new,cashable,statutory,tbd,,yes,Cost shift to DSG.
Lancashire,ECS2627018,Fund school-improvement adviser from DSG de-delegation reserves,Education,125.0,125.0,new,cashable,statutory,tbd,,yes,Cost shift to DSG.
Lancashire,ECS2627019,Education Improvement - move to income-generating model,Education,438.0,438.0,new,income,statutory,tbd,,yes,Traded income.
Lancashire,ECS2627021,Expand in-house residential children's homes,Children's social care,0.0,2000.0,new,cost_avoidance,statutory,tbd,,yes,£0 in 2026/27.
Lancashire,ECS2627022,Reduce schools' premature-retirement budget to actuals,Education,500.0,500.0,new,cashable,statutory,tbd,,yes,Budget realignment.
Lancashire,ECS2627023,Reduce Practice Development Managers; upskill senior SWs,Children's social care,47.0,188.0,new,cashable,statutory,tbd,,yes,DOGE-flag: management-post reduction.
Lancashire,ECS2627026,Use grant to maintain multi-agency CIN/CP team model,Children's social care,2000.0,2000.0,new,cashable,statutory,tbd,,yes,Grant substitution.
Lancashire,Place-ServiceReview,"Place service review/redesign - new operating models across Highways, Growth & Property, Environment, Communications & Engagement",Highways & transport,1078.0,7235.0,new,cashable,discretionary,tbd,,yes,DOGE-flag: incl. Communications & Engagement (comms/PR) restructure. Cross-directorate.
Lancashire,Place-HighwayMaint,Reduce discretionary travel & operational highway/drainage maintenance,Highways & transport,1118.0,1732.0,new,cashable,discretionary,tbd,,yes,Operational maintenance cut.
Lancashire,Place-Fees,"Fees/charges/income - highway damage recovery, regulatory, waste, catering, new pay-and-display parking",Highways & transport,1170.0,2874.0,new,income,discretionary,tbd,,yes,Income incl. new parking charges.
Lancashire,Place-FinMgmt,Non-staffing budgets; standby/callout review; PHG into road-safety,Highways & transport,972.0,1434.0,new,cashable,discretionary,tbd,,yes,DOGE-flag: PHG funds road-safety spend.
Lancashire,GHT010,Winter maintenance - lower gritting trigger from +0.5C to 0C,Highways & transport,100.0,100.0,new,cashable,discretionary,tbd,,yes,Service-level reduction (gritting).
Lancashire,Place-Waste,"Waste operations/income - anaerobic digestion capacity, eligibility controls",Environmental & regulatory,0.0,4300.0,new,cashable,discretionary,tbd,,yes,£0 in 2026/27.
Lancashire,Place-Property,"Property & FM efficiencies - estate review, energy cuts, close low-use offices",Central services,362.0,1932.0,new,cashable,discretionary,tbd,,yes,DOGE-flag: property/office closures.
Lancashire,Resources-Redesign,"Resources service redesign - People, Digital, Finance (part PHG), Legal & Governance (cut external legal spend), BI, Records, Exec support, Customer AI",Central services,1598.0,3821.0,new,cashable,discretionary,tbd,,yes,"DOGE-flag: back-office/senior-support redesign, external legal (consultancy) cut, AI."
Lancashire,Resources-Income,Income - teaching agency & new Law & Governance charges,Central services,382.0,642.0,new,income,discretionary,tbd,,yes,Traded income.
Lancashire,Resources-Tech,"Technology savings - reduce legacy infra/apps, cloud, extend laptop life",Central services,731.0,2101.0,new,cashable,discretionary,tbd,,yes,DOGE-flag: IT rationalisation.
Lancashire,FC004/P005,Budget adjustments - salary-sacrifice savings (£1m) & reduce insurance budget (£1.5m),Central services,2500.0,2500.0,new,cashable,discretionary,tbd,,yes,Central/technical adjustment.
Lancashire,2627CORP1,Corporate efficiency - 1% across all supplies & services budgets,Central services,1700.0,1700.0,new,cashable,discretionary,tbd,,yes,DOGE-flag: flat 1% top-down supplies cut.
Lincolnshire,AppB-001,ASC Adult Frailty - TEPAC demand reduction,Adult social care,3.8,,unclear,cost_avoidance,statutory,tbd,,partial,
Lincolnshire,AppB-002,ASC efficiency target share,Adult social care,12.3,,unclear,cashable,statutory,tbd,,partial,
Lincolnshire,AppB-003,ASC digital transformation (TEC),Adult social care,53.0,,carried_forward,cashable,statutory,tbd,,no,
Lincolnshire,AppB-004,ASC direct payment client contributions,Adult social care,79.3,,unclear,income,statutory,tbd,,partial,
Lincolnshire,AppB-005,ASC gross payment model efficiency,Adult social care,195.8,,carried_forward,cashable,statutory,tbd,,partial,
Lincolnshire,AppB-006,ASC budget summit: operational efficiencies,Adult social care,745.0,,new,cashable,statutory,tbd,,yes,Vacant posts/underused budgets (footnote).
Lincolnshire,AppB-007,ASC budget summit: strategic commissioning review,Adult social care,823.0,,new,cashable,statutory,tbd,,yes,
Lincolnshire,AppB-008,ASC budget summit: income/full cost recovery,Adult social care,20.0,,new,income,statutory,tbd,,yes,
Lincolnshire,AppB-009,ASC budget summit: commissioning review,Adult social care,56.0,,new,cashable,statutory,tbd,,yes,
Lincolnshire,AppB-010,ASC complex-case risk share,Adult social care,142.3,,carried_forward,cashable,statutory,tbd,,partial,
Lincolnshire,AppB-011,ASC residential income (demand),Adult social care,232.3,,unclear,income,statutory,tbd,,partial,
Lincolnshire,AppB-012,ASC Shared Lives demand offset,Adult social care,328.3,,unclear,cost_avoidance,statutory,tbd,,partial,
Lincolnshire,AppB-013,ASC MH strength-based reviews,Adult social care,736.0,,unclear,cashable,statutory,tbd,,partial,
Lincolnshire,AppB-014,ASC budget summit: operational efficiencies,Adult social care,757.7,,new,cashable,statutory,tbd,,yes,Vacant posts/underused budgets (footnote).
Lincolnshire,AppB-015,ASC S75 income,Adult social care,1000.0,,unclear,income,statutory,tbd,,partial,
Lincolnshire,AppB-016,ASC MH service efficiencies,Adult social care,1377.0,,unclear,cashable,statutory,tbd,,partial,
Lincolnshire,AppB-017,Better Care Fund ICB grant income,Adult social care,1103.0,,unclear,income,statutory,tbd,,no,
Lincolnshire,AppB-018,Public health grant maximisation,Public health,44.3,,carried_forward,income,statutory,tbd,,partial,PHG reserve/lifestyle remodel.
Lincolnshire,AppB-019,PH budget summit: grant maximisation,Public health,373.6,,new,income,statutory,tbd,,yes,
Lincolnshire,AppB-020,PH budget summit: operational efficiencies,Public health,894.4,,new,cashable,statutory,tbd,,yes,Vacant posts/underused budgets (footnote).
Lincolnshire,AppB-021,PH remodel Integrated Lifestyle Service,Public health,1100.0,,new,cashable,statutory,tbd,,yes,PHG lifestyle service remodel.
Lincolnshire,AppB-022,PH maximise grant reserve,Public health,1850.0,,new,cashable,statutory,tbd,,yes,PHG reserve drawdown.
Lincolnshire,AppB-023,Public Protection efficiency target share,Environmental & regulatory,7.7,,carried_forward,cashable,discretionary,tbd,,partial,
Lincolnshire,AppB-024,Public Protection contract reviews,Environmental & regulatory,143.0,,carried_forward,cashable,discretionary,tbd,,partial,
Lincolnshire,AppB-025,Public Protection budget summit: operational efficiencies,Environmental & regulatory,373.0,,new,cashable,discretionary,tbd,,yes,Vacant posts/underused budgets (footnote).
Lincolnshire,AppB-026,Children's Education efficiency target share,Education,18.6,,carried_forward,cashable,statutory,tbd,,partial,
Lincolnshire,AppB-027,Children's Education budget summit: income,Education,104.7,,new,income,statutory,tbd,,yes,
Lincolnshire,AppB-028,Children's Education budget summit: operational efficiencies,Education,141.0,,new,cashable,statutory,tbd,,yes,Vacant posts/underused budgets (footnote).
Lincolnshire,AppB-029,Children's Education budget summit: operational efficiencies,Education,145.7,,new,cashable,statutory,tbd,,yes,Vacant posts/underused budgets (footnote).
Lincolnshire,AppB-030,Children's SC budget summit: operational efficiencies,Children's social care,15.0,,new,cashable,statutory,tbd,,yes,
Lincolnshire,AppB-031,Children's SC budget summit: grant maximisation,Children's social care,20.8,,new,income,statutory,tbd,,yes,
Lincolnshire,AppB-032,Children's SC budget summit: operational efficiencies,Children's social care,23.0,,new,cashable,statutory,tbd,,yes,
Lincolnshire,AppB-033,Children's SC budget summit: operational efficiencies,Children's social care,45.0,,new,cashable,statutory,tbd,,yes,
Lincolnshire,AppB-034,Children's SC efficiency target share,Children's social care,119.6,,carried_forward,cashable,statutory,tbd,,partial,
Lincolnshire,AppB-035,Children's SC budget summit: grant maximisation,Children's social care,140.8,,new,income,statutory,tbd,,yes,
Lincolnshire,AppB-036,Children's SC budget summit: commissioning review,Children's social care,176.3,,new,cashable,statutory,tbd,,yes,
Lincolnshire,AppB-037,Children's SC budget summit: operational efficiencies,Children's social care,190.3,,new,cashable,statutory,tbd,,yes,
Lincolnshire,AppB-038,Children's SC budget summit: operational efficiencies,Children's social care,225.9,,new,cashable,statutory,tbd,,yes,
Lincolnshire,AppB-039,Children's SC budget summit: grant maximisation,Children's social care,448.0,,new,income,statutory,tbd,,yes,
Lincolnshire,AppB-040,Children's SC budget summit: operational efficiencies,Children's social care,456.5,,new,cashable,statutory,tbd,,yes,
Lincolnshire,AppB-041,Children in Care transformation programme,Children's social care,2912.2,,carried_forward,cashable,statutory,tbd,,no,
Lincolnshire,AppB-042,Fire telecoms infrastructure review,Central services,12.0,,unclear,cashable,discretionary,tbd,,partial,
Lincolnshire,AppB-043,Fire discontinue telephony land lines,Central services,21.0,,carried_forward,cashable,discretionary,tbd,,partial,
Lincolnshire,AppB-044,Fire budget summit: service efficiencies,Central services,40.3,,new,cashable,discretionary,tbd,,yes,
Lincolnshire,AppB-045,Fire operations support efficiencies,Central services,61.5,,new,cashable,discretionary,tbd,,yes,
Lincolnshire,AppB-046,Communities: fees + reduce library hub contingency,Environmental & regulatory,65.0,,new,cashable,discretionary,tbd,,yes,
Lincolnshire,AppB-047,Communities: remove pay/NI on grant-funded service,Environmental & regulatory,30.5,,unclear,cashable,discretionary,tbd,,partial,
Lincolnshire,AppB-048,Communities: planning application fee income,Planning & development,60.0,,new,income,discretionary,tbd,,yes,
Lincolnshire,AppB-049,Communities: Planning Performance Agreement rate,Planning & development,100.0,,new,income,discretionary,tbd,,yes,
Lincolnshire,AppB-050,Communities: reduce non-statutory community heritage,Cultural & related,134.0,,new,cashable,discretionary,tbd,,yes,DOGE-flag: cut to non-statutory community heritage (cultural).
Lincolnshire,AppB-051,Communities: PPA income,Planning & development,150.0,,new,income,discretionary,tbd,,yes,
Lincolnshire,AppB-052,Communities: reduced EfW tonnage (wheelie bins),Environmental & regulatory,22.0,,unclear,cashable,discretionary,tbd,,partial,
Lincolnshire,AppB-053,Communities: HWRC reuse/repaint,Environmental & regulatory,30.0,,new,cashable,discretionary,tbd,,yes,
Lincolnshire,AppB-054,Communities: waste disposal growth,Environmental & regulatory,43.3,,unclear,cashable,discretionary,tbd,,partial,
Lincolnshire,AppB-055,Communities: reduced MDR cost,Environmental & regulatory,131.4,,unclear,cashable,discretionary,tbd,,partial,
Lincolnshire,AppB-056,Communities: paper/card recycling income,Environmental & regulatory,459.7,,unclear,income,discretionary,tbd,,partial,
Lincolnshire,AppB-057,Communities: reduced EfW tonnage (food waste),Environmental & regulatory,1670.7,,unclear,cashable,discretionary,tbd,,partial,
Lincolnshire,AppB-058,Growth: sell Mablethorpe Coastal Centre,Planning & development,4.0,,new,cashable,discretionary,tbd,,yes,
Lincolnshire,AppB-059,Growth: sell Long Sutton Market House,Planning & development,6.1,,new,cashable,discretionary,tbd,,yes,
Lincolnshire,AppB-060,Growth: service charge external parties,Planning & development,50.0,,new,income,discretionary,tbd,,yes,
Lincolnshire,AppB-061,Growth: service charge external parties,Planning & development,50.0,,new,income,discretionary,tbd,,yes,
Lincolnshire,AppB-062,Highways: skips/scaffold licence review,Highways & transport,5.0,,new,income,discretionary,tbd,,yes,
Lincolnshire,AppB-063,Highways: remove BSi accreditation,Highways & transport,20.0,,new,cashable,discretionary,tbd,,yes,
Lincolnshire,AppB-064,Highways: H-bars charging,Highways & transport,25.0,,new,income,discretionary,tbd,,yes,
Lincolnshire,AppB-065,Highways: stop street lighting night scout,Highways & transport,25.0,,unclear,cashable,discretionary,tbd,,partial,Reduced street lighting maintenance.
Lincolnshire,AppB-066,Highways: retire ProjectWise,Highways & transport,48.0,,new,cashable,discretionary,tbd,,yes,
Lincolnshire,AppB-067,Highways: reduced street lighting reactive maint,Highways & transport,50.0,,new,cashable,discretionary,tbd,,yes,Reduced street lighting maintenance.
Lincolnshire,AppB-068,Highways: reduced street lighting routine maint,Highways & transport,50.0,,new,cashable,discretionary,tbd,,yes,Reduced street lighting maintenance.
Lincolnshire,AppB-069,Highways maintenance efficiencies,Highways & transport,54.2,,new,cashable,discretionary,tbd,,yes,
Lincolnshire,AppB-070,Highways efficiency target share,Highways & transport,66.8,,carried_forward,cashable,discretionary,tbd,,partial,
Lincolnshire,AppB-071,Highways maintenance efficiencies,Highways & transport,78.2,,new,cashable,discretionary,tbd,,yes,
Lincolnshire,AppB-072,Highways: fault timescale policy + fees,Highways & transport,85.5,,new,cashable,discretionary,tbd,,yes,
Lincolnshire,AppB-073,Highways maintenance efficiencies,Highways & transport,134.6,,new,cashable,discretionary,tbd,,yes,
Lincolnshire,AppB-074,Highways: FPN charge increase,Highways & transport,200.0,,new,income,discretionary,tbd,,yes,
Lincolnshire,AppB-075,Highways: NRSWA TTRO income,Highways & transport,1248.0,,unclear,income,discretionary,tbd,,partial,
Lincolnshire,AppB-076,GLLEP cessation budget reduction,Planning & development,343.4,,new,cashable,discretionary,tbd,,yes,DOGE-flag: abolition of Greater Lincolnshire LEP funding.
Lincolnshire,AppB-077,Corporate Property efficiency target share,Central services,27.5,,unclear,cashable,discretionary,tbd,,partial,
Lincolnshire,AppB-078,Corporate Property efficiency proposals,Central services,74.0,,new,cashable,discretionary,tbd,,yes,
Lincolnshire,AppB-079,Corporate Property income + efficiencies,Central services,83.0,,new,income,discretionary,tbd,,yes,
Lincolnshire,AppB-080,Corporate Property grant maximisation,Central services,94.0,,new,income,discretionary,tbd,,yes,
Lincolnshire,AppB-081,Corporate Property rationalisation (prior MTFP),Central services,507.4,,carried_forward,cashable,discretionary,tbd,,no,
Lincolnshire,AppB-082,Corporate Property energy price reduction,Central services,980.4,,unclear,cashable,discretionary,tbd,,no,External energy price fall.
Lincolnshire,AppB-083,Corporate Services efficiency target share,Central services,4.4,,carried_forward,cashable,discretionary,tbd,,partial,
Lincolnshire,AppB-084,Finance efficiency target share,Central services,11.2,,carried_forward,cashable,discretionary,tbd,,partial,
Lincolnshire,AppB-085,Finance budget summit: operational efficiencies,Central services,45.0,,new,cashable,discretionary,tbd,,yes,Vacant posts/underused budgets (footnote).
Lincolnshire,AppB-086,Finance budget summit: operational efficiencies,Central services,105.7,,new,cashable,discretionary,tbd,,yes,Vacant posts/underused budgets (footnote).
Lincolnshire,AppB-087,Finance budget summit: operational efficiencies,Central services,140.0,,new,cashable,discretionary,tbd,,yes,Vacant posts/underused budgets (footnote).
Lincolnshire,AppB-088,Governance efficiency target share,Central services,3.8,,carried_forward,cashable,discretionary,tbd,,partial,
Lincolnshire,AppB-089,Governance budget summit: operational efficiencies,Central services,53.5,,new,cashable,discretionary,tbd,,yes,Vacant posts/underused budgets (footnote).
Lincolnshire,AppB-090,Governance budget summit: operational efficiencies,Central services,60.0,,new,cashable,discretionary,tbd,,yes,Vacant posts/underused budgets (footnote).
Lincolnshire,AppB-091,Governance income + efficiencies,Central services,71.5,,new,income,discretionary,tbd,,yes,
Lincolnshire,AppB-092,IMT efficiency target share,Central services,24.6,,carried_forward,cashable,discretionary,tbd,,partial,
Lincolnshire,AppB-093,IMT budget summit: operational efficiencies,Central services,322.7,,new,cashable,discretionary,tbd,,yes,Vacant posts/underused budgets (footnote).
Lincolnshire,AppB-094,IMT Boole programme cost reduction,Central services,363.0,,unclear,cashable,discretionary,tbd,,partial,
Lincolnshire,AppB-095,IMT budget summit: operational efficiencies,Central services,480.3,,new,cashable,discretionary,tbd,,yes,Vacant posts/underused budgets (footnote).
Lincolnshire,AppB-096,Org Support efficiency target share,Central services,22.4,,carried_forward,cashable,discretionary,tbd,,partial,
Lincolnshire,AppB-097,Org Support budget summit: operational efficiencies,Central services,79.0,,new,cashable,discretionary,tbd,,yes,Vacant posts/underused budgets (footnote).
Lincolnshire,AppB-098,Org Support salary sacrifice income,Central services,85.0,,unclear,income,discretionary,tbd,,partial,
Lincolnshire,AppB-099,Org Support budget summit: income,Central services,85.0,,new,income,discretionary,tbd,,yes,
Lincolnshire,AppB-100,Org Support digital optimisation,Central services,244.1,,new,cashable,discretionary,tbd,,yes,
Lincolnshire,AppB-101,Org Support budget summit: income,Central services,266.0,,new,income,discretionary,tbd,,yes,
Lincolnshire,AppB-102,Org Support income + efficiencies,Central services,746.7,,new,income,discretionary,tbd,,yes,
Lincolnshire,AppB-103,Transformation efficiency target share,Central services,7.3,,carried_forward,cashable,discretionary,tbd,,partial,
Lincolnshire,AppB-104,Transformation budget summit: operational efficiencies,Central services,100.0,,new,cashable,discretionary,tbd,,yes,Vacant posts/underused budgets (footnote).
Lincolnshire,AppB-105,Capital Financing efficiency target share,Central services,61.1,,carried_forward,cashable,discretionary,tbd,,partial,
Lincolnshire,AppB-106,Capital financing charges (programme review),Central services,1000.0,,unclear,cashable,discretionary,tbd,,no,Technical capital-financing saving.
Lincolnshire,AppB-107,Other Budgets: disposals,Central services,28.0,,unclear,cashable,discretionary,tbd,,partial,
Lincolnshire,AppB-108,Other Budgets efficiency target share,Central services,72.1,,carried_forward,cashable,discretionary,tbd,,partial,
Lincolnshire,AppB-109,Other Budgets: County Farm disposals,Central services,170.3,,unclear,cashable,discretionary,tbd,,partial,County Farms estate disposal.
Lincolnshire,AppB-110,Other Budgets: ESPO dividend,Central services,600.0,,unclear,income,discretionary,tbd,,no,
Lincolnshire,AppB-111,Senior management restructure,Central services,1000.0,,new,cashable,discretionary,tbd,,yes,DOGE-flag: senior management restructure; £1m held centrally.
Lincolnshire,AppB-112,Employer pension contribution rate cut 24.1%->17.8%,Central services,9005.6,,new,cashable,discretionary,tbd,,no,"Largest line; external actuarial pension-rate cut, not an efficiency."
Nottinghamshire,AppB-Care&Support,"Adult Social Care demographic demand mitigation: prevention, community-based support, outcome-based commissioning, right-sized teams",Adult social care,10800.0,21300.0,new,cost_avoidance,statutory,tbd,,partial,"Largest mitigation. Demand-management/cost-avoidance, not a cashable cut."
Nottinghamshire,AppB-ExternalPlacements,"External placements for Looked After Children: early intervention/reunification, more foster carers, expand internal children's homes",Children's social care,5840.0,17520.0,new,cost_avoidance,statutory,tbd,,partial,Cost-avoidance vs high-cost external placements; pre-existing sufficiency strategy.
Nottinghamshire,AppB-SocialWorkStaffing,"Children's social work staffing: reduced agency spend, more permanent recruitment",Children's social care,89.0,89.0,new,cashable,statutory,tbd,,partial,DOGE-flag (workforce): agency reduction. One-off 2026/27.
Nottinghamshire,AppB-EHCP,"EHCPs (SEND): process improvement, graduated response, earlier identification",Education,311.0,653.0,new,cost_avoidance,statutory,tbd,,partial,High Needs/SEND demand mitigation; DSG deficit recovery.
Nottinghamshire,AppB-SENDTransport,SEND home-to-school transport: efficiency review + potential policy change subject to consultation,Highways & transport,0.0,2750.0,new,cost_avoidance,discretionary,tbd,,partial,"£0 in 2026/27; £1,830k 2027/28, £920k 2028/29. Potential service reduction pending consultation."
Nottinghamshire,AppB-HomeToSchoolTransport,Mainstream home-to-school transport efficiencies via Cabinet Efficiency Review Group,Highways & transport,0.0,900.0,new,cashable,discretionary,tbd,,partial,DOGE-flag: via 'Cabinet Efficiency Review Group'. £0 in 2026/27.
Nottinghamshire,AppB-ViaHighways,Reduction in Via highways contract cost,Highways & transport,1000.0,1000.0,new,cashable,discretionary,tbd,,partial,Cashable contract-cost reduction; one-off 2026/27.
Nottinghamshire,Para77-PrevApproved,MTFS 'previously approved savings options totalling £7.4m from 2026/27' - no breakdown published,Central services,7400.0,,carried_forward,unclear,discretionary,tbd,,no,Previously approved (pre-Reform MTFS); no breakdown; service_area placeholder.
Staffordshire,,ASC Care Commissioning - approved Feb 2025 (carried),Adult social care,2750.0,2750.0,carried_forward,unclear,statutory,tbd,,no,
Staffordshire,,ASC assessment assurance + care-home placement cost control,Adult social care,8900.0,8900.0,new,cashable,statutory,tbd,,yes,Largest single saving.
Staffordshire,,Productivity saving applied to ASC market,Adult social care,1924.0,2101.0,new,cashable,statutory,tbd,,yes,
Staffordshire,,Care Director replacement system (ICT offset),Adult social care,0.0,300.0,new,cashable,statutory,tbd,,yes,
Staffordshire,,ASC & Safeguarding productivity improvements,Adult social care,400.0,400.0,new,cashable,statutory,tbd,,yes,
Staffordshire,,Children in Care - approved Feb 2025 (carried),Children's social care,3000.0,8500.0,carried_forward,unclear,statutory,tbd,,no,
Staffordshire,,Children in Care transformation - reprofiling/slippage,Children's social care,-1400.0,100.0,carried_forward,unclear,statutory,tbd,,no,NEGATIVE: inherited saving delivery pushed later.
Staffordshire,,Inclusive Education (SEND) - approved Feb 2025 (carried),Education,2115.0,7135.0,carried_forward,unclear,statutory,tbd,,no,
Staffordshire,,DSG transport shortfall vs assumed saving,Education,-200.0,-800.0,carried_forward,unclear,statutory,tbd,,no,NEGATIVE: SEND transport saving not delivered.
Staffordshire,,"SEND transport policy review (occupancy, personal budgets)",Education,700.0,1600.0,new,cashable,statutory,tbd,,yes,
Staffordshire,,Reduced historical teachers pension liability,Education,50.0,350.0,new,cashable,statutory,tbd,,yes,
Staffordshire,,Increase ESG top-slice from DSG,Education,0.0,40.0,new,income,statutory,tbd,,yes,
Staffordshire,,Remove excess property charges on surplus assets,Education,0.0,0.0,new,cashable,statutory,tbd,,yes,
Staffordshire,,Management review and restructure (net cost line),Education,-75.0,-75.0,new,unclear,statutory,tbd,,unclear,NEGATIVE: cost within cost-reduction section.
Staffordshire,,Performance & Assurance - approved Feb 2025 (carried),Children's social care,75.0,225.0,carried_forward,unclear,statutory,tbd,,no,
Staffordshire,,Performance & Assurance - process/debt saving erosion,Children's social care,-42.0,-87.0,carried_forward,unclear,statutory,tbd,,no,NEGATIVE: erosion of inherited saving.
Staffordshire,,Strategic Commissioning / early intervention - reversal,Children's social care,-1250.0,-750.0,carried_forward,unclear,statutory,tbd,,partial,NEGATIVE: inherited early-help saving unwound/reinvested.
Staffordshire,,I+ highways contract fee rebate (efficiency review),Highways & transport,300.0,300.0,new,cashable,discretionary,tbd,,yes,DOGE: efficiency-review contract rebate.
Staffordshire,,Review s38 highway agreement calculations,Highways & transport,30.0,30.0,new,income,discretionary,tbd,,yes,
Staffordshire,,Gully cleansing management efficiencies,Highways & transport,50.0,50.0,new,cashable,discretionary,tbd,,yes,
Staffordshire,,Intelligent Transport Systems - LED,Highways & transport,0.0,75.0,new,cashable,discretionary,tbd,,yes,
Staffordshire,,Small fleet review,Highways & transport,0.0,50.0,new,cashable,discretionary,tbd,,yes,
Staffordshire,,Review street furniture replacement criteria,Highways & transport,50.0,50.0,new,cashable,discretionary,tbd,,yes,
Staffordshire,,Highway tree management - phase 2,Highways & transport,50.0,50.0,new,cashable,discretionary,tbd,,yes,Green-service reduction (tree management).
Staffordshire,,Reduction to winter service (grit bins),Highways & transport,30.0,30.0,new,cashable,discretionary,tbd,,yes,Service reduction (winter gritting).
Staffordshire,,Post-PFI streetlighting,Highways & transport,0.0,600.0,new,cashable,discretionary,tbd,,yes,
Staffordshire,,School crossing patrol efficiencies,Highways & transport,47.0,47.0,new,cashable,discretionary,tbd,,yes,Service reduction (school crossing patrols).
Staffordshire,,Transport/Connectivity/Waste - approved Feb 2025 (carried),Highways & transport,0.0,1000.0,carried_forward,unclear,discretionary,tbd,,no,
Staffordshire,,Bring forward concessionary fares saving,Highways & transport,1000.0,500.0,new,cashable,discretionary,tbd,,yes,
Staffordshire,,Sustainability service efficiencies,Environmental & regulatory,45.0,45.0,new,cashable,discretionary,tbd,,yes,DOGE/climate: sustainability team efficiency.
Staffordshire,,Bring forward W2R increased revenue,Environmental & regulatory,500.0,0.0,new,income,discretionary,tbd,,yes,
Staffordshire,,Recycling credits - powers of direction,Environmental & regulatory,0.0,500.0,new,income,discretionary,tbd,,yes,
Staffordshire,,"Culture, Rural & Communities - approved Feb 2025 (carried)",Cultural & related,10.0,135.0,carried_forward,unclear,discretionary,tbd,,no,
Staffordshire,,Environment & Countryside and Archives efficiencies,Cultural & related,29.0,29.0,new,cashable,discretionary,tbd,,yes,
Staffordshire,,Community Safety review of contracts,Central services,42.0,42.0,new,cashable,discretionary,tbd,,yes,
Staffordshire,,Economic Development & Planning - approved Feb 2025 (carried),Planning & development,0.0,548.0,carried_forward,unclear,discretionary,tbd,,no,
Staffordshire,,Enterprise Centres increased income,Planning & development,100.0,100.0,new,income,discretionary,tbd,,yes,
Staffordshire,,Business & Enterprise non-employee budget efficiencies,Planning & development,54.0,54.0,new,cashable,discretionary,tbd,,yes,
Staffordshire,,Skills - approved Feb 2025 (carried),Education,0.0,86.0,carried_forward,unclear,statutory,tbd,,no,
Staffordshire,,Skills - third-party staff funding income,Education,68.0,68.0,new,income,statutory,tbd,,yes,
Staffordshire,,Free up Grant (one-off),Central services,395.0,0.0,new,income,discretionary,tbd,,yes,
Staffordshire,,Assets - approved Feb 2025 (carried),Central services,150.0,150.0,carried_forward,unclear,discretionary,tbd,,no,
Staffordshire,,Review pooled buildings budgets (gas & electric),Central services,750.0,750.0,new,cashable,discretionary,tbd,,yes,
Staffordshire,,Review income and staffing across Audit,Central services,100.0,100.0,new,cashable,discretionary,tbd,,yes,DOGE: audit income & staffing reduction.
Staffordshire,,Investment Programme Saving - remove tree planting,Environmental & regulatory,250.0,0.0,new,cashable,discretionary,tbd,,yes,DOGE/climate: removal of tree-planting investment programme.
Staffordshire,,People (HR) - approved Feb 2025 (carried),Central services,34.0,34.0,carried_forward,unclear,discretionary,tbd,,no,
Staffordshire,,Communications & Marketing - approved Feb 2025 (carried),Central services,82.0,86.0,carried_forward,unclear,discretionary,tbd,,no,DOGE-flag (comms/PR); carried-forward.
Staffordshire,,Return of Grant (one-off),Central services,207.0,0.0,new,income,discretionary,tbd,,yes,
Staffordshire,,Review of VCSE contract (efficiency review),Central services,150.0,150.0,new,cashable,discretionary,tbd,,yes,DOGE: efficiency-review VCSE contract.
