name,total_speeches,immigration_speeches,immigration_speech_proportion,reform_alignment,hardline_ratio,radicalization_slope,trend_strength,current_alignment,starting_alignment,alignment_change,extremism_percentile
Suella Braverman,1015,273,0.269,0.3032,0.2923,-0.0017,0.0095,0.0,0.0,0.0,98.9
Damian Hinds,1123,25,0.0223,0.1371,0.2308,0.002,0.0648,0.0,0.0,0.0,39.5
Nigel Mills,341,9,0.0264,0.0733,0.4615,-0.0011,0.0358,0.0,0.0,0.0,6.3
Mel Stride,1416,71,0.0501,0.0937,0.2105,-0.0004,0.0012,0.0,0.0,0.0,15.1
Ben Spencer,322,22,0.0683,0.1454,0.1364,0.0034,0.0691,0.0,0.0,0.0,44.1
Geoffrey Clifton-Brown,380,12,0.0316,0.192,0.2941,0.0023,0.0441,0.0,0.0,0.0,67.7
Kelly Tolhurst,366,21,0.0574,0.1752,0.0833,0.0015,0.0202,0.2286,0.0,0.2286,58.9
Edward Timpson,203,6,0.0296,0.0864,-0.0833,-0.0007,0.0072,0.0,0.0,0.0,11.5
Mark Harper,783,39,0.0498,0.1778,0.3889,-0.0046,0.2173,0.0,0.0,0.0,61.1
Neil Parish,316,24,0.0759,0.1673,0.2,-0.0014,0.01,0.0,0.0,0.0,55.1
Matthew Offord,235,11,0.0468,0.1543,0.0968,0.0019,0.052,0.2177,0.0,0.2177,49.6
Gillian Keegan,734,14,0.0191,0.1464,0.0303,-0.0038,0.1518,0.0,0.0,0.0,44.7
Suzanne Webb,180,9,0.05,0.2452,0.0833,0.0046,0.033,0.0,0.0,0.0,93.4
John Howell,355,12,0.0338,0.1024,0.1333,0.0017,0.0413,0.0,0.0,0.0,19.5
Wendy Morton,709,24,0.0339,0.196,0.2766,0.0044,0.2137,0.3666,0.0,0.3666,69.6
Robert Neill,903,23,0.0255,0.142,0.3158,0.0035,0.1856,0.1506,0.0,0.1506,42.5
David Johnston,274,6,0.0219,0.1069,0.3103,-0.0016,0.0092,0.0,0.0193,-0.0193,21.1
Rishi Sunak,3507,189,0.0539,0.2539,0.3333,0.0025,0.0479,0.0,0.0,0.0,95.6
Craig Whittaker,145,5,0.0345,0.1787,0.0476,0.0018,0.0242,0.0,0.0,0.0,61.6
Craig Tracey,169,12,0.071,0.2619,0.4286,-0.0018,0.0194,0.0,0.0,0.0,97.3
John Redwood,1012,70,0.0692,0.1613,0.4667,0.0001,0.0,0.3889,0.0,0.3889,52.6
Angela Richardson,124,10,0.0806,0.1355,0.2667,0.0006,0.0009,0.0,0.0,0.0,38.4
Shailesh Vara,246,13,0.0528,0.1352,-0.0526,0.004,0.1352,0.0,0.0,0.0,37.5
Gavin Williamson,1730,24,0.0139,0.1207,0.1875,0.0008,0.0071,0.0,0.0,0.0,28.8
Tim Loughton,677,103,0.1521,0.2209,0.3,0.0061,0.3921,0.2347,0.0496,0.1851,86.8
Ben Everitt,188,6,0.0319,0.2569,0.3571,-0.0053,0.0714,0.0,0.0,0.0,95.9
Julian Sturdy,127,2,0.0157,0.0879,0.0,0.0004,0.015,0.0,0.0,0.0,12.9
David Duguid,388,20,0.0515,0.1895,0.0769,-0.0007,0.0044,0.2005,0.0,0.2005,66.6
Robert Jenrick,1748,419,0.2397,0.3055,0.3889,0.0057,0.3011,0.0,0.0,0.0,99.2
John Baron,339,23,0.0678,0.1634,0.1852,0.0005,0.0016,0.177,0.095,0.082,53.7
John Whittingdale,594,28,0.0471,0.1904,0.2,-0.0022,0.0946,0.0,0.2368,-0.2368,66.8
Craig Williams,148,15,0.1014,0.0466,0.1111,-0.0002,0.0004,0.0,0.0,0.0,2.5
Peter Aldous,438,12,0.0274,0.2214,0.2571,-0.0024,0.0603,0.0,0.0,0.0,87.4
Craig Mackinlay,210,19,0.0905,0.1545,0.28,0.0051,0.1397,0.0,0.0,0.0,50.1
Dean Russell,203,8,0.0394,0.1389,0.1875,-0.0019,0.023,0.0,0.0,0.0,40.8
Trudy Harrison,272,4,0.0147,0.2033,0.0769,-0.0024,0.0381,0.0,0.1613,-0.1613,75.3
Dan Poulter,122,2,0.0164,0.0248,0.2941,-0.0003,0.1035,0.0,0.0,0.0,1.1
James Daly,275,16,0.0582,0.2127,0.2308,0.0129,0.3163,0.2385,0.0,0.2385,81.6
Sarah Atherton,141,6,0.0426,0.0133,0.0667,-0.0003,0.0454,0.0,0.0,0.0,0.8
David Davis,1510,100,0.0662,0.1971,0.2549,-0.0029,0.0679,0.0,0.3043,-0.3043,71.0
Rachel Maclean,858,19,0.0221,0.2184,0.2857,0.0004,0.0005,0.3493,0.0,0.3493,85.5
Mims Davies,915,14,0.0153,0.1568,0.125,0.0016,0.0724,0.0,0.0,0.0,51.0
Richard Fuller,562,23,0.0409,0.1972,0.2632,-0.001,0.01,0.0,0.0,0.0,71.2
Priti Patel,1692,313,0.185,0.113,0.3235,0.0001,0.0001,0.0,0.0,0.0,24.4
Alex Chalk,1020,34,0.0333,0.171,0.3043,0.002,0.0428,0.2164,0.0,0.2164,57.3
Robin Walker,1101,56,0.0509,0.1156,0.0909,-0.0031,0.2138,0.0,0.0,0.0,25.8
Brandon Lewis,877,54,0.0616,0.1274,0.2093,0.0002,0.0006,0.0,0.0,0.0,34.0
Paul Howell,170,4,0.0235,0.1351,0.1818,0.0027,0.0245,0.0,0.0,0.0,37.3
Adam Holloway,118,7,0.0593,0.1438,-0.0435,0.0043,0.0258,0.0,0.0,0.0,43.3
Kevin Hollinrake,1546,40,0.0259,0.1312,0.2609,-0.0011,0.0158,0.0,0.0,0.0,35.6
James Sunderland,397,16,0.0403,0.2188,0.2308,-0.0091,0.1841,0.0,0.0,0.0,86.0
Mark Pawsey,432,9,0.0208,0.1598,0.0,-0.0008,0.0085,0.0,0.0,0.0,52.3
Jacob Young,420,23,0.0548,0.2371,0.1905,-0.0014,0.0024,0.0,0.0,0.0,91.8
Darren Henry,101,3,0.0297,0.0789,0.0833,0.0,0.0,0.0,0.0,0.0,7.9
Alun Cairns,745,40,0.0537,0.0902,0.1613,-0.0002,0.0008,0.0,0.0,0.0,14.0
Paul Scully,980,23,0.0235,0.1342,0.1905,-0.0009,0.0096,0.0,0.2061,-0.2061,37.0
Robert Halfon,802,19,0.0237,0.1018,0.1667,0.0005,0.004,0.0,0.0,0.0,18.9
Jonathan Lord,31,1,0.0323,0.087,-0.3333,-0.0003,0.0038,0.0,0.0,0.0,12.1
Derek Thomas,187,9,0.0481,0.1971,0.25,-0.0014,0.0232,0.0,0.0,0.0,70.7
Gordon Henderson,76,3,0.0395,0.2359,0.5556,0.003,0.0667,0.0,0.0,0.0,91.2
Aaron Bell,376,28,0.0745,0.2245,0.4468,-0.0043,0.0404,0.0,0.0,0.0,87.9
Elizabeth Truss,1645,39,0.0237,0.1286,0.2558,0.0058,0.1827,0.43,0.0,0.43,34.5
Marco Longhi,305,26,0.0852,0.2104,0.3143,0.0089,0.1514,0.3313,0.0,0.3313,80.5
Oliver Heald,311,6,0.0193,0.0867,0.1034,0.0006,0.0141,0.0,0.0,0.0,11.8
Duncan Baker,285,16,0.0561,0.1844,0.2105,-0.0008,0.0017,0.0,0.0,0.0,63.8
Dominic Raab,2459,143,0.0582,0.1701,0.2245,-0.0008,0.0078,0.0,0.0574,-0.0574,56.7
Greg Knight,139,0,0.0,0.0,0.4,0.0,,0.0,0.0,0.0,0.0
Michael Gove,2670,92,0.0345,0.1092,0.1628,0.0001,0.0001,0.0,0.0,0.0,21.9
Laurence Robertson,270,9,0.0333,0.1765,0.3077,0.0013,0.0212,0.0,0.0,0.0,60.3
Fiona Bruce,424,13,0.0307,0.1421,0.1795,0.0003,0.0018,0.0,0.0,0.0,42.7
Kemi Badenoch,1203,45,0.0374,0.2193,0.2766,0.0034,0.0743,0.0,0.0861,-0.0861,86.3
Julian Lewis,1289,47,0.0365,0.1214,0.3469,0.0015,0.049,0.0,0.0,0.0,29.3
Paul Maynard,394,6,0.0152,0.1382,0.12,-0.0011,0.031,0.0,0.0,0.0,40.0
James Grundy,70,3,0.0429,0.095,0.4118,-0.0008,0.0052,0.0,0.0,0.0,16.2
Stephen Barclay,673,27,0.0401,0.0861,-0.0435,0.0129,0.349,0.224,0.0,0.224,11.2
Chris Grayling,1653,76,0.046,0.1382,0.0286,-0.0027,0.1079,0.0,0.0,0.0,39.7
James Davies,252,12,0.0476,0.1125,0.3636,0.0022,0.0474,0.0,0.0,0.0,23.8
Danny Kruger,349,30,0.086,0.1955,0.3043,0.0027,0.03,0.0,0.0,0.0,69.3
Nicola Richards,114,6,0.0526,0.2144,0.4783,-0.0116,0.3173,0.0,0.0,0.0,82.7
Kit Malthouse,1436,26,0.0181,0.1034,0.1163,0.0014,0.0617,0.0,0.0,0.0,20.3
Tracey Crouch,181,7,0.0387,0.2309,0.0323,-0.0035,0.0569,0.0,0.0,0.0,89.0
Karl McCartney,174,2,0.0115,0.1798,0.0526,-0.0008,0.0039,0.0,0.0,0.0,62.7
Adam Afriyie,98,2,0.0204,0.1237,0.3333,0.0002,0.0032,0.0,0.0,0.0,30.4
Bob Stewart,680,29,0.0426,0.1251,0.0,0.0012,0.011,0.0,0.0,0.0,32.6
Alexander Stafford,455,43,0.0945,0.2196,0.4,0.0024,0.015,0.1135,0.0,0.1135,86.6
David Warburton,51,1,0.0196,0.2057,0.0667,-0.0009,0.0071,0.0,0.0,0.0,77.5
David Mundell,771,61,0.0791,0.1778,0.1333,-0.0007,0.009,0.0,0.1653,-0.1653,60.8
Luke Hall,281,2,0.0071,0.1081,0.0,0.0,0.0,0.0,0.0,0.0,21.6
David Evennett,271,11,0.0406,0.1993,0.0435,0.0038,0.1177,0.2048,0.0,0.2048,73.4
Flick Drummond,288,11,0.0382,0.1628,0.3333,-0.0007,0.0032,0.0,0.0,0.0,53.2
Maria Miller,574,13,0.0226,0.125,0.1892,-0.0021,0.0526,0.0,0.0,0.0,32.3
Scott Mann,196,14,0.0714,0.2429,0.0,-0.0023,0.0128,0.0,0.249,-0.249,92.9
Stuart Anderson,194,5,0.0258,0.0695,-0.0667,-0.0059,0.0674,0.0972,0.0,0.0972,5.2
Greg Hands,856,31,0.0362,0.0821,0.25,0.0037,0.1274,0.2095,0.0,0.2095,9.3
Christian Wakeford,262,13,0.0496,0.171,0.1176,-0.0042,0.1308,0.0,0.0,0.0,57.0
Philip Davies,471,23,0.0488,0.1658,0.3529,-0.0012,0.0133,0.1802,0.0,0.1802,54.8
Brendan Clarke-Smith,160,19,0.1187,0.2171,0.375,-0.0047,0.0391,0.0,0.1342,-0.1342,83.8
Jeremy Wright,630,27,0.0429,0.1448,0.1765,0.001,0.0263,0.0,0.0,0.0,43.8
James Morris,127,3,0.0236,0.1589,0.1111,-0.0026,0.0578,0.0,0.0,0.0,52.1
Martin Vickers,655,13,0.0198,0.1866,0.3846,-0.0012,0.0229,0.0,0.0,0.0,64.9
James Cartlidge,1167,39,0.0334,0.2088,0.3529,-0.0005,0.0035,0.0955,0.0,0.0955,79.2
Rob Butler,339,12,0.0354,0.1469,0.2258,0.0033,0.0427,0.0,0.0,0.0,44.9
Mark Pritchard,288,14,0.0486,0.175,0.1613,0.0024,0.0628,0.0,0.0,0.0,58.6
Lia Nici,133,12,0.0902,0.1979,0.2,0.0102,0.1687,0.0,0.0,0.0,72.9
Jeremy Hunt,2127,22,0.0103,0.1862,0.2105,-0.0032,0.1641,0.0,0.0,0.0,64.1
Rehman Chishti,286,22,0.0769,0.1788,0.0667,0.0039,0.1104,0.0,0.0,0.0,62.2
Robert Syms,129,12,0.093,0.2576,0.2593,0.0066,0.18,0.0,0.0,0.0,96.2
Damian Collins,269,35,0.1301,0.1976,0.2121,0.0021,0.0411,0.1357,0.1206,0.0151,72.6
Andrew Lewer,137,3,0.0219,0.1399,0.1579,0.0014,0.04,0.0,0.0,0.0,41.1
Tom Pursglove,907,184,0.2029,0.2411,0.2727,0.0022,0.0359,0.0864,0.0,0.0864,92.3
Selaine Saxby,366,15,0.041,0.1561,0.0968,-0.0038,0.0392,0.0,0.0,0.0,50.4
Michael Tomlinson,522,79,0.1513,0.2325,0.3171,0.005,0.1512,0.2231,0.0,0.2231,89.9
Simon Jupp,134,5,0.0373,0.1311,0.0526,-0.004,0.0844,0.0,0.202,-0.202,35.3
Edward Leigh,1040,128,0.1231,0.2723,0.4545,0.0036,0.1354,0.1717,0.0,0.1717,97.5
Joy Morrissey,274,14,0.0511,0.1418,0.2,0.0004,0.0003,0.3195,0.0316,0.2879,42.2
Julian Knight,266,6,0.0226,0.1881,0.0769,-0.0,0.0,0.0,0.0,0.0,65.5
James Brokenshire,1085,107,0.0986,0.1579,0.0476,-0.0032,0.055,0.0,0.1617,-0.1617,51.2
Marcus Fysh,189,23,0.1217,0.1253,0.28,-0.0002,0.0006,0.0,0.0,0.0,32.9
Laura Farris,325,25,0.0769,0.2261,0.3043,0.0112,0.2438,0.1418,0.0,0.1418,88.8
Crispin Blunt,360,18,0.05,0.1144,0.2,-0.0005,0.0038,0.0,0.0,0.0,24.7
Marcus Jones,276,9,0.0326,0.1889,0.1667,0.005,0.077,0.0,0.0,0.0,65.8
Anne Marie Morris,93,5,0.0538,0.1447,0.5238,-0.0014,0.0128,0.0,0.0,0.0,43.6
Julia Lopez,476,24,0.0504,0.2091,0.4286,0.0128,0.5475,0.266,0.0,0.266,79.5
Royston Smith,68,1,0.0147,0.3193,0.0,-0.0012,0.0099,0.0,0.0,0.0,99.5
Natalie Elphicke,129,48,0.3721,0.2595,0.2683,-0.0031,0.0245,0.0,0.1179,-0.1179,96.7
Alister Jack,557,33,0.0592,0.1013,0.4286,0.0028,0.0665,0.0,0.0593,-0.0593,18.4
Ben Bradley,214,22,0.1028,0.234,0.4375,0.0032,0.0711,0.0,0.0,0.0,90.7
Peter Bone,697,40,0.0574,0.1914,0.3333,0.0057,0.1742,0.0,0.0,0.0,67.1
David Jones,354,32,0.0904,0.1823,0.3125,0.0024,0.0827,0.1179,0.0211,0.0968,63.3
Claire Coutinho,498,10,0.0201,0.0781,0.1875,-0.0011,0.0176,0.0,0.0,0.0,7.7
Richard Bacon,155,2,0.0129,0.1878,0.2941,-0.0008,0.0121,0.0,0.0,0.0,65.2
Stephen Hammond,397,7,0.0176,0.1503,0.2593,-0.0001,0.0002,0.0,0.0,0.0,46.0
David Amess,158,7,0.0443,0.1412,0.25,-0.0051,0.0526,0.0,0.0,0.0,41.9
Chris Loder,193,10,0.0518,0.2165,0.2941,-0.0043,0.0392,0.0,0.0,0.0,83.3
Nusrat Ghani,2457,21,0.0085,0.0919,0.122,-0.0008,0.0232,0.0,0.0,0.0,14.5
Vicky Ford,1234,88,0.0713,0.2094,0.2766,0.0021,0.0344,0.0,0.0,0.0,79.7
Andy Carter,308,16,0.0519,0.158,0.0909,0.0069,0.1148,0.0,0.0,0.0,51.5
Nadine Dorries,350,23,0.0657,0.2583,0.1579,0.0057,0.1084,0.2546,0.0,0.2546,96.4
Grant Shapps,1486,45,0.0303,0.1147,0.4,0.0022,0.0397,0.129,0.0668,0.0622,25.2
Tom Hunt,343,55,0.1603,0.1975,0.4182,0.002,0.0113,0.341,0.2742,0.0668,72.3
Mark Fletcher,165,3,0.0182,0.1895,0.1034,0.0048,0.0391,0.0,0.0,0.0,66.0
Lee Rowley,505,7,0.0139,0.1156,0.3333,0.0004,0.0038,0.0,0.0,0.0,25.5
Bob Seely,514,27,0.0525,0.1676,0.2558,0.0059,0.3043,0.1743,0.0,0.1743,55.3
Cheryl Gillan,111,3,0.027,0.094,0.1304,-0.0,0.0,0.0,0.0,0.0,15.3
Alicia Kearns,371,23,0.062,0.0959,0.1795,-0.0023,0.0529,0.0,0.1478,-0.1478,16.4
Steve Double,433,23,0.0531,0.2056,0.1053,0.003,0.0488,0.0,0.0,0.0,77.0
Kieran Mullan,379,17,0.0449,0.2173,0.3478,0.0003,0.0002,0.4019,0.1748,0.2271,84.1
Harriett Baldwin,827,32,0.0387,0.1101,0.1429,0.0003,0.0016,0.0,0.0,0.0,22.7
Andrew Percy,322,16,0.0497,0.1237,0.0667,0.0002,0.0009,0.1836,0.0,0.1836,30.1
Anthony Mangnall,368,12,0.0326,0.1973,0.0435,-0.0065,0.0563,0.0,0.0,0.0,71.5
Philip Dunne,706,21,0.0297,0.0842,0.375,-0.0011,0.0344,0.0,0.0,0.0,10.1
Nadhim Zahawi,931,16,0.0172,0.0841,0.1429,0.0002,0.0006,0.0,0.0,0.0,9.9
Eleanor Laing,3092,13,0.0042,0.1213,0.0714,0.0007,0.0121,0.143,0.0,0.143,29.0
Simon Hoare,878,33,0.0376,0.0984,0.0,0.001,0.0339,0.0,0.0,0.0,17.3
Alec Shelbrooke,434,22,0.0507,0.1532,0.3333,0.0027,0.0739,0.146,0.0,0.146,48.8
Michael Fabricant,563,26,0.0462,0.1974,0.0909,0.0018,0.0342,0.0,0.0,0.0,72.1
John Hayes,1235,86,0.0696,0.2804,0.4194,0.001,0.0099,0.0,0.0,0.0,98.4
Gareth Johnson,151,13,0.0861,0.137,0.0476,0.0012,0.0463,0.0,0.0,0.0,39.2
Simon Fell,154,15,0.0974,0.2175,0.2632,-0.0079,0.0907,0.0,0.2125,-0.2125,84.4
Alex Burghart,582,17,0.0292,0.1319,0.4857,0.0018,0.032,0.0,0.0,0.0,35.9
Nickie Aiken,244,7,0.0287,0.2044,-0.0625,0.0056,0.0903,0.0,0.0,0.0,76.7
Tom Randall,199,14,0.0704,0.2067,0.1613,0.003,0.0257,0.0,0.0,0.0,78.4
Bernard Jenkin,814,37,0.0455,0.117,0.2778,-0.0005,0.0031,0.0,0.0,0.0,26.6
John Lamont,658,145,0.2204,0.1803,0.1515,0.0018,0.0832,0.1418,0.1373,0.0046,63.0
Helen Grant,67,4,0.0597,0.2072,-0.0526,-0.0055,0.144,0.0,0.0,0.0,78.6
Geoffrey Cox,393,20,0.0509,0.1048,0.0833,-0.001,0.011,0.0,0.0,0.0,20.5
Stuart Andrew,586,16,0.0273,0.079,0.1613,-0.0019,0.0879,0.0,0.0,0.0,8.2
Bob Blackman,1388,59,0.0425,0.0608,0.2281,0.0003,0.0013,0.0,0.133,-0.133,4.1
Jesse Norman,1012,43,0.0425,0.1018,0.3939,-0.0011,0.0194,0.0,0.0,0.0,19.2
Anne-Marie Trevelyan,732,40,0.0546,0.1029,0.15,0.0033,0.1941,0.1072,0.0,0.1072,20.0
Andrew Jones,572,13,0.0227,0.0765,0.0968,-0.0002,0.0009,0.0,0.0,0.0,7.4
Thomas Tugendhat,720,35,0.0486,0.1692,0.2245,-0.0012,0.0179,0.0,0.0,0.0,55.9
Jake Berry,295,6,0.0203,0.0721,0.1579,-0.0007,0.0449,0.0,0.0,0.0,6.0
Theresa May,5375,474,0.0882,0.1166,0.3667,-0.0016,0.0428,0.0,0.069,-0.069,26.3
Jerome Mayhew,564,43,0.0762,0.1563,0.3778,-0.0018,0.0214,0.0,0.1337,-0.1337,50.7
Bim Afolami,330,3,0.0091,0.0483,0.1818,-0.0006,0.0939,0.0,0.0914,-0.0914,2.7
Maria Caulfield,791,14,0.0177,0.0858,0.1875,-0.0008,0.0116,0.0,0.0,0.0,10.7
Andrew Selous,826,25,0.0303,0.1327,0.2093,0.0018,0.04,0.0,0.0,0.0,36.4
Gregory Clark,1273,19,0.0149,0.1227,0.25,-0.0015,0.0502,0.0936,0.0,0.0936,29.9
Nick Fletcher,219,14,0.0639,0.279,0.3333,0.0191,0.4265,0.0,0.0,0.0,98.1
William Wragg,250,5,0.02,0.0556,0.3793,0.0012,0.1338,0.0,0.0,0.0,3.3
Elliot Colburn,213,5,0.0235,0.0907,0.0667,-0.0018,0.0407,0.0,0.0,0.0,14.2
Scott Benton,305,41,0.1344,0.2181,0.3333,-0.001,0.0026,0.0,0.0,0.0,85.2
Jason McCartney,279,5,0.0179,0.1245,-0.0476,0.0005,0.0073,0.0,0.0,0.0,31.5
Siobhan Baillie,227,10,0.0441,0.1464,0.0345,0.0047,0.0343,0.0,0.1262,-0.1262,44.4
Mark Logan,108,4,0.037,0.1501,0.1667,-0.0001,0.0,0.0,0.0,0.0,45.8
Victoria Prentis,514,16,0.0311,0.1509,0.2432,0.0011,0.0195,0.0,0.0,0.0,47.4
Stephen McPartland,79,1,0.0127,0.0875,0.2,-0.0004,0.0055,0.0,0.0,0.0,12.3
Michael Ellis,845,27,0.032,0.1629,0.3846,-0.0007,0.0022,0.0,0.0,0.0,53.4
Gary Sambrook,133,6,0.0451,0.2039,0.2593,-0.0043,0.0313,0.0,0.1139,-0.1139,76.4
Peter Gibson,278,5,0.018,0.2035,0.0556,-0.0046,0.1113,0.0,0.0,0.0,75.9
Kate Griffiths,47,0,0.0,0.0,0.3333,0.0,,0.0,0.0,0.0,0.0
Robert Buckland,1421,57,0.0401,0.1539,0.08,0.0061,0.3065,0.1521,0.0,0.1521,49.0
Caroline Dinenage,894,17,0.019,0.1917,0.2381,0.0006,0.0047,0.0,0.0,0.0,67.4
Neil O'Brien,590,29,0.0492,0.1489,0.2766,0.0036,0.0991,0.0,0.0,0.0,45.5
Matt Vickers,242,12,0.0496,0.2609,0.3333,0.0026,0.0257,0.0,0.0,0.0,97.0
Mark Spencer,854,31,0.0363,0.1506,-0.0857,0.0131,0.3577,0.0,0.0,0.0,46.3
Ian Liddell-Grainger,126,3,0.0238,0.0573,0.3333,0.0001,0.0009,0.0,0.0,0.0,3.8
Stephen Brine,789,18,0.0228,0.099,0.2222,0.0022,0.059,0.0,0.0,0.0,17.5
Nigel Evans,2448,21,0.0086,0.1657,0.1282,0.0009,0.012,0.0,0.0,0.0,54.5
James Cleverly,1618,208,0.1286,0.2523,0.3115,0.0014,0.0305,0.0,0.0,0.0,95.1
Saqib Bhatti,291,14,0.0481,0.2056,0.2973,-0.001,0.0051,0.0,0.0426,-0.0426,77.3
Gareth Davies,292,2,0.0068,0.0811,0.2143,0.0002,0.0072,0.0,0.0,0.0,8.8
Jack Lopresti,189,6,0.0317,0.1406,0.0667,-0.0019,0.0812,0.0,0.0,0.0,41.4
Andrew Bowie,748,41,0.0548,0.0895,0.2105,-0.0017,0.1026,0.0,0.0,0.0,13.7
Anthony Browne,233,8,0.0343,0.1245,0.2,0.0013,0.0104,0.0,0.0,0.0,31.8
Rebecca Pow,895,25,0.0279,0.11,0.1429,0.0007,0.0048,0.0,0.0,0.0,22.5
Kevin Foster,1196,168,0.1405,0.1517,0.2963,0.0021,0.069,0.1302,0.0,0.1302,47.9
John Penrose,482,8,0.0166,0.0934,0.2381,0.0008,0.0111,0.1255,0.0,0.1255,14.8
Michelle Donelan,624,33,0.0529,0.2181,0.1613,-0.0012,0.0109,0.0,0.0,0.0,84.9
Henry Smith,530,28,0.0528,0.1506,0.1795,0.0035,0.1138,0.1769,0.0,0.1769,46.6
Caroline Ansell,164,7,0.0427,0.2008,0.25,-0.0029,0.0401,0.0,0.1211,-0.1211,74.0
Cherilyn Mackrory,151,6,0.0397,0.1964,0.1538,-0.0129,0.3221,0.0,0.3424,-0.3424,69.9
David Simmonds,405,65,0.1605,0.1947,0.1667,0.0045,0.2099,0.0,0.075,-0.075,68.8
Daniel Kawczynski,284,28,0.0986,0.1111,0.2143,0.0023,0.0868,0.0,0.1909,-0.1909,23.3
Ian Levy,100,1,0.01,0.0,0.0,0.0,,0.0,0.0,0.0,0.0
Huw Merriman,841,34,0.0404,0.1122,0.0667,-0.0008,0.008,0.0,0.0,0.0,23.6
Felicity Buchan,380,7,0.0184,0.1924,0.0,-0.0034,0.0229,0.0,0.0,0.0,67.9
Leo Docherty,653,21,0.0322,0.0364,0.0526,-0.0,0.0,0.0,0.0,0.0,1.9
Mark Eastwood,106,6,0.0566,0.2727,0.1667,-0.0014,0.0041,0.0,0.0,0.0,97.8
Stephen Crabb,477,28,0.0587,0.1262,0.1111,0.0004,0.0016,0.0,0.0,0.0,33.2
Laura Trott,338,1,0.003,0.5781,0.4074,0.0013,0.0057,0.0,0.0,0.0,99.7
Jacob Rees-Mogg,3458,85,0.0246,0.1543,0.2632,-0.0002,0.0004,0.0,0.2236,-0.2236,49.3
Neil Hudson,263,49,0.1863,0.0944,0.0,0.0057,0.1704,0.0,0.0019,-0.0019,15.6
Jonathan Djanogly,156,12,0.0769,0.0707,0.3333,0.0006,0.0127,0.0,0.0,0.0,5.5
Heather Wheeler,295,6,0.0203,0.1788,-0.1111,0.0017,0.0236,0.0,0.0,0.0,61.9
Jonathan Gullis,476,47,0.0987,0.2241,0.4,-0.0009,0.0012,0.0,0.2632,-0.2632,87.7
Imran Ahmad Khan,75,4,0.0533,0.1263,0.12,0.0136,0.1157,0.0,0.0,0.0,33.4
William Cash,907,56,0.0617,0.2186,0.381,0.0024,0.0341,0.1871,0.0,0.1871,85.8
Penny Mordaunt,2660,143,0.0538,0.1935,0.2414,0.0033,0.0985,0.13,0.0,0.13,68.2
Chris Skidmore,360,13,0.0361,0.1754,0.2593,-0.001,0.0204,0.0,0.0,0.0,59.2
Andrew Stephenson,411,8,0.0195,0.1951,0.0833,0.0062,0.2514,0.2736,0.0,0.2736,69.0
Chris Heaton-Harris,683,20,0.0293,0.0694,0.1724,-0.0013,0.0341,0.0,0.0,0.0,4.9
Andrea Leadsom,2870,105,0.0366,0.0946,0.2,-0.0002,0.0005,0.0,0.0,0.0,15.9
Gagan Mohindra,260,6,0.0231,0.1506,0.1667,0.0019,0.0212,0.0,0.0,0.0,46.8
Jamie Wallis,82,4,0.0488,0.2865,0.0476,0.0074,0.0434,0.0,0.0,0.0,98.6
Paul Holmes,384,13,0.0339,0.1099,0.2903,0.0009,0.0069,0.0,0.0,0.0,22.2
Richard Graham,679,59,0.0869,0.1895,0.1892,0.0044,0.1318,0.346,0.0,0.346,66.3
Richard Drax,363,33,0.0909,0.2317,0.4286,0.0012,0.009,0.0,0.0,0.0,89.6
Antony Higginbotham,210,14,0.0667,0.1865,0.3529,-0.003,0.031,0.0,0.0,0.0,64.7
Amanda Solloway,331,2,0.006,0.2481,0.1,-0.0011,0.0066,0.0,0.0,0.0,93.7
Jane Stevenson,136,15,0.1103,0.2117,0.3846,0.0032,0.0168,0.0,0.1282,-0.1282,81.1
Virginia Crosbie,254,14,0.0551,0.1239,0.2593,-0.0061,0.2174,0.063,0.1874,-0.1244,30.7
Charles Walker,269,6,0.0223,0.177,0.3333,-0.0031,0.0847,0.0,0.3808,-0.3808,60.5
David Rutley,588,15,0.0255,0.1003,0.0909,-0.0002,0.0003,0.0,0.0,0.0,17.8
David T. C. Davies,629,27,0.0429,0.1353,0.2903,0.0006,0.0059,0.0,0.0165,-0.0165,37.8
Chris Clarkson,200,12,0.06,0.2067,0.25,0.0008,0.0018,0.0,0.0,0.0,78.1
Graham Brady,107,1,0.0093,0.0509,0.1765,-0.0004,0.0296,0.0,0.0,0.0,3.0
Shaun Bailey,172,13,0.0756,0.2033,0.2973,-0.0052,0.0707,0.0,0.0,0.0,75.6
Alberto Costa,239,6,0.0251,0.2165,0.4545,-0.0023,0.0904,0.0,0.0,0.0,83.0
Mary Robinson,280,13,0.0464,0.0761,-0.0345,0.0008,0.0133,0.0,0.0,0.0,7.1
Chris Philp,1616,276,0.1708,0.2115,0.3714,0.0041,0.1465,0.3014,0.0,0.3014,80.8
Desmond Swayne,1083,27,0.0249,0.1827,0.3143,0.0015,0.0226,0.0,0.0,0.0,63.6
Jane Hunt,161,5,0.0311,0.2059,0.3043,-0.0003,0.0006,0.0,0.0,0.0,77.8
Julian Smith,298,6,0.0201,0.0317,-0.1304,-0.0002,0.0101,0.0,0.0,0.0,1.6
Boris Johnson,5213,184,0.0353,0.1511,0.2982,0.0049,0.1906,0.0,0.0,0.0,47.7
Nigel Huddleston,902,10,0.0111,0.1026,0.2414,-0.0012,0.0353,0.0,0.0,0.0,19.7
Ranil Jayawardena,331,9,0.0272,0.117,0.2,-0.0001,0.0001,0.0,0.0,0.0,26.8
Guy Opperman,656,2,0.003,0.1194,0.4783,0.0013,0.1125,0.0,0.0,0.0,27.7
Fay Jones,155,13,0.0839,0.0742,0.1111,-0.0051,0.2287,0.0,0.0,0.0,6.8
Mike Penning,467,13,0.0278,0.044,0.1667,0.0003,0.0018,0.1182,0.0,0.1182,2.2
Robert Largan,167,1,0.006,0.1678,0.04,0.0004,0.0012,0.0,0.0,0.0,55.6
Maggie Throup,451,14,0.031,0.1741,0.3333,0.0032,0.0769,0.0,0.0,0.0,58.1
Esther McVey,481,12,0.0249,0.21,0.4,0.0031,0.1029,0.0,0.0,0.0,80.0
Lucy Allan,190,2,0.0105,0.0707,0.1,-0.0011,0.1071,0.0,0.1414,-0.1414,5.8
Alan Mak,250,2,0.008,0.1216,0.0,0.0005,0.026,0.0,0.0,0.0,29.6
Caroline Nokes,1873,160,0.0854,0.2128,0.2727,-0.0025,0.0957,0.0,0.0,0.0,81.9
Robert Goodwill,444,45,0.1014,0.1796,0.25,-0.0007,0.0046,0.0,0.0,0.0,62.5
Victoria Atkins,1418,67,0.0472,0.113,0.1765,0.0,0.0,0.0,0.0,0.0,24.1
Nigel Adams,703,48,0.0683,0.1695,0.2093,-0.0016,0.0102,0.0,0.0,0.0,56.4
Damian Green,541,39,0.0721,0.1544,0.1795,0.0031,0.0787,0.177,0.0,0.177,49.9
Liam Fox,658,27,0.041,0.1711,0.2,0.0008,0.0052,0.0,0.0,0.0,57.5
Theo Clarke,82,5,0.061,0.147,-0.0909,0.0038,0.0382,0.0,0.0926,-0.0926,45.2
Christopher Chope,707,33,0.0467,0.2167,0.3659,-0.0001,0.0002,0.0,0.2047,-0.2047,83.6
Roger Gale,770,24,0.0312,0.1509,0.2,0.0007,0.0101,0.0357,0.0,0.0357,47.1
Lee Anderson,348,47,0.1351,0.2336,0.4359,0.0026,0.0181,0.3235,0.0,0.3235,90.4
Robbie Moore,503,11,0.0219,0.124,0.25,0.0001,0.0,0.134,0.0,0.134,31.0
Iain Duncan Smith,885,58,0.0655,0.2074,0.25,-0.0029,0.0583,0.0,0.4519,-0.4519,78.9
Giles Watling,192,16,0.0833,0.213,0.5,0.003,0.0425,0.0,0.0,0.0,82.2
Mark Garnier,190,1,0.0053,0.1321,0.1304,-0.0006,0.0507,0.0,0.0,0.0,36.2
Sara Britcliffe,208,5,0.024,0.2363,0.1613,-0.0041,0.0442,0.0,0.0,0.0,91.5
Gary Streeter,69,3,0.0435,0.1363,0.0588,-0.0024,0.0898,0.0,0.0,0.0,38.6
Matt Warman,474,29,0.0612,0.2334,0.1795,-0.0022,0.0258,0.0,0.0,0.0,90.1
Greg Smith,628,22,0.035,0.1521,0.4091,-0.0016,0.0116,0.0,0.0393,-0.0393,48.2
Edward Argar,1046,14,0.0134,0.1207,0.3333,-0.0008,0.0147,0.0,0.0656,-0.0656,28.5
Oliver Dowden,962,16,0.0166,0.2252,0.1613,0.0002,0.0005,0.0,0.0,0.0,88.5
Iain Stewart,285,12,0.0421,0.1079,0.1667,0.001,0.0234,0.0,0.0,0.0,21.4
George Eustice,1043,47,0.0451,0.1103,0.3103,-0.0033,0.1389,0.0,0.0,0.0,23.0
Sarah Dines,208,12,0.0577,0.1967,0.1176,-0.001,0.0012,0.0,0.0,0.0,70.1
David Morris,165,7,0.0424,0.1974,-0.1429,0.0003,0.001,0.0,0.0,0.0,71.8
Matthew Hancock,3257,67,0.0206,0.0852,0.25,-0.0019,0.0643,0.0424,0.0,0.0424,10.4
Simon Clarke,617,29,0.047,0.2135,0.4545,0.0077,0.2174,0.5059,0.0,0.5059,82.5
Johnny Mercer,586,8,0.0137,0.1967,0.125,0.002,0.0635,0.0,0.0,0.0,70.4
John Glen,963,12,0.0125,0.1268,0.2121,0.0005,0.0128,0.0,0.0,0.0,33.7
Robert Courts,626,20,0.0319,0.117,0.1875,0.0012,0.0262,0.0,0.0,0.0,27.1
Bill Wiggin,207,13,0.0628,0.2537,0.4,0.0054,0.212,0.0,0.0,0.0,95.3
Alok Sharma,952,11,0.0116,0.1016,-0.0968,-0.0009,0.0189,0.0,0.0,0.0,18.6
Andrew Bridgen,465,22,0.0473,0.173,0.3846,0.0034,0.0663,0.1927,0.0,0.1927,57.8
Simon Hart,354,14,0.0395,0.057,0.0909,0.0034,0.1875,0.0,0.0,0.0,3.6
Christopher Pincher,466,11,0.0236,0.1762,0.3714,-0.0042,0.0123,0.0,0.1065,-0.1065,59.7
Pauline Latham,322,20,0.0621,0.0818,0.0588,0.0012,0.0204,0.0287,0.0,0.0287,9.0
Caroline Johnson,593,29,0.0489,0.1938,0.2195,0.0034,0.096,0.0,0.0,0.0,68.5
Steve Baker,906,50,0.0552,0.1585,0.2,-0.0011,0.0118,0.1438,0.0,0.1438,51.8
Paul Beresford,111,9,0.0811,0.1201,0.4615,0.0013,0.0195,0.0,0.0,0.0,27.9
Tobias Ellwood,950,39,0.0411,0.0838,0.2,0.0019,0.0534,0.1684,0.0,0.1684,9.6
James Gray,220,9,0.0409,0.1247,-0.04,0.0047,0.2469,0.0,0.0,0.0,32.1
Mark Menzies,214,4,0.0187,0.086,0.0,-0.0003,0.0077,0.0,0.0,0.0,11.0
Douglas Ross,484,29,0.0599,0.1626,0.1304,-0.0032,0.0596,0.0,0.0121,-0.0121,52.9
Robin Millar,185,14,0.0757,0.1865,0.3077,0.0085,0.2398,0.2033,0.021,0.1823,64.4
Stephen Metcalfe,305,16,0.0525,0.1982,0.36,-0.0007,0.0042,0.0,0.0,0.0,73.2
Karen Bradley,878,40,0.0456,0.1385,0.125,0.002,0.0384,0.0,0.0,0.0,40.3
Andrew Rosindell,328,19,0.0579,0.1338,0.1111,0.0035,0.1865,0.1829,0.0,0.1829,36.7
Helen Whately,862,21,0.0244,0.1694,0.2821,-0.0014,0.0441,0.0,0.0,0.0,56.2
Sally-Ann Hart,215,17,0.0791,0.242,0.3043,-0.0077,0.0934,0.0,0.1516,-0.1516,92.6
John Stevenson,126,27,0.2143,0.0672,0.7333,0.0026,0.0468,0.0,0.0,0.0,4.7
Owen Paterson,183,24,0.1311,0.101,0.5789,-0.0023,0.0128,0.014,0.0,0.014,18.1
Jo Gideon,155,11,0.071,0.2522,0.1333,0.0013,0.0019,0.0,0.0,0.0,94.8
Paul Bristow,210,11,0.0524,0.243,0.2571,0.0112,0.212,0.0,0.0,0.0,93.2
Eddie Hughes,399,9,0.0226,0.1243,0.0303,-0.0061,0.3086,0.0,0.2852,-0.2852,31.2
Conor Burns,277,14,0.0505,0.2118,0.3125,0.0004,0.0007,0.0,0.0,0.0,81.4
Lucy Frazer,970,21,0.0216,0.064,0.25,0.0004,0.0061,0.0,0.0,0.0,4.4
Jack Brereton,347,36,0.1037,0.2512,0.3023,0.0039,0.061,0.0,0.0,0.0,94.5
Luke Evans,845,16,0.0189,0.2395,0.1034,0.0076,0.2195,0.0,0.0,0.0,92.1
Justin Tomlinson,619,3,0.0048,0.1157,0.0833,-0.0011,0.0714,0.0,0.0,0.0,26.0
Rob Roberts,187,16,0.0856,0.1642,0.1613,0.0008,0.0027,0.1878,0.1524,0.0355,54.0
Gareth Bacon,204,16,0.0784,0.2313,0.3778,-0.0033,0.0346,0.0638,0.0,0.0638,89.3
Ruth Edwards,140,5,0.0357,0.1147,0.2308,-0.0057,0.1171,0.0,0.0,0.0,24.9
Chris Green,263,12,0.0456,0.2015,0.2,-0.002,0.044,0.0,0.0464,-0.0464,74.2
Rebecca Harris,24,1,0.0417,0.1385,0.2727,0.0099,0.1667,0.0,0.0,0.0,40.5
Kwasi Kwarteng,896,23,0.0257,0.1785,0.1875,-0.0016,0.0341,0.0,0.0,0.0,61.4
Graham Stuart,1131,15,0.0133,0.0736,0.2222,0.0009,0.0595,0.0,0.0,0.0,6.6
Jeremy Quin,748,8,0.0107,0.2344,0.2,0.0017,0.0516,0.0,0.0,0.0,91.0
Chloe Smith,672,20,0.0298,0.088,0.1429,-0.0013,0.0219,0.0,0.0,0.0,13.2
Miriam Cates,183,9,0.0492,0.2035,0.2889,0.0075,0.1551,0.166,0.0,0.166,76.2
George Freeman,303,9,0.0297,0.1304,0.037,0.0009,0.0086,0.0,0.0,0.0,35.1
Damien Moore,172,6,0.0349,0.2023,0.1579,-0.0013,0.0119,0.0,0.0,0.0,75.1
Sheryll Murray,310,22,0.071,0.1529,0.4286,-0.0,0.0,0.101,0.217,-0.116,48.5
Amanda Milling,316,14,0.0443,0.105,-0.0714,0.0049,0.1416,0.3408,0.0,0.3408,20.8
Andrew Griffith,745,22,0.0295,0.1365,0.2778,-0.0014,0.009,0.0,0.0742,-0.0742,38.9
Will Quince,706,12,0.017,0.1354,0.0857,-0.0012,0.0768,0.0,0.0,0.0,38.1
Sajid Javid,2635,186,0.0706,0.2103,0.3333,-0.0027,0.065,0.0,0.0,0.0,80.3
Thérèse Coffey,1051,14,0.0133,0.1646,0.3333,-0.0001,0.0,0.0,0.2556,-0.2556,54.2
Mike Wood,470,14,0.0298,0.1407,0.1707,0.0002,0.0003,0.0,0.0,0.0,41.6
Philip Hollobone,916,59,0.0644,0.2023,0.4359,0.0042,0.1158,0.0,0.1107,-0.1107,74.8
Theresa Villiers,728,20,0.0275,0.118,0.1628,0.0032,0.1242,0.0819,0.0,0.0819,27.4
Nick Gibb,920,3,0.0033,0.2212,0.1724,-0.0006,0.0084,0.0,0.0,0.0,87.1
Richard Holden,750,28,0.0373,0.2247,0.2857,-0.0043,0.0713,0.0,0.0732,-0.0732,88.2
Mike Freer,246,10,0.0407,0.1293,0.2222,0.0111,0.4414,0.1588,0.0,0.1588,34.8
James Wild,344,4,0.0116,0.0254,0.4706,0.0005,0.0328,0.0,0.0199,-0.0199,1.4
Holly Mumby-Croft,157,1,0.0064,0.2511,0.5,0.0021,0.0268,0.0,0.0,0.0,94.2
Simon Baynes,215,23,0.107,0.098,0.0714,0.004,0.1079,0.1113,0.0,0.1113,17.0
Katherine Fletcher,206,9,0.0437,0.2021,0.2903,-0.0058,0.0709,0.0,0.0,0.0,74.5
Jacqueline Doyle-Price,465,15,0.0323,0.1998,0.125,0.0071,0.2789,0.0,0.0,0.0,73.7
James Duddridge,484,34,0.0702,0.079,0.0667,-0.0034,0.2242,0.0,0.1464,-0.1464,8.5
Andrew Mitchell,1544,100,0.0648,0.1282,0.1667,0.0,0.0,0.0,0.0,0.0,34.2
Peter Bottomley,473,14,0.0296,0.2484,0.2258,0.0036,0.1104,0.0899,0.0,0.0899,94.0
Andrea Jenkyns,132,7,0.053,0.2179,0.3684,0.0047,0.0957,0.0,0.0,0.0,84.7
Jo Churchill,484,12,0.0248,0.0884,0.1429,-0.0024,0.0493,0.0,0.2308,-0.2308,13.4
Ben Wallace,1496,117,0.0782,0.1436,0.3043,0.0005,0.0023,0.0,0.1465,-0.1465,43.0
James Heappey,808,49,0.0606,0.1745,0.1739,0.0028,0.0669,0.0,0.0,0.0,58.4
Mark Francois,581,20,0.0344,0.1758,0.3143,0.0029,0.1212,0.0,0.0,0.0,59.5
Mark Jenkinson,114,3,0.0263,0.0969,0.3846,0.0049,0.1687,0.0,0.0,0.0,16.7
Andrew Murrison,1153,52,0.0451,0.0877,0.2683,0.0018,0.08,0.0,0.0,0.0,12.6
Dehenna Davison,259,16,0.0618,0.1764,0.2308,-0.0126,0.4933,0.0,0.1626,-0.1626,60.0
Julie Marson,110,6,0.0545,0.1206,0.0,-0.0086,0.2588,0.0,0.0,0.0,28.2
