LAD24CD,LAD24NM,Population (mid-2024 estimates),Total funding (current prices),Per capita funding,Per capita funding (exc. outliers - islands and the Highlands),Per capita funding from Conservative governments,Per capita funding from Labour governments,Per capita funding from Conservative governments per year in power,Per capita funding from Labour governments per year in power
W06000006,Wrexham,"138,245","£145,746,754","£1,054","£1,054",£838,£216,£64,£108
W06000012,Neath Port Talbot,"143,249","£147,876,927","£1,032","£1,032",£812,£220,£62,£110
W06000001,Isle of Anglesey,"69,097","£67,782,494",£981,£981,£898,£83,£69,£41
E06000001,Hartlepool,"98,180","£95,660,450",£974,£974,£755,£219,£58,£109
W06000019,Blaenau Gwent,"67,873","£64,027,855",£943,£943,£561,£383,£43,£191
E06000009,Blackpool,"144,191","£134,985,129",£936,£936,£787,£149,£61,£75
E07000170,Ashfield,"129,572","£120,495,342",£930,£930,£764,£166,£59,£83
E07000136,Boston,"71,080","£66,013,654",£929,£929,£626,£302,£48,£151
E07000121,Lancaster,"145,006","£132,416,591",£913,£913,£775,£138,£60,£69
E06000063,Cumberland,"280,495","£253,653,477",£904,£904,£678,£226,£52,£113
W06000004,Denbighshire,"98,202","£87,925,470",£895,£895,£616,£280,£47,£140
W06000024,Merthyr Tydfil,"58,972","£51,805,478",£878,£878,£448,£430,£34,£215
N09000001,Antrim and Newtownabbey,148100,"£129,215,088",£872,£872,£849,£24,£65,£12
E07000138,Lincoln,"105,114","£91,675,987",£872,£872,£682,£190,£52,£95
E06000005,Darlington,"112,489","£96,184,499",£855,£855,£677,£178,£52,£89
E07000145,Great Yarmouth,"100,529","£85,550,300",£851,£851,£631,£220,£49,£110
E07000175,Newark and Sherwood,"127,886","£108,178,931",£846,£846,£690,£156,£53,£78
E06000003,Redcar and Cleveland,"139,228","£116,130,060",£834,£834,£690,£144,£53,£72
E06000004,Stockton-on-Tees,"206,800","£169,537,492",£820,£820,£723,£97,£56,£48
E06000002,Middlesbrough,"156,161","£127,458,328",£816,£816,£550,£266,£42,£133
E07000034,Chesterfield,"106,045","£85,118,442",£803,£803,£614,£189,£47,£94
E07000108,Dover,"119,768","£92,716,698",£774,£774,£604,£170,£46,£85
E07000137,East Lindsey,"145,183","£111,512,809",£768,£768,£493,£276,£38,£138
E06000027,Torbay,"140,126","£107,528,197",£767,£767,£482,£285,£37,£143
E06000008,Blackburn with Darwen,"162,540","£124,091,728",£763,£763,£508,£255,£39,£128
E07000219,Nuneaton and Bedworth,"141,565","£107,592,196",£760,£760,£467,£293,£36,£147
S12000021,North Ayrshire,"134,010","£101,314,074",£756,£756,£426,£330,£33,£165
E06000012,North East Lincolnshire,"159,911","£119,051,196",£744,£744,£485,£260,£37,£130
E07000073,Harlow,"98,235","£73,087,829",£744,£744,£537,£207,£41,£103
W06000010,Carmarthenshire,"190,800","£133,066,456",£697,£697,£515,£182,£40,£91
S12000018,Inverclyde,"78,880","£54,444,794",£690,£690,£402,£288,£31,£144
E07000239,Wyre Forest,"103,913","£71,242,761",£686,£686,£483,£202,£37,£101
E07000039,South Derbyshire,"117,493","£80,297,382",£683,£683,£683,£0,£53,£0
E07000237,Worcester,"106,671","£71,007,882",£666,£666,£469,£197,£36,£98
W06000022,Newport,"167,899","£111,609,644",£665,£665,£471,£194,£36,£97
W06000020,Torfaen,"94,119","£62,119,660",£660,£660,£366,£294,£28,£147
W06000015,Cardiff,"383,919","£252,751,612",£658,£658,£536,£122,£41,£61
S12000039,West Dunbartonshire,"89,120","£58,363,211",£655,£655,£398,£257,£31,£128
E06000006,Halton,"131,543","£85,958,955",£653,£653,£338,£315,£26,£158
E06000031,Peterborough,"223,655","£145,184,475",£649,£649,£464,£186,£36,£93
W06000009,Pembrokeshire,"125,761","£80,348,187",£639,£639,£557,£82,£43,£41
W06000023,Powys,"135,059","£86,220,014",£638,£638,£559,£80,£43,£40
E08000018,Rotherham,"276,595","£175,466,590",£634,£634,£484,£150,£37,£75
E06000017,Rutland,"41,443","£26,244,491",£633,£633,£625,£8,£48,£4
E06000013,North Lincolnshire,"171,336","£108,359,490",£632,£632,£516,£117,£40,£58
W06000003,Conwy,"114,891","£72,649,142",£632,£632,£384,£248,£30,£124
E07000199,Tamworth,"81,117","£49,841,590",£614,£614,£358,£256,£28,£128
E08000013,St. Helens,"188,861","£115,976,834",£614,£614,£394,£220,£30,£110
E07000174,Mansfield,"113,138","£68,968,898",£610,£610,£420,£190,£32,£95
E08000015,Wirral,"328,873","£199,506,104",£607,£607,£424,£182,£33,£91
E08000023,South Tyneside,"151,393","£91,693,340",£606,£606,£332,£274,£26,£137
E08000017,Doncaster,"319,765","£192,843,075",£603,£603,£348,£255,£27,£127
E07000114,Thanet,"142,691","£86,050,139",£603,£603,£449,£155,£35,£77
E07000148,Norwich,"147,182","£88,461,734",£601,£601,£324,£277,£25,£138
E07000062,Hastings,"91,219","£53,760,973",£589,£589,£348,£241,£27,£120
E07000038,North East Derbyshire,"106,646","£60,011,569",£563,£563,£375,£188,£29,£94
S12000033,Aberdeen City,"231,780","£130,349,856",£562,£562,£466,£96,£36,£48
E07000243,Stevenage,"91,774","£50,511,989",£550,£550,£547,£4,£42,£2
E08000033,Calderdale,"210,929","£116,014,177",£550,£550,£455,£95,£35,£47
E07000120,Hyndburn,"86,058","£46,851,489",£544,£544,£295,£250,£23,£125
E08000024,Sunderland,"288,606","£157,045,426",£544,£544,£331,£213,£25,£107
E08000031,Wolverhampton,"281,251","£152,749,522",£543,£543,£396,£148,£30,£74
E07000195,Newcastle-under-Lyme,"127,727","£68,590,487",£537,£537,£525,£12,£40,£6
E06000052,Cornwall,"583,289","£312,884,829",£536,£536,£536,£0,£41,£0
E07000036,Erewash,"114,253","£61,011,812",£534,£534,£359,£175,£28,£88
S12000034,Aberdeenshire,"265,080","£140,387,101",£530,£530,£444,£86,£34,£43
E08000028,Sandwell,"353,860","£184,533,444",£521,£521,£404,£117,£31,£59
E06000064,Westmorland and Furness,"230,185","£118,166,105",£513,£513,£415,£99,£32,£49
N09000005,Derry City and Strabane,152383,"£77,737,483",£510,£510,£355,£155,£27,£77
W06000008,Ceredigion,"72,599","£36,871,891",£508,£508,£419,£89,£32,£45
E08000036,Wakefield,"367,666","£186,008,543",£506,£506,£339,£167,£26,£84
E07000146,King's Lynn and West Norfolk,"156,206","£78,370,254",£502,£502,£370,£132,£28,£66
E07000117,Burnley,"99,233","£49,695,744",£501,£501,£284,£217,£22,£108
E07000088,Gosport,"82,921","£40,899,985",£493,£493,£248,£245,£19,£123
E08000030,Walsall,"295,678","£144,532,711",£489,£489,£348,£140,£27,£70
W06000018,Caerphilly,"176,865","£86,389,730",£488,£488,£301,£187,£23,£94
E06000018,Nottingham,"331,077","£160,929,248",£486,£486,£300,£186,£23,£93
E07000197,Stafford,"141,556","£68,452,445",£484,£484,£473,£11,£36,£5
E07000236,Redditch,"87,847","£42,358,089",£482,£482,£245,£237,£19,£118
S12000006,Dumfries and Galloway,"145,860","£70,324,480",£482,£482,£330,£152,£25,£76
W06000014,Vale of Glamorgan,"135,743","£65,243,310",£481,£481,£256,£224,£20,£112
E08000011,Knowsley,"162,565","£77,781,072",£478,£478,£223,£255,£17,£128
E08000004,Oldham,"251,560","£120,186,515",£478,£478,£313,£165,£24,£82
S12000020,Moray,"95,010","£45,281,780",£477,£477,£251,£225,£19,£113
E08000001,Bolton,"310,085","£147,566,659",£476,£476,£342,£134,£26,£67
E07000172,Broxtowe,"114,565","£54,196,908",£473,£473,£473,£0,£36,£0
E07000063,Lewes,"102,363","£48,137,590",£470,£470,£467,£3,£36,£2
E06000021,Stoke-on-Trent,"270,425","£126,940,214",£469,£469,£299,£170,£23,£85
E06000026,Plymouth,"272,067","£126,377,378",£465,£465,£314,£151,£24,£75
E07000123,Preston,"162,864","£75,134,113",£461,£461,£329,£132,£25,£66
E06000047,County Durham,"538,011","£246,280,945",£458,£458,£309,£149,£24,£74
W06000002,Gwynedd,"120,813","£54,508,206",£451,£451,£378,£73,£29,£37
E07000140,South Holland,"99,298","£44,235,734",£445,£445,£244,£201,£19,£101
E07000061,Eastbourne,"104,259","£46,239,872",£444,£444,£249,£195,£19,£97
E08000016,Barnsley,"251,770","£111,030,651",£441,£441,£356,£85,£27,£43
E08000005,Rochdale,"235,561","£103,544,164",£440,£440,£263,£176,£20,£88
E07000064,Rother,"96,133","£42,145,807",£438,£438,£227,£211,£17,£106
S12000008,East Ayrshire,"121,480","£52,869,372",£435,£435,£242,£193,£19,£97
E08000021,Newcastle upon Tyne,"320,605","£138,697,648",£433,£433,£303,£129,£23,£65
W06000016,Rhondda Cynon Taf,"242,844","£104,497,973",£430,£430,£276,£154,£21,£77
E06000019,"Herefordshire, County of","191,047","£80,805,707",£423,£423,£307,£116,£24,£58
E08000012,Liverpool,"508,961","£213,534,129",£420,£420,£259,£160,£20,£80
N09000004,Causeway Coast and Glens,141954,"£59,529,417",£419,£419,£255,£164,£20,£82
E07000171,Bassetlaw,"124,937","£51,974,796",£416,£416,£256,£160,£20,£80
E08000002,Bury,"198,921","£82,123,307",£413,£413,£312,£101,£24,£50
S12000028,South Ayrshire,"112,260","£45,556,096",£406,£406,£213,£193,£16,£96
E08000008,Tameside,"239,643","£96,968,586",£405,£405,£231,£173,£18,£87
E06000044,Portsmouth,"214,321","£85,559,540",£399,£399,£202,£197,£16,£98
E06000030,Swindon,"243,875","£96,610,677",£396,£396,£229,£167,£18,£83
E08000010,Wigan,"344,922","£134,973,321",£391,£391,£213,£178,£16,£89
E06000020,Telford and Wrekin,"195,952","£76,609,056",£391,£391,£279,£112,£21,£56
E07000081,Gloucester,"138,598","£53,728,282",£388,£388,£384,£4,£30,£2
E08000019,Sheffield,"582,493","£225,165,924",£387,£387,£318,£69,£24,£34
E08000032,Bradford,"563,605","£217,792,289",£386,£386,£277,£109,£21,£55
S12000014,Falkirk,"160,020","£61,620,819",£385,£385,£238,£147,£18,£74
E06000016,Leicester,"388,348","£148,278,939",£382,£382,£212,£170,£16,£85
S12000038,Renfrewshire,"189,170","£71,456,621",£378,£378,£362,£16,£28,£8
E07000226,Crawley,"124,008","£46,741,240",£377,£377,£213,£164,£16,£82
E06000010,"Kingston upon Hull, City of","275,401","£102,823,620",£373,£373,£150,£223,£12,£112
E08000027,Dudley,"331,930","£123,621,568",£372,£372,£312,£60,£24,£30
E08000037,Gateshead,"202,760","£75,090,857",£370,£370,£264,£106,£20,£53
E08000034,Kirklees,"447,847","£163,019,468",£364,£364,£319,£45,£25,£22
E07000142,West Lindsey,"99,208","£35,918,330",£362,£362,£160,£202,£12,£101
W06000013,Bridgend,"147,530","£51,656,706",£350,£350,£274,£76,£21,£38
E07000244,East Suffolk,"249,664","£87,331,253",£350,£350,£186,£164,£14,£82
E08000014,Sefton,"286,281","£99,932,677",£349,£349,£279,£70,£21,£35
E07000122,Pendle,"99,777","£33,780,383",£339,£339,£123,£215,£9,£108
E07000076,Tendring,"156,759","£52,330,801",£334,£334,£203,£131,£16,£66
E06000015,Derby,"274,149","£91,058,739",£332,£332,£254,£78,£20,£39
E07000125,Rossendale,"73,045","£23,815,172",£326,£326,£52,£274,£4,£137
E07000090,Havant,"126,985","£41,386,641",£326,£326,£8,£318,£1,£159
E07000071,Colchester,"200,222","£64,780,917",£324,£324,£221,£102,£17,£51
E08000003,Manchester,"589,670","£186,093,115",£316,£316,£177,£138,£14,£69
E07000235,Malvern Hills,"83,227","£26,222,705",£315,£315,£305,£10,£23,£5
W06000011,Swansea,"251,304","£78,970,752",£314,£314,£159,£155,£12,£78
E06000046,Isle of Wight,"141,660","£44,371,963",£313,£313,£170,£144,£13,£72
E07000194,Lichfield,"111,932","£34,925,462",£312,£312,£302,£10,£23,£5
E06000057,Northumberland,"331,420","£101,438,757",£306,£306,£246,£60,£19,£30
E08000035,Leeds,"845,189","£257,251,970",£304,£304,£210,£95,£16,£47
E07000035,Derbyshire Dales,"71,757","£21,554,190",£300,£300,£300,£0,£23,£0
S12000050,North Lanarkshire,"344,540","£101,903,787",£296,£296,£160,£136,£12,£68
S12000017,Highland,"237,290","£69,215,813",£292,£292,£194,£97,£15,£49
E07000080,Forest of Dean,"89,753","£25,927,129",£289,£289,£285,£4,£22,£2
E07000113,Swale,"158,379","£45,413,143",£287,£287,£147,£139,£11,£70
S12000029,South Lanarkshire,"334,030","£95,332,015",£285,£285,£210,£75,£16,£38
E06000066,Somerset,"588,328","£167,274,374",£284,£284,£246,£38,£19,£19
E08000025,Birmingham,"1,183,618","£335,709,673",£284,£284,£130,£153,£10,£77
E07000010,Fenland,"104,896","£29,648,523",£283,£283,£78,£205,£6,£102
S12000030,Stirling,"94,210","£26,503,629",£281,£281,£266,£15,£20,£7
E06000045,Southampton,"259,424","£72,919,710",£281,£281,£118,£163,£9,£81
N09000007,Lisburn and Castlereagh,151669,"£41,484,484",£274,£274,£250,£24,£19,£12
E07000192,Cannock Chase,"104,088","£28,366,021",£273,£273,£263,£9,£20,£5
E07000173,Gedling,"120,179","£32,018,481",£266,£266,£100,£166,£8,£83
E07000047,West Devon,"58,923","£15,596,912",£265,£265,£265,£0,£20,£0
E07000224,Arun,"170,064","£44,843,654",£264,£264,£144,£120,£11,£60
E07000193,East Staffordshire,"129,659","£34,085,493",£263,£263,£253,£10,£19,£5
E06000007,Warrington,"215,391","£56,142,535",£261,£261,£158,£103,£12,£51
E06000033,Southend-on-Sea,"185,256","£48,032,266",£259,£259,£149,£110,£11,£55
S12000049,Glasgow City,"650,300","£166,645,502",£256,£256,£177,£79,£14,£40
E06000011,East Riding of Yorkshire,"355,884","£90,873,902",£255,£255,£143,£112,£11,£56
E06000061,North Northamptonshire,"373,871","£95,218,295",£255,£255,£90,£165,£7,£82
E07000046,Torridge,"69,841","£17,724,964",£254,£254,£254,£0,£20,£0
E08000006,Salford,"294,348","£73,615,543",£250,£250,£109,£141,£8,£70
S12000047,Fife,"374,760","£93,056,624",£248,£248,£130,£118,£10,£59
E07000202,Ipswich,"140,274","£34,736,922",£248,£248,£234,£14,£18,£7
E07000198,Staffordshire Moorlands,"96,651","£23,191,419",£240,£240,£228,£12,£18,£6
E07000132,Hinckley and Bosworth,"116,682","£27,672,683",£237,£237,£230,£7,£18,£4
E07000069,Castle Point,"90,581","£21,386,641",£236,£236,£12,£224,£1,£112
N09000009,Mid Ulster,152718,"£35,998,046",£236,£236,£212,£24,£16,£12
E08000007,Stockport,"303,929","£71,181,267",£234,£234,£168,£66,£13,£33
N09000006,Fermanagh and Omagh,117687,"£27,285,846",£232,£232,£208,£24,£16,£12
S12000041,Angus,"114,810","£26,245,498",£229,£229,£40,£188,£3,£94
E06000024,North Somerset,"224,578","£50,844,472",£226,£226,£134,£93,£10,£46
E08000009,Trafford,"241,025","£54,351,762",£226,£226,£226,£0,£17,£0
E06000050,Cheshire West and Chester,"371,652","£82,425,931",£222,£222,£104,£117,£8,£59
E07000109,Gravesham,"110,671","£24,412,166",£221,£221,£204,£17,£16,£8
E07000066,Basildon,"193,632","£41,777,503",£216,£216,£7,£209,£1,£104
E07000092,Rushmoor,"105,751","£22,769,103",£215,£215,£212,£3,£16,£2
N09000008,Mid and East Antrim,139913,"£30,092,283",£215,£215,£191,£24,£15,£12
E07000118,Chorley,"120,839","£25,846,010",£214,£214,£214,£0,£16,£0
E07000234,Bromsgrove,"101,685","£21,375,632",£210,£210,£201,£9,£15,£5
E06000034,Thurrock,"180,989","£37,816,675",£209,£209,£198,£11,£15,£5
E07000112,Folkestone and Hythe,"112,411","£23,190,833",£206,£206,£203,£3,£16,£1
E07000128,Wyre,"118,743","£24,162,896",£203,£203,£35,£168,£3,£84
E07000127,West Lancashire,"121,995","£24,653,025",£202,£202,£38,£164,£3,£82
N09000011,Ards and North Down,165415,"£32,236,013",£195,£195,£171,£24,£13,£12
N09000003,Belfast,352390,"£68,154,355",£193,£193,£170,£24,£13,£12
E06000065,North Yorkshire,"635,270","£121,405,101",£191,£191,£160,£31,£12,£16
E07000078,Cheltenham,"121,739","£23,159,037",£190,£190,£187,£3,£14,£2
E07000037,High Peak,"91,959","£17,450,033",£190,£190,£190,£0,£15,£0
N09000010,"Newry, Mourne and Down",183115,"£33,330,357",£182,£182,£158,£24,£12,£12
E08000022,North Tyneside,"215,025","£37,838,109",£176,£176,£83,£93,£6,£47
E07000032,Amber Valley,"130,451","£22,915,591",£176,£176,£176,£0,£14,£0
E07000103,Watford,"107,171","£18,658,968",£174,£174,£171,£3,£13,£2
W06000021,Monmouthshire,"94,930","£16,479,747",£174,£174,£92,£82,£7,£41
E07000176,Rushcliffe,"126,736","£21,309,080",£168,£168,£168,£0,£13,£0
E07000095,Broxbourne,"101,900","£17,121,542",£168,£168,£164,£4,£13,£2
S12000042,Dundee City,"149,880","£24,667,063",£165,£165,£138,£26,£11,£13
S12000036,City of Edinburgh,"530,680","£84,501,816",£159,£159,£114,£45,£9,£23
E07000093,Test Valley,"135,201","£21,254,656",£157,£157,£155,£2,£12,£1
E06000055,Bedford,"194,976","£30,341,030",£156,£156,£152,£4,£12,£2
S12000040,West Lothian,"186,440","£28,646,512",£154,£154,£35,£119,£3,£60
E07000143,Breckland,"146,620","£22,248,399",£152,£152,£12,£140,£1,£70
S12000010,East Lothian,"115,180","£17,472,419",£152,£152,£140,£12,£11,£6
E07000106,Canterbury,"162,100","£24,118,888",£149,£149,£146,£2,£11,£1
E08000029,Solihull,"221,242","£32,434,950",£147,£147,£56,£90,£4,£45
E06000049,Cheshire East,"421,298","£61,434,216",£146,£146,£137,£9,£11,£4
W06000005,Flintshire,"155,867","£22,469,009",£144,£144,£74,£70,£6,£35
E07000130,Charnwood,"188,385","£26,641,686",£141,£141,£134,£7,£10,£3
N09000002,"Armagh City, Banbridge and Craigavon",222511,"£31,179,349",£140,£140,£117,£24,£9,£12
E07000178,Oxford,"166,034","£23,174,813",£140,£140,£17,£122,£1,£61
E07000105,Ashford,"140,936","£19,462,667",£138,£138,£136,£2,£10,£1
E09000025,Newham,"374,523","£50,883,528",£136,£136,£132,£4,£10,£2
E09000014,Haringey,"263,850","£35,479,240",£134,£134,£129,£6,£10,£3
E09000029,Sutton,"214,525","£28,754,879",£134,£134,£134,£0,£10,£0
E06000058,"Bournemouth, Christchurch and Poole","408,967","£53,959,231",£132,£132,£129,£3,£10,£2
S12000011,East Renfrewshire,"99,830","£13,126,601",£131,£131,£116,£16,£9,£8
S12000045,East Dunbartonshire,"109,970","£14,381,276",£131,£131,£115,£16,£9,£8
E07000110,Maidstone,"187,767","£24,283,765",£129,£129,£21,£109,£2,£54
E09000030,Tower Hamlets,"331,886","£41,846,186",£126,£126,£126,£0,£10,£0
E06000032,Luton,"239,090","£29,650,156",£124,£124,£114,£10,£9,£5
E06000059,Dorset,"389,947","£48,008,726",£123,£123,£68,£55,£5,£28
E07000119,Fylde,"85,447","£10,513,949",£123,£123,£123,£0,£9,£0
E07000222,Warwick,"154,889","£19,042,205",£123,£123,£123,£0,£9,£0
E07000245,West Suffolk,"188,485","£22,694,892",£120,£120,£11,£109,£1,£55
E06000038,Reading,"182,907","£22,018,379",£120,£120,£119,£2,£9,£1
E06000043,Brighton and Hove,"283,870","£33,864,492",£119,£119,£47,£72,£4,£36
E07000040,East Devon,"158,239","£18,758,924",£119,£119,£119,£0,£9,£0
E06000056,Central Bedfordshire,"315,877","£37,321,488",£118,£118,£114,£4,£9,£2
E06000035,Medway,"292,655","£34,307,992",£117,£117,£110,£7,£8,£4
E08000026,Coventry,"369,026","£42,438,043",£115,£115,£57,£58,£4,£29
E09000003,Barnet,"405,050","£46,297,456",£114,£114,£114,£0,£9,£0
E06000054,Wiltshire,"523,700","£59,776,897",£114,£114,£72,£42,£6,£21
E09000016,Havering,"276,274","£30,706,046",£111,£111,£39,£72,£3,£36
E06000062,West Northamptonshire,"439,811","£48,688,546",£111,£111,£107,£4,£8,£2
S12000026,Scottish Borders,"116,980","£12,853,889",£110,£110,£95,£15,£7,£8
E07000134,North West Leicestershire,"111,881","£12,193,084",£109,£109,£102,£7,£8,£4
E06000051,Shropshire,"332,455","£35,887,684",£108,£108,£97,£11,£7,£5
E06000022,Bath and North East Somerset,"200,028","£21,250,345",£106,£106,£6,£100,£0,£50
S12000035,Argyll and Bute,"87,690","£9,228,182",£105,£105,£88,£17,£7,£8
E07000229,Worthing,"113,866","£11,895,505",£104,£104,£102,£3,£8,£1
E06000042,Milton Keynes,"305,884","£31,751,089",£104,£104,£101,£3,£8,£2
E09000008,Croydon,"409,342","£41,569,780",£102,£102,£49,£53,£4,£26
E07000033,Bolsover,"83,773","£8,277,402",£99,£99,£99,£0,£8,£0
E07000045,Teignbridge,"138,548","£13,427,531",£97,£97,£97,£0,£7,£0
E09000002,Barking and Dagenham,"232,747","£22,154,646",£95,£95,£89,£6,£7,£3
E07000043,North Devon,"101,222","£9,530,874",£94,£94,£94,£0,£7,£0
E07000041,Exeter,"138,399","£12,718,426",£92,£92,£92,£0,£7,£0
E07000044,South Hams,"92,148","£7,835,575",£85,£85,£85,£0,£7,£0
E09000012,Hackney,"266,758","£21,620,313",£81,£81,£81,£0,£6,£0
E06000023,"Bristol, City of","494,399","£39,302,693",£79,£79,£39,£40,£3,£20
E06000039,Slough,"167,359","£12,964,155",£77,£77,£67,£11,£5,£5
E07000141,South Kesteven,"147,151","£10,859,711",£74,£74,£74,£0,£6,£0
E09000031,Waltham Forest,"279,737","£20,592,728",£74,£74,£74,£0,£6,£0
E07000203,Mid Suffolk,"110,775","£8,041,541",£73,£73,£69,£3,£5,£2
E09000011,Greenwich,"299,528","£21,695,590",£72,£72,£72,£0,£6,£0
E07000065,Wealden,"166,908","£11,505,413",£69,£69,£67,£2,£5,£1
E09000023,Lewisham,"301,255","£20,632,201",£68,£68,£68,£0,£5,£0
S12000005,Clackmannanshire,"52,110","£3,253,086",£62,£62,£49,£13,£4,£7
E06000025,South Gloucestershire,"306,332","£16,632,796",£54,£54,£54,£0,£4,£0
S12000048,Perth and Kinross,"154,420","£8,221,484",£53,£53,£41,£12,£3,£6
E07000089,Hart,"103,162","£5,463,087",£53,£53,£50,£3,£4,£2
E07000091,New Forest,"176,116","£9,070,747",£52,£52,£50,£2,£4,£1
S12000019,Midlothian,"99,880","£4,748,676",£48,£48,£36,£12,£3,£6
E07000196,South Staffordshire,"114,423","£5,302,200",£46,£46,£35,£11,£3,£5
E09000028,Southwark,"314,786","£14,032,953",£45,£45,£45,£0,£3,£0
E09000010,Enfield,"327,434","£14,487,750",£44,£44,£40,£5,£3,£2
E07000238,Wychavon,"138,017","£5,854,798",£42,£42,£33,£9,£3,£5
E09000007,Camden,"216,943","£9,178,136",£42,£42,£42,£0,£3,£0
E07000086,Eastleigh,"142,933","£5,612,206",£39,£39,£37,£2,£3,£1
E07000133,Melton,"54,052","£2,112,109",£39,£39,£32,£7,£2,£4
E06000060,Buckinghamshire,"578,772","£22,247,361",£38,£38,£38,£0,£3,£0
E07000131,Harborough,"104,713","£3,559,508",£34,£34,£27,£7,£2,£3
E09000015,Harrow,"270,724","£8,990,841",£33,£33,£33,£0,£3,£0
E07000218,North Warwickshire,"67,117","£2,225,608",£33,£33,£33,£0,£3,£0
E09000005,Brent,"352,976","£11,280,509",£32,£32,£28,£4,£2,£2
E07000124,Ribble Valley,"65,794","£2,084,826",£32,£32,£32,£0,£2,£0
E07000011,Huntingdonshire,"190,619","£5,936,343",£31,£31,£31,£0,£2,£0
E07000126,South Ribble,"116,113","£3,568,250",£31,£31,£31,£0,£2,£0
E07000135,Oadby and Wigston,"61,695","£1,860,888",£30,£30,£23,£7,£2,£4
E07000129,Blaby,"108,165","£3,192,969",£30,£30,£23,£6,£2,£3
E06000014,York,"209,301","£6,122,618",£29,£29,£29,£0,£2,£0
E07000139,North Kesteven,"122,468","£3,385,234",£28,£28,£28,£0,£2,£0
E07000221,Stratford-on-Avon,"146,258","£4,030,698",£28,£28,£28,£0,£2,£0
E07000220,Rugby,"122,378","£3,234,555",£26,£26,£26,£0,£2,£0
E09000009,Ealing,"385,985","£8,973,452",£23,£23,£23,£0,£2,£0
E07000070,Chelmsford,"188,803","£4,274,950",£23,£23,£21,£2,£2,£1
E07000068,Brentwood,"79,326","£1,699,332",£21,£21,£17,£4,£1,£2
E07000223,Adur,"64,889","£1,386,641",£21,£21,£16,£5,£1,£3
E07000074,Maldon,"69,131","£1,460,616",£21,£21,£16,£5,£1,£2
E07000082,Stroud,"125,680","£2,486,151",£20,£20,£16,£4,£1,£2
E07000075,Rochford,"89,815","£1,707,378",£19,£19,£15,£4,£1,£2
E07000149,South Norfolk,"148,448","£2,691,970",£18,£18,£15,£3,£1,£2
E07000147,North Norfolk,"103,217","£1,754,240",£17,£17,£13,£4,£1,£2
E07000042,Mid Devon,"84,993","£1,423,015",£17,£17,£17,£0,£1,£0
E07000083,Tewkesbury,"101,949","£1,705,178",£17,£17,£13,£3,£1,£2
E07000241,Welwyn Hatfield,"122,819","£2,036,291",£17,£17,£13,£4,£1,£2
E07000099,North Hertfordshire,"137,201","£2,244,642",£16,£16,£13,£4,£1,£2
E07000077,Uttlesford,"95,106","£1,536,091",£16,£16,£13,£3,£1,£2
E07000102,Three Rivers,"95,807","£1,529,704",£16,£16,£13,£3,£1,£2
E07000242,East Hertfordshire,"156,875","£2,458,704",£16,£16,£12,£4,£1,£2
E07000225,Chichester,"128,934","£2,016,277",£16,£16,£13,£3,£1,£1
E07000096,Dacorum,"161,420","£2,445,192",£15,£15,£12,£4,£1,£2
E07000079,Cotswold,"91,661","£1,386,641",£15,£15,£12,£4,£1,£2
E07000240,St Albans,"151,012","£2,216,839",£15,£15,£11,£3,£1,£2
E07000215,Tandridge,"90,586","£1,326,776",£15,£15,£15,£0,£1,£0
E07000208,Epsom and Ewell,"83,288","£1,202,558",£14,£14,£14,£0,£1,£0
E07000115,Tonbridge and Malling,"136,853","£1,967,539",£14,£14,£12,£2,£1,£1
E07000200,Babergh,"97,033","£1,389,435",£14,£14,£11,£3,£1,£2
E07000098,Hertsmere,"110,212","£1,552,509",£14,£14,£11,£3,£1,£2
E07000144,Broadland,"138,157","£1,871,882",£14,£14,£10,£3,£1,£2
E07000111,Sevenoaks,"122,748","£1,644,591",£13,£13,£11,£3,£1,£1
E07000087,Fareham,"115,428","£1,529,704",£13,£13,£10,£3,£1,£1
E07000107,Dartford,"125,011","£1,648,491",£13,£13,£11,£3,£1,£1
E07000177,Cherwell,"170,426","£2,185,032",£13,£13,£10,£2,£1,£1
E07000084,Basingstoke and Deane,"193,110","£2,422,850",£13,£13,£11,£2,£1,£1
E07000094,Winchester,"135,632","£1,641,222",£12,£12,£10,£2,£1,£1
E07000213,Spelthorne,"107,074","£1,290,426",£12,£12,£12,£0,£1,£0
E07000210,Mole Valley,"88,709","£1,059,495",£12,£12,£12,£0,£1,£0
E07000216,Waverley,"134,284","£1,596,452",£12,£12,£12,£0,£1,£0
E06000036,Bracknell Forest,"130,806","£1,529,704",£12,£12,£9,£3,£1,£1
E07000116,Tunbridge Wells,"119,694","£1,386,641",£12,£12,£9,£3,£1,£1
E07000212,Runnymede,"92,118","£1,059,495",£12,£12,£12,£0,£1,£0
E07000181,West Oxfordshire,"120,941","£1,386,641",£11,£11,£9,£3,£1,£1
E07000214,Surrey Heath,"94,492","£1,059,495",£11,£11,£11,£0,£1,£0
E07000085,East Hampshire,"129,975","£1,386,641",£11,£11,£8,£3,£1,£1
E07000228,Mid Sussex,"161,755","£1,696,181",£10,£10,£8,£2,£1,£1
E07000180,Vale of White Horse,"149,347","£1,529,704",£10,£10,£8,£2,£1,£1
E06000040,Windsor and Maidenhead,"158,943","£1,620,542",£10,£10,£8,£2,£1,£1
E07000072,Epping Forest,"137,451","£1,386,641",£10,£10,£8,£2,£1,£1
E07000217,Woking,"105,679","£1,059,495",£10,£10,£10,£0,£1,£0
E07000227,Horsham,"151,521","£1,386,641",£9,£9,£7,£2,£1,£1
E07000179,South Oxfordshire,"156,470","£1,386,641",£9,£9,£7,£2,£1,£1
E07000067,Braintree,"164,304","£1,437,230",£9,£9,£7,£2,£1,£1
E06000037,West Berkshire,"165,112","£1,386,641",£8,£8,£6,£2,£0,£1
E07000209,Guildford,"151,359","£1,218,392",£8,£8,£8,£0,£1,£0
E07000211,Reigate and Banstead,"159,134","£1,202,558",£8,£8,£8,£0,£1,£0
E07000207,Elmbridge,"141,926","£1,059,495",£7,£7,£7,£0,£1,£0
E06000041,Wokingham,"187,200","£1,386,641",£7,£7,£6,£2,£0,£1
E09000032,Wandsworth,"337,655","£2,429,124",£7,£7,£7,£0,£1,£0
E07000008,Cambridge,"149,352","£863,236",£6,£6,£6,£0,£0,£0
E09000018,Hounslow,"299,424","£1,609,171",£5,£5,£0,£5,£0,£3
E07000012,South Cambridgeshire,"172,544","£753,413",£4,£4,£4,£0,£0,£0
E07000009,East Cambridgeshire,"92,906","£405,674",£4,£4,£4,£0,£0,£0
E09000004,Bexley,"256,434","£671,147",£3,£3,£3,£0,£0,£0
E09000019,Islington,"223,024","£402,052",£2,£2,£2,£0,£0,£0
E09000033,Westminster,"209,996","£373,582",£2,£2,£2,£0,£0,£0
E09000006,Bromley,"335,319","£524,660",£2,£2,£2,£0,£0,£0
E09000026,Redbridge,"321,231","£401,386",£1,£1,£1,£0,£0,£0
E09000024,Merton,"218,539","£222,743",£1,£1,£1,£0,£0,£0
E09000022,Lambeth,"316,920","£258,613",£1,£1,£1,£0,£0,£0
E09000017,Hillingdon,"329,185","£263,085",£1,£1,£1,£0,£0,£0
E09000001,City of London,"15,111","£5,510",£0,£0,£0,£0,£0,£0
E09000013,Hammersmith and Fulham,"188,687","£68,796",£0,£0,£0,£0,£0,£0
E09000020,Kensington and Chelsea,"144,518","£52,692",£0,£0,£0,£0,£0,£0
E09000027,Richmond upon Thames,"196,678","£71,709",£0,£0,£0,£0,£0,£0
E09000021,Kingston upon Thames,"172,692","£62,964",£0,£0,£0,£0,£0,£0
E06000053,Isles of Scilly,"2,366","£59,295,556","£25,062",,,,,
S12000013,Na h-Eileanan Siar,"26,020","£23,780,321",£914,,,,,
S12000023,Orkney Islands,"22,020","£22,438,361","£1,019",,,,,
S12000027,Shetland Islands,"23,190","£31,439,961","£1,356",,,,,
