lad,RUC21NM,Urban_rural_flag
E06000001,Urban: Majority nearer to a major town or city,Urban
E06000002,Urban: Majority nearer to a major town or city,Urban
E06000003,Intermediate urban: Majority nearer to a major town or city,Urban
E06000004,Urban: Majority nearer to a major town or city,Urban
E06000005,Urban: Majority nearer to a major town or city,Urban
E06000006,Urban: Majority nearer to a major town or city,Urban
E06000007,Urban: Majority nearer to a major town or city,Urban
E06000008,Urban: Majority nearer to a major town or city,Urban
E06000009,Urban: Majority nearer to a major town or city,Urban
E06000010,Urban: Majority nearer to a major town or city,Urban
E06000011,Intermediate rural: Majority nearer to a major town or city,Rural
E06000012,Urban: Majority nearer to a major town or city,Urban
E06000013,Intermediate rural: Majority nearer to a major town or city,Rural
E06000014,Urban: Majority nearer to a major town or city,Urban
E06000015,Urban: Majority nearer to a major town or city,Urban
E06000016,Urban: Majority nearer to a major town or city,Urban
E06000017,Majority rural: Majority further from a major town or city,Rural
E06000018,Urban: Majority nearer to a major town or city,Urban
E06000019,Majority rural: Majority further from a major town or city,Rural
E06000020,Urban: Majority nearer to a major town or city,Urban
E06000021,Urban: Majority nearer to a major town or city,Urban
E06000022,Intermediate urban: Majority nearer to a major town or city,Urban
E06000023,Urban: Majority nearer to a major town or city,Urban
E06000024,Intermediate urban: Majority nearer to a major town or city,Urban
E06000025,Urban: Majority nearer to a major town or city,Urban
E06000026,Urban: Majority nearer to a major town or city,Urban
E06000027,Urban: Majority further from a major town or city,Urban
E06000030,Urban: Majority nearer to a major town or city,Urban
E06000031,Urban: Majority nearer to a major town or city,Urban
E06000032,Urban: Majority nearer to a major town or city,Urban
E06000033,Urban: Majority nearer to a major town or city,Urban
E06000034,Urban: Majority nearer to a major town or city,Urban
E06000035,Urban: Majority nearer to a major town or city,Urban
E06000036,Urban: Majority nearer to a major town or city,Urban
E06000037,Intermediate rural: Majority nearer to a major town or city,Rural
E06000038,Urban: Majority nearer to a major town or city,Urban
E06000039,Urban: Majority nearer to a major town or city,Urban
E06000040,Urban: Majority nearer to a major town or city,Urban
E06000041,Urban: Majority nearer to a major town or city,Urban
E06000042,Urban: Majority nearer to a major town or city,Urban
E06000043,Urban: Majority nearer to a major town or city,Urban
E06000044,Urban: Majority nearer to a major town or city,Urban
E06000045,Urban: Majority nearer to a major town or city,Urban
E06000046,Intermediate rural: Majority further from a major town or city,Rural
E06000047,Intermediate rural: Majority nearer to a major town or city,Rural
E06000049,Urban: Majority nearer to a major town or city,Urban
E06000050,Intermediate urban: Majority nearer to a major town or city,Urban
E06000051,Majority rural: Majority nearer to a major town or city,Rural
E06000052,Majority rural: Majority further from a major town or city,Rural
E06000053,Majority rural: Majority further from a major town or city,Rural
E06000054,Intermediate rural: Majority further from a major town or city,Rural
E06000055,Intermediate urban: Majority nearer to a major town or city,Urban
E06000056,Intermediate rural: Majority nearer to a major town or city,Rural
E07000140,Majority rural: Majority further from a major town or city,Rural
E07000141,Intermediate urban: Majority further from a major town or city,Urban
E07000142,Majority rural: Majority nearer to a major town or city,Rural
E07000143,Intermediate rural: Majority further from a major town or city,Rural
E07000144,Majority rural: Majority nearer to a major town or city,Rural
E07000145,Intermediate urban: Majority further from a major town or city,Urban
E07000146,Majority rural: Majority further from a major town or city,Rural
E07000147,Majority rural: Majority further from a major town or city,Rural
E07000148,Urban: Majority nearer to a major town or city,Urban
E07000149,Majority rural: Majority nearer to a major town or city,Rural
E07000170,Urban: Majority nearer to a major town or city,Urban
E07000171,Intermediate rural: Majority nearer to a major town or city,Rural
E07000172,Urban: Majority nearer to a major town or city,Urban
E07000173,Urban: Majority nearer to a major town or city,Urban
E07000174,Urban: Majority nearer to a major town or city,Urban
E07000175,Intermediate rural: Majority nearer to a major town or city,Rural
E07000176,Intermediate rural: Majority nearer to a major town or city,Rural
E07000177,Intermediate urban: Majority further from a major town or city,Urban
E07000178,Urban: Majority nearer to a major town or city,Urban
E07000179,Majority rural: Majority nearer to a major town or city,Rural
E07000180,Intermediate rural: Majority nearer to a major town or city,Rural
E07000181,Majority rural: Majority further from a major town or city,Rural
E07000192,Urban: Majority nearer to a major town or city,Urban
E07000193,Intermediate urban: Majority nearer to a major town or city,Urban
E07000194,Intermediate urban: Majority nearer to a major town or city,Urban
E07000195,Urban: Majority nearer to a major town or city,Urban
E07000196,Intermediate rural: Majority nearer to a major town or city,Rural
E07000197,Intermediate urban: Majority nearer to a major town or city,Urban
E07000198,Intermediate urban: Majority nearer to a major town or city,Urban
E07000199,Urban: Majority nearer to a major town or city,Urban
E07000200,Majority rural: Majority nearer to a major town or city,Rural
E07000202,Urban: Majority nearer to a major town or city,Urban
E07000203,Majority rural: Majority nearer to a major town or city,Rural
E07000207,Urban: Majority nearer to a major town or city,Urban
E07000208,Urban: Majority nearer to a major town or city,Urban
E07000209,Urban: Majority nearer to a major town or city,Urban
E07000210,Intermediate urban: Majority nearer to a major town or city,Urban
E07000211,Urban: Majority nearer to a major town or city,Urban
E07000212,Urban: Majority nearer to a major town or city,Urban
E07000213,Urban: Majority nearer to a major town or city,Urban
E07000214,Urban: Majority nearer to a major town or city,Urban
E07000215,Intermediate urban: Majority nearer to a major town or city,Urban
E07000216,Urban: Majority nearer to a major town or city,Urban
E07000217,Urban: Majority nearer to a major town or city,Urban
E07000218,Majority rural: Majority nearer to a major town or city,Rural
E07000219,Urban: Majority nearer to a major town or city,Urban
E07000220,Intermediate urban: Majority nearer to a major town or city,Urban
E07000221,Majority rural: Majority nearer to a major town or city,Rural
E07000222,Urban: Majority nearer to a major town or city,Urban
E07000223,Urban: Majority nearer to a major town or city,Urban
E07000224,Urban: Majority nearer to a major town or city,Urban
E07000225,Majority rural: Majority nearer to a major town or city,Rural
E07000226,Urban: Majority nearer to a major town or city,Urban
E06000057,Intermediate rural: Majority nearer to a major town or city,Rural
E06000058,Urban: Majority nearer to a major town or city,Urban
E06000059,Intermediate rural: Majority further from a major town or city,Rural
E06000060,Intermediate urban: Majority nearer to a major town or city,Urban
E06000061,Intermediate urban: Majority nearer to a major town or city,Urban
E06000062,Intermediate urban: Majority nearer to a major town or city,Urban
E06000063,Majority rural: Majority further from a major town or city,Rural
E06000064,Intermediate rural: Majority further from a major town or city,Rural
E06000065,Majority rural: Majority nearer to a major town or city,Rural
E06000066,Intermediate rural: Majority further from a major town or city,Rural
E07000008,Urban: Majority nearer to a major town or city,Urban
E07000009,Majority rural: Majority further from a major town or city,Rural
E07000010,Intermediate urban: Majority further from a major town or city,Urban
E07000011,Majority rural: Majority nearer to a major town or city,Rural
E07000012,Majority rural: Majority nearer to a major town or city,Rural
E07000032,Intermediate urban: Majority nearer to a major town or city,Urban
E07000033,Intermediate rural: Majority nearer to a major town or city,Rural
E07000034,Urban: Majority nearer to a major town or city,Urban
E07000035,Majority rural: Majority nearer to a major town or city,Rural
E07000036,Urban: Majority nearer to a major town or city,Urban
E07000037,Intermediate urban: Majority nearer to a major town or city,Urban
E07000038,Intermediate rural: Majority nearer to a major town or city,Rural
E07000039,Intermediate rural: Majority nearer to a major town or city,Rural
E07000040,Majority rural: Majority nearer to a major town or city,Rural
E07000041,Urban: Majority nearer to a major town or city,Urban
E07000042,Majority rural: Majority nearer to a major town or city,Rural
E07000043,Majority rural: Majority further from a major town or city,Rural
E07000044,Majority rural: Majority further from a major town or city,Rural
E07000045,Intermediate rural: Majority nearer to a major town or city,Rural
E07000046,Majority rural: Majority further from a major town or city,Rural
E07000047,Majority rural: Majority further from a major town or city,Rural
E07000061,Urban: Majority nearer to a major town or city,Urban
E07000062,Urban: Majority nearer to a major town or city,Urban
E07000063,Intermediate urban: Majority nearer to a major town or city,Urban
E07000064,Majority rural: Majority nearer to a major town or city,Rural
E07000065,Intermediate rural: Majority nearer to a major town or city,Rural
E07000066,Urban: Majority nearer to a major town or city,Urban
E07000067,Intermediate rural: Majority nearer to a major town or city,Rural
E07000068,Intermediate urban: Majority nearer to a major town or city,Urban
E07000069,Urban: Majority nearer to a major town or city,Urban
E07000070,Urban: Majority nearer to a major town or city,Urban
E07000071,Intermediate urban: Majority nearer to a major town or city,Urban
E07000072,Intermediate urban: Majority nearer to a major town or city,Urban
E07000073,Urban: Majority nearer to a major town or city,Urban
E07000074,Majority rural: Majority nearer to a major town or city,Rural
E07000075,Urban: Majority nearer to a major town or city,Urban
E07000076,Intermediate urban: Majority nearer to a major town or city,Urban
E07000077,Majority rural: Majority nearer to a major town or city,Rural
E07000078,Urban: Majority nearer to a major town or city,Urban
E07000079,Majority rural: Majority nearer to a major town or city,Rural
E07000080,Majority rural: Majority further from a major town or city,Rural
E07000081,Urban: Majority nearer to a major town or city,Urban
E07000082,Intermediate urban: Majority nearer to a major town or city,Urban
E07000227,Majority rural: Majority nearer to a major town or city,Rural
E07000228,Urban: Majority nearer to a major town or city,Urban
E07000229,Urban: Majority nearer to a major town or city,Urban
E07000234,Intermediate urban: Majority nearer to a major town or city,Urban
E07000235,Majority rural: Majority nearer to a major town or city,Rural
E07000236,Urban: Majority nearer to a major town or city,Urban
E07000237,Urban: Majority nearer to a major town or city,Urban
E07000238,Majority rural: Majority nearer to a major town or city,Rural
E07000239,Intermediate urban: Majority nearer to a major town or city,Urban
E07000240,Urban: Majority nearer to a major town or city,Urban
E07000241,Urban: Majority nearer to a major town or city,Urban
E07000242,Intermediate urban: Majority nearer to a major town or city,Urban
E07000243,Urban: Majority nearer to a major town or city,Urban
E07000244,Intermediate rural: Majority further from a major town or city,Rural
E07000245,Intermediate rural: Majority further from a major town or city,Rural
E08000001,Urban: Majority nearer to a major town or city,Urban
E08000002,Urban: Majority nearer to a major town or city,Urban
E08000003,Urban: Majority nearer to a major town or city,Urban
E08000004,Urban: Majority nearer to a major town or city,Urban
E08000005,Urban: Majority nearer to a major town or city,Urban
E08000006,Urban: Majority nearer to a major town or city,Urban
E08000007,Urban: Majority nearer to a major town or city,Urban
E08000008,Urban: Majority nearer to a major town or city,Urban
E08000009,Urban: Majority nearer to a major town or city,Urban
E08000010,Urban: Majority nearer to a major town or city,Urban
E08000011,Urban: Majority nearer to a major town or city,Urban
E08000012,Urban: Majority nearer to a major town or city,Urban
E08000013,Urban: Majority nearer to a major town or city,Urban
E08000014,Urban: Majority nearer to a major town or city,Urban
E08000015,Urban: Majority nearer to a major town or city,Urban
E08000016,Urban: Majority nearer to a major town or city,Urban
E08000017,Urban: Majority nearer to a major town or city,Urban
E08000018,Urban: Majority nearer to a major town or city,Urban
E08000019,Urban: Majority nearer to a major town or city,Urban
E08000021,Urban: Majority nearer to a major town or city,Urban
E08000022,Urban: Majority nearer to a major town or city,Urban
E08000023,Urban: Majority nearer to a major town or city,Urban
E08000024,Urban: Majority nearer to a major town or city,Urban
E08000025,Urban: Majority nearer to a major town or city,Urban
E08000026,Urban: Majority nearer to a major town or city,Urban
E08000027,Urban: Majority nearer to a major town or city,Urban
E08000028,Urban: Majority nearer to a major town or city,Urban
E08000029,Urban: Majority nearer to a major town or city,Urban
E08000030,Urban: Majority nearer to a major town or city,Urban
E08000031,Urban: Majority nearer to a major town or city,Urban
E08000032,Urban: Majority nearer to a major town or city,Urban
E08000033,Urban: Majority nearer to a major town or city,Urban
E08000034,Urban: Majority nearer to a major town or city,Urban
E08000035,Urban: Majority nearer to a major town or city,Urban
E08000036,Urban: Majority nearer to a major town or city,Urban
E08000037,Urban: Majority nearer to a major town or city,Urban
E09000001,Urban: Majority nearer to a major town or city,Urban
E09000002,Urban: Majority nearer to a major town or city,Urban
E09000003,Urban: Majority nearer to a major town or city,Urban
E09000004,Urban: Majority nearer to a major town or city,Urban
E09000005,Urban: Majority nearer to a major town or city,Urban
E09000006,Urban: Majority nearer to a major town or city,Urban
E09000007,Urban: Majority nearer to a major town or city,Urban
E09000008,Urban: Majority nearer to a major town or city,Urban
E09000009,Urban: Majority nearer to a major town or city,Urban
E09000010,Urban: Majority nearer to a major town or city,Urban
E09000011,Urban: Majority nearer to a major town or city,Urban
E09000012,Urban: Majority nearer to a major town or city,Urban
E09000013,Urban: Majority nearer to a major town or city,Urban
E09000014,Urban: Majority nearer to a major town or city,Urban
E09000015,Urban: Majority nearer to a major town or city,Urban
E09000016,Urban: Majority nearer to a major town or city,Urban
E09000017,Urban: Majority nearer to a major town or city,Urban
E09000018,Urban: Majority nearer to a major town or city,Urban
E09000019,Urban: Majority nearer to a major town or city,Urban
E09000020,Urban: Majority nearer to a major town or city,Urban
E09000021,Urban: Majority nearer to a major town or city,Urban
E09000022,Urban: Majority nearer to a major town or city,Urban
E09000023,Urban: Majority nearer to a major town or city,Urban
E09000024,Urban: Majority nearer to a major town or city,Urban
E09000025,Urban: Majority nearer to a major town or city,Urban
E09000026,Urban: Majority nearer to a major town or city,Urban
E09000027,Urban: Majority nearer to a major town or city,Urban
E09000028,Urban: Majority nearer to a major town or city,Urban
E09000029,Urban: Majority nearer to a major town or city,Urban
E09000030,Urban: Majority nearer to a major town or city,Urban
E09000031,Urban: Majority nearer to a major town or city,Urban
E09000032,Urban: Majority nearer to a major town or city,Urban
E09000033,Urban: Majority nearer to a major town or city,Urban
E07000083,Intermediate urban: Majority nearer to a major town or city,Urban
E07000084,Intermediate urban: Majority nearer to a major town or city,Urban
E07000085,Intermediate rural: Majority nearer to a major town or city,Rural
E07000086,Urban: Majority nearer to a major town or city,Urban
E07000087,Urban: Majority nearer to a major town or city,Urban
E07000088,Urban: Majority nearer to a major town or city,Urban
E07000089,Intermediate urban: Majority nearer to a major town or city,Urban
E07000090,Urban: Majority nearer to a major town or city,Urban
E07000091,Intermediate urban: Majority nearer to a major town or city,Urban
E07000092,Urban: Majority nearer to a major town or city,Urban
E07000093,Intermediate urban: Majority nearer to a major town or city,Urban
E07000094,Intermediate rural: Majority nearer to a major town or city,Rural
E07000095,Urban: Majority nearer to a major town or city,Urban
E07000096,Urban: Majority nearer to a major town or city,Urban
E07000098,Urban: Majority nearer to a major town or city,Urban
E07000099,Urban: Majority nearer to a major town or city,Urban
E07000102,Urban: Majority nearer to a major town or city,Urban
E07000103,Urban: Majority nearer to a major town or city,Urban
E07000105,Intermediate rural: Majority nearer to a major town or city,Rural
E07000106,Urban: Majority further from a major town or city,Urban
E07000107,Urban: Majority nearer to a major town or city,Urban
E07000108,Intermediate urban: Majority further from a major town or city,Urban
E07000109,Urban: Majority nearer to a major town or city,Urban
E07000110,Intermediate urban: Majority nearer to a major town or city,Urban
E07000111,Intermediate rural: Majority nearer to a major town or city,Rural
E07000112,Intermediate rural: Majority nearer to a major town or city,Rural
E07000113,Intermediate urban: Majority nearer to a major town or city,Urban
E07000114,Urban: Majority further from a major town or city,Urban
E07000115,Intermediate rural: Majority nearer to a major town or city,Rural
E07000116,Intermediate rural: Majority further from a major town or city,Rural
E07000117,Urban: Majority nearer to a major town or city,Urban
E07000118,Intermediate rural: Majority nearer to a major town or city,Rural
E07000119,Intermediate urban: Majority nearer to a major town or city,Urban
E07000120,Urban: Majority nearer to a major town or city,Urban
E07000121,Intermediate urban: Majority further from a major town or city,Urban
E07000122,Urban: Majority nearer to a major town or city,Urban
E07000123,Urban: Majority nearer to a major town or city,Urban
E07000124,Majority rural: Majority nearer to a major town or city,Rural
E07000125,Urban: Majority nearer to a major town or city,Urban
E07000126,Urban: Majority nearer to a major town or city,Urban
E07000127,Intermediate rural: Majority nearer to a major town or city,Rural
E07000128,Intermediate urban: Majority nearer to a major town or city,Urban
E07000129,Intermediate urban: Majority nearer to a major town or city,Urban
E07000130,Intermediate urban: Majority nearer to a major town or city,Urban
E07000131,Majority rural: Majority nearer to a major town or city,Rural
E07000132,Intermediate rural: Majority nearer to a major town or city,Rural
E07000133,Intermediate rural: Majority further from a major town or city,Rural
E07000134,Intermediate rural: Majority nearer to a major town or city,Rural
E07000135,Urban: Majority nearer to a major town or city,Urban
E07000136,Intermediate urban: Majority further from a major town or city,Urban
E07000137,Majority rural: Majority further from a major town or city,Rural
E07000138,Urban: Majority nearer to a major town or city,Urban
E07000139,Majority rural: Majority nearer to a major town or city,Rural
