lad,nonwhite_pct,nonwhite_british_pct,ethnic_diversity_idx
E06000001,3.5413372609326603,4.956789187550088,0.06916036336543308
E06000002,17.631077944997987,20.4979085893748,0.30882443321662456
E06000003,2.3013257159598624,3.472496887131033,0.04533043432465178
E06000004,7.963660964530781,9.698717655257308,0.15042010493046665
E06000005,5.631934394597202,9.71835689635979,0.10840623516051362
E06000006,3.504101869580784,6.364513768894285,0.06848373104023842
E06000007,6.478554127779384,11.86549937669749,0.12390872854885593
E06000008,39.646247600829774,43.13271854259699,0.5080305854946789
E06000009,5.309878827841944,9.638468792319854,0.10238783475989188
E06000010,8.248287536561891,16.123185013463765,0.1563836640460009
E06000011,2.6454129713776426,5.370015925660769,0.05198442197534647
E06000012,3.7823236731287473,7.393273745436939,0.07379601768718458
E06000013,5.676433841729332,11.273897362155536,0.10900508586899349
E06000014,7.225090104081924,12.749172916019544,0.13738920126003973
E06000015,26.20598093080914,33.77932691571907,0.4271740944466985
E06000016,59.12402223723517,66.7920156496306,0.6352885748211377
E06000017,5.215590742996346,8.959805115712546,0.10081731051968645
E06000018,34.05225022015542,42.65762355740263,0.5284195657960431
E06000019,3.092518927242397,8.882437229992728,0.060602430554326236
E06000020,11.805888661927424,17.034865233396033,0.21764433119666526
E06000021,16.51513920013624,21.46658461347917,0.2917075873346604
E06000022,7.807806255138075,14.441416893732969,0.14806981665276264
E06000023,18.906082329559524,28.364944006671365,0.3321485566430016
E06000024,4.291073183561037,9.6036986282408,0.08340540406075547
E06000025,8.803680136627827,14.208192160427513,0.16590699229914785
E06000026,6.032603562590907,10.53778877576078,0.11599293387708887
E06000027,3.8772932158134994,7.858660388734173,0.07552714726225274
E06000030,18.537686741413214,25.78284656678563,0.32115174403283564
E06000031,24.615848286734362,40.48639124588492,0.40767950621802584
E06000032,54.8088661596992,68.2448359902513,0.6457430807802066
E06000033,12.511276530979329,18.398317513905415,0.22970717286491749
E06000034,23.30149494582171,33.84395970294273,0.3917313635357992
E06000035,15.73632909537375,21.739052732036328,0.28234413381862433
E06000036,13.912764335299546,22.194133461739096,0.2521238126644958
E06000037,8.091200208117835,14.366324552329868,0.15311789063679926
E06000038,32.910120936960105,46.52428209823043,0.5099142633103337
E06000039,63.953312302839116,75.9615141955836,0.6410287975798346
E06000040,20.16065460562747,30.949139071121913,0.34361194688582675
E06000041,20.084844114432514,27.275749005645007,0.3429169255500478
E06000042,28.198286072598062,37.79418936807636,0.4575532948722546
E06000043,14.627052034802942,26.0812766372071,0.26523450670158244
E06000044,14.77108283133254,22.277296743765653,0.26664580642284297
E06000045,19.31986180298891,31.913466173871125,0.3352313671099647
E06000046,3.0186744886408134,6.2381193088374545,0.059153254452599446
E06000047,3.178902324797392,5.2539233470033535,0.062225593894788545
E06000049,5.574363295316622,10.390649293330524,0.10739333616258429
E06000050,4.700559150382613,8.827968158947666,0.09110092054810182
E06000051,3.3160592941438227,6.702265402169916,0.06486925479071881
E06000052,3.1868912248709025,6.386582618072785,0.062404100034707644
E06000053,2.4817518248175183,6.2773722627737225,0.04880482592454449
E06000054,5.666888090717237,9.94233177160795,0.10920408572361096
E06000055,24.321902129313695,35.87278106508875,0.4062054326946525
E06000056,9.755616803341365,16.476409595889223,0.18281309322261285
E06000057,2.351777793028581,3.915262379665966,0.04629466005439231
E06000058,8.66702482539762,17.637901523007535,0.16359135031743355
E06000059,2.9414089256546707,6.1409979450972125,0.05767715887022562
E06000060,20.053952607046384,27.408249830946087,0.3434366486000413
E06000061,9.695902626535716,19.53950094986969,0.1817410877299538
E06000062,14.085449928709512,24.949086612656586,0.25579647533755323
E06000063,2.3293346117531675,4.910449618303849,0.045870958560723984
E06000064,2.4082826918748594,5.409258008852877,0.047400679206413665
E06000065,3.3040341841459653,6.730409917301662,0.06464995930219664
E06000066,3.621749392438417,8.698847163925276,0.07070105215771427
E07000008,25.470571275587954,47.00838859370924,0.41835537878028806
E07000009,5.527386256167178,13.520504084864921,0.10655479994041284
E07000010,4.08057700002928,14.086335288548813,0.07949903170402839
E07000011,7.58494071845691,14.788864802689789,0.1441697479424897
E07000012,10.999463350543126,20.43709173004682,0.20344563671072435
E07000032,2.723368514468638,4.968146809926785,0.053468861527240286
E07000033,2.64980690170674,6.749719696025913,0.052090841286576706
E07000034,4.548702301869303,6.928781090684382,0.08825888434594631
E07000035,2.2296777801076395,4.485915985182079,0.04392955445571811
E07000036,4.551493251142523,7.535338505686045,0.08830432030856672
E07000037,2.5523725738164624,5.22571067245835,0.05015611797682251
E07000038,2.5842377184984757,4.260659000225483,0.05078469428201049
E07000039,6.874615226759697,9.861388355129378,0.13104591569464918
E07000040,2.636202701179528,5.842610211970323,0.0517912794387142
E07000041,9.695731674661648,17.299762063240685,0.18121791522073494
E07000042,2.154418065730873,6.220655860379226,0.04245173463332674
E07000043,3.014846063359429,5.747779174948282,0.059091102442929366
E07000044,2.48341381956041,5.807419777045629,0.048841533403495285
E07000045,2.3248913220872094,5.092654411655614,0.045757922449413124
E07000046,1.7529435945620577,3.9081539771559446,0.034633701339716105
E07000047,2.184117420394437,5.075839843065822,0.04303763693507057
E07000061,9.183713611329662,17.914044059795437,0.1728262181967648
E07000062,8.576295400846199,14.920600032968846,0.16213478234495404
E07000063,5.813290093985527,11.089091072876316,0.11181330742691697
E07000064,4.425757673389608,8.325278690637283,0.08593790655340594
E07000065,3.9606124182027074,8.232179429541935,0.07712259598011983
E07000066,12.502732356971109,17.872013733759136,0.2295815765986492
E07000067,5.335394325830032,9.64930924548353,0.10303571887662544
E07000068,11.491537742705846,17.329456961893886,0.2124723064891616
E07000069,5.136076443928467,7.350807081779822,0.09932783971639458
E07000070,11.470722718333214,16.94826550905395,0.21198189968751624
E07000071,12.980240353681063,19.31754498848046,0.2378558560461025
E07000072,15.93643502741147,24.4376944732553,0.2855310311855137
E07000073,17.26775956284153,27.147755276974177,0.3067040530870777
E07000074,3.1444926069686305,5.955203818096691,0.06156970829649755
E07000075,4.139525110317294,6.2139571805468,0.08053957293798686
E07000076,3.801258319677935,6.533686687840963,0.07412253767379895
E07000077,5.5263618847433875,11.056008057453145,0.10652713933881364
E07000078,8.648052778619274,16.7491332592817,0.16294584164251347
E07000079,3.6551800066057467,8.020477815699659,0.07132648255463059
E07000080,2.4539101650498827,5.290561353500989,0.048288120319149974
E07000081,15.068648330236984,21.97426254021478,0.271601306601021
E07000082,3.635718060509975,7.603382216937509,0.07093089229657468
E07000083,4.928226639404734,9.656204548807994,0.09534133486925445
E07000084,11.511498536353521,18.137334327100685,0.2123218151511621
E07000085,4.5720602503539,9.486090566397861,0.08866875988570133
E07000086,7.593591510070065,11.874468646477677,0.14405221572951876
E07000087,4.377707139863071,7.248148665642029,0.08501600486461569
E07000088,4.652893873018585,7.548597298319687,0.09029709965478228
E07000089,7.496680214075892,13.06788459216933,0.14236794759808158
E07000090,4.092263102809757,6.8255373963449,0.07963819865825428
E07000091,3.22217291872888,6.789659919673231,0.06307393310320941
E07000092,22.594452630840326,28.91167714191201,0.37716429951569763
E07000093,6.92308281797212,11.968641515506818,0.13209579133095983
E07000094,6.386334390006591,11.879727566617495,0.12220844360347416
E07000095,18.893613582877975,31.42808084276869,0.33271340035956987
E07000096,13.205357200430742,21.26243704902599,0.24123485827125513
E07000098,22.890370686377253,36.90634071243751,0.3892016365172838
E07000099,12.454019968470835,18.7012987012987,0.22876893282280408
E07000102,22.881030584822764,32.06287591178603,0.3799710521462224
E07000103,39.13834417330921,54.20802973250526,0.5620791841190602
E07000105,11.940759489856646,17.381937068257663,0.21988432589679385
E07000106,10.770569590100934,17.494870703618773,0.20057868372464027
E07000107,25.53916782294397,32.715795604433254,0.42338040076714345
E07000108,5.147279896229738,9.706986453170233,0.09951803032751261
E07000109,23.394323773175433,31.685094759686443,0.39471670660421454
E07000110,10.192796718644221,18.01503006582054,0.19020088292349768
E07000111,7.8911338837489104,14.437206986682154,0.14974884139356226
E07000112,7.4208037609672095,11.998104939002724,0.14089005020054757
E07000113,6.155185031349513,11.400541941098519,0.11820008696513185
E07000114,7.0191411723701345,12.654797385248992,0.13406825752185125
E07000115,6.742762914047548,11.659518460526016,0.12881990050200653
E07000116,8.456908961617843,15.839360355204052,0.159576186934282
E07000117,17.473666416625285,22.080062545562118,0.29694850512464743
E07000118,4.370057672869968,7.036260012061189,0.08486427634960803
E07000119,3.7394777265745005,6.859600614439324,0.07294242888525515
E07000120,17.331614723299733,20.38741685615964,0.29362835311720314
E07000121,6.909241004904191,12.163930068070995,0.13171744997367152
E07000122,29.429394933060422,33.874976503268655,0.43032701418356845
E07000123,27.40438600051409,33.90221464615718,0.43051412503654884
E07000124,3.75050759360026,5.927068951514659,0.07302544966551638
E07000125,7.5605350793023645,9.588248574815148,0.1422664928168994
E07000126,4.607556175980547,7.1563020669158375,0.08926699716581032
E07000127,3.094635907654838,7.179657495167293,0.06062468572365842
E07000128,2.5074589534239724,4.265449413109892,0.049306850437190075
E07000129,13.768411643542807,17.661575531460105,0.24847102452552872
E07000130,17.671903027667554,22.082404739903243,0.30575997639873165
E07000131,8.98558741280231,12.444813210001742,0.16815765675692262
E07000132,5.685448033720224,9.165706039193601,0.1093350016428224
E07000133,3.110990879579533,7.126294635956098,0.06093255131952546
E07000134,4.066585806106564,7.904915621687185,0.07917097536190054
E07000135,36.63393769373301,40.235856408125095,0.5178411370981606
E07000136,5.349975179065314,25.480462378554712,0.1033229553309023
E07000137,2.2453353947784533,4.3986085245440805,0.044222056718095426
E07000138,7.849615658774346,17.264530795461113,0.14904581045915177
E07000139,2.8313232603834946,5.732095670438377,0.05557023301669739
E07000140,3.6784340110594815,15.640966337965981,0.07183005144476728
E07000141,4.172797322269098,9.528259126250829,0.08116215710886876
E07000142,3.0393156285140774,5.4533225436927895,0.05956580671720335
E07000143,3.5482799324271794,11.281692430571754,0.0693404037012133
E07000144,3.6850056558080215,6.421050234203594,0.07191221629942057
E07000145,5.40250626566416,11.114786967418548,0.10432271817388084
E07000146,4.38228166349157,11.248914635252646,0.08513097300905803
E07000147,1.9140010487676982,4.442696498281187,0.03778456342291481
E07000148,12.856090714543786,22.443094966788028,0.2356909877985045
E07000149,4.56082509087835,8.211457716910418,0.0885045393632733
E07000170,4.870980767860394,8.176628476868384,0.09436391995028859
E07000171,3.550843357130124,8.034600137517721,0.06939735871583785
E07000172,11.09067964665585,15.523706508022356,0.20533468978679315
E07000173,10.528380406603901,14.409366898621915,0.19615443308949476
E07000174,5.2225701924295365,12.678083307688128,0.10095197414014367
E07000175,3.735391471954066,8.962337039175662,0.07289430798168894
E07000176,10.287461054611722,13.93887988444452,0.19099310359335064
E07000177,11.914417911374716,22.105393907399932,0.21916875165373795
E07000178,29.300789928412733,46.51197235250555,0.4697780357038721
E07000179,6.9106836230950845,14.21844816484224,0.13194110043827856
E07000180,9.22087925536127,16.842196194740595,0.17333312680743895
E07000181,4.782205259287791,11.019293392625793,0.0926449530940755
E07000192,3.374352138316604,5.475363847079773,0.06597352595129158
E07000193,13.68316656050185,21.772119237871003,0.24554606905479615
E07000194,5.185275658611748,7.970987259949641,0.10006976897925468
E07000195,7.117657077510767,10.017923908547514,0.13545207499009992
E07000196,6.250282869427472,7.823489477257298,0.1197861389858158
E07000197,6.623072988967634,9.985387594067364,0.12664659242873355
E07000198,1.995951754935103,3.419097700429865,0.03937813951043978
E07000199,4.238193331807431,9.13761094580504,0.08237578534078893
E07000200,3.3278464837235497,6.41528232007104,0.06510208804382711
E07000202,15.672822841101953,25.37542161082188,0.2821368397163244
E07000203,3.1528417444815533,5.959046163133757,0.06175172277754648
E07000207,13.876977406219595,25.86429317862419,0.25178784787293906
E07000208,20.540667432694566,30.642351458541828,0.3525197322414938
E07000209,13.128711354918654,22.674333609473223,0.23933589123458732
E07000210,7.256228043072769,14.194330964559946,0.13816841300829685
E07000211,15.586757355183432,23.134189835991673,0.2793326263380186
E07000212,16.487471474471782,27.377695023785463,0.292086475301616
E07000213,21.328671328671327,30.78768453768454,0.36224065278479634
E07000214,14.985186167860617,22.091403555319715,0.26800890156305546
E07000215,10.575008250167848,16.539026138807653,0.19693772137416343
E07000216,6.3466067724174495,13.183753684900099,0.12152749755633041
E07000217,21.563741666105464,32.74102152141077,0.3626874199037493
E07000218,3.8778522664370505,6.823912909773049,0.07555110554126265
E07000219,12.86084740458129,18.17538264355654,0.23341743730283737
E07000220,14.296581936465467,25.07716656610967,0.25801326592099716
E07000221,4.492146907752145,9.941806953475254,0.08713277415108567
E07000222,15.43912592452881,24.117908577741254,0.2742380314797084
E07000223,6.58320809382892,11.08253412453713,0.1260436639003929
E07000224,4.175586917100802,11.346558552220612,0.08122908206634005
E07000225,4.567546001886017,9.872572962255482,0.08861823006506997
E07000226,26.628801944435065,38.24224420214023,0.4335842892743734
E07000227,6.359350302501772,11.873875838011665,0.12183602610443289
E07000228,7.761886658888612,14.154529842822122,0.1471459516914675
E07000229,8.648439885753293,14.96164831414252,0.1630483680994662
E07000234,6.9306231914743455,9.585311999032092,0.13211355200549857
E07000235,3.4068464025563925,6.6551763181400725,0.06658033405299024
E07000236,10.181078658914906,17.57014500080428,0.18909069584549276
E07000237,10.003947279746605,17.330483589906517,0.18616940616920474
E07000238,3.147288576927431,9.39431676667044,0.06164697237150407
E07000239,4.119713804879489,7.526892302847189,0.08009436602313513
E07000240,16.4028912930505,26.461000614163556,0.2917943518719628
E07000241,21.310134768640214,32.781741561313474,0.3670532698932292
E07000242,7.706497779020904,15.259824585938905,0.14642490250588935
E07000243,17.205971083152697,24.69775860913093,0.305104675166604
E07000244,3.8336178167926525,6.9076647972039344,0.07473502599290427
E07000245,8.220152488496677,17.790139373596816,0.15579990021138979
E08000001,28.05075010136505,31.245438572780103,0.43948638810824703
E08000002,17.093025055326,21.832747832097848,0.2999275155925353
E08000003,43.17622631527454,51.34018676010711,0.6139677314153671
E08000004,31.88523134245127,34.769731542792464,0.47352347922337357
E08000005,26.04716428849136,29.986906256842932,0.4167776432904988
E08000006,17.6621394328732,26.047524840509478,0.3134416133851442
E08000007,12.633578722393732,16.602435797401363,0.23034429296572656
E08000008,14.45189769333968,17.64184013502402,0.25868201342073993
E08000009,22.24689750822155,27.86733204851672,0.37639882632742205
E08000010,4.973127258373061,8.152309233899128,0.09631250646164535
E08000011,4.714013901293053,7.649594222032384,0.09140099085995823
E08000012,15.973445137505966,22.69198169878705,0.2871788091393114
E08000013,3.4707063651445034,6.385881428446695,0.0678460129086903
E08000014,4.187542303381048,8.20318515361723,0.08147748414133549
E08000015,4.842925805514695,7.5677937782441544,0.09370250638743693
E08000016,3.1230067219469113,7.3941416024728905,0.06122983023192019
E08000017,6.864240646015631,13.380222262612623,0.13118704579375917
E08000018,8.97346184811479,11.73525052105671,0.16812220256706623
E08000019,20.8988667135051,25.484121950036208,0.3606915252765889
E08000021,20.033185951280625,25.50920110486561,0.34504547481756054
E08000022,5.14911373990276,7.496363079514568,0.09940356782889648
E08000023,5.612510742537743,7.002442870000068,0.1079707486257272
E08000024,5.397322128728941,7.118862907726144,0.10393303165133505
E08000025,51.384635809251634,57.09655330232103,0.6508562797070014
E08000026,34.482409120789065,44.72128830855928,0.5260632624735149
E08000027,15.114007320209714,17.596943317835592,0.27080885124710274
E08000028,42.77188794495542,47.94840740480704,0.5951390789527996
E08000029,17.837587865334815,22.124491305956344,0.311008399114712
E08000030,28.649965156303892,32.590118468566764,0.452257261236505
E08000031,39.442072453986334,45.28298309609215,0.575498365895827
E08000032,38.87323118818767,43.28235836694655,0.5214527047888631
E08000033,13.935469508447426,17.25200962101524,0.24774591118900535
E08000034,26.37132311357231,29.462181421148486,0.4183668856312798
E08000035,20.95589276719219,26.629127548023103,0.36105319851999884
E08000036,6.9694654328324415,11.810849817471771,0.13284359296966186
E08000037,6.45427710566967,9.695690520981499,0.12375878735888968
E09000001,30.626747437092266,57.490680335507925,0.4835167391336447
E09000002,55.099122314057134,69.13707160839033,0.6827113629496797
E09000003,42.2716158461412,63.84251458864141,0.6110270958807622
E09000004,28.120904757074754,35.554518713865505,0.456760745277044
E09000005,65.36382389552146,84.8122982393672,0.729188360824873
E09000006,23.544884557457628,33.48515565576031,0.3993991129878772
E09000007,40.484257813987135,64.61910381847946,0.5959653642498565
E09000008,51.632098360991385,62.56487955692509,0.6768134127560876
E09000009,56.835714052234174,75.68479717582454,0.6964247165458459
E09000010,47.91157173810931,68.74403381971908,0.6635606085282212
E09000011,44.301108747167596,58.6027364087662,0.6231621332813617
E09000012,46.860662095258675,66.07060857351233,0.6503553503371218
E09000013,36.841271921203784,61.723885649391775,0.5650828511950758
E09000014,43.01311696273814,68.09769980093704,0.6224126814000892
E09000015,63.54089699661186,79.49235274975594,0.650474221801586
E09000016,24.704257170332607,33.51243264695557,0.41295387434014197
E09000017,51.81967068422756,62.93742869564933,0.6448154881382557
E09000018,55.90167290695778,71.56890981709412,0.65794442596221
E09000019,37.78383120180987,60.251165797128216,0.5747951469639738
E09000020,36.25438541426907,67.29997977303955,0.5592061473334973
E09000021,31.67464968910838,46.277928182548415,0.4945372540728157
E09000022,44.977805761057766,62.413033212655435,0.6247894681073816
E09000023,48.51190971309553,62.82652310906896,0.6464526251992004
E09000024,39.76541333816634,58.792585053929834,0.5856461965143631
E09000025,69.2484972794348,85.23801384497051,0.6921457010949895
E09000026,65.19897763495895,76.84401197701291,0.6432875665409992
E09000027,19.544544416393123,36.96492674508519,0.34029615520760637
E09000028,48.569756858665976,64.48673774541672,0.6533308787526384
E09000029,31.717357705737566,42.75124501516915,0.4959297900587464
E09000030,60.59824818082795,77.06231913014895,0.6380548011262328
E09000031,47.19496602353212,65.96391167554987,0.6514216320460253
E09000032,32.18750190836198,52.047290736658255,0.5106292802195311
E09000033,44.80307095712803,72.01179028183083,0.6383733194199177
