category,year,page_type,page_title,page_url,source_text,source_url,local_path,notes
local_elections,2016,results_analysis,Local Elections 2016,https://commonslibrary.parliament.uk/research-briefings/cbp-7596/,"Download full report Download ‘Local elections 2016’ report (685 KB , PDF)",https://researchbriefings.files.parliament.uk/documents/CBP-7596/CBP-7596.pdf,local_elections/2016_results_analysis/CBP-7596.pdf,
local_elections,2016,results_analysis,Local Elections 2016,https://commonslibrary.parliament.uk/research-briefings/cbp-7596/,"Results 2016 - Party affiliation, council composition, share of seats and net seat change Results 2016 - Party affiliation, council composition, share of seats and net seat change (56 KB , Excel Spreadsheet )","https://researchbriefings.files.parliament.uk/documents/CBP-7596/Results-2016---Party-affiliation,-council-composition,-share-of-seats-and-net-seat-change.xlsx","local_elections/2016_results_analysis/Results-2016---Party-affiliation,-council-composition,-share-of-seats-and-net-seat-change.xlsx",
local_elections,2017,results_analysis,Local Elections 2017,https://commonslibrary.parliament.uk/research-briefings/cbp-7975/,"Local Elections 2017 Downloadable Results Local Elections 2017 Downloadable Results (33 KB , Excel Spreadsheet )",https://researchbriefings.files.parliament.uk/documents/CBP-7975/CBP-7975-Downloadable-Results.xlsx,local_elections/2017_results_analysis/CBP-7975-Downloadable-Results.xlsx,
local_elections,2017,results_analysis,Local Elections 2017,https://commonslibrary.parliament.uk/research-briefings/cbp-7975/,"Download full report Download ‘Local Elections 2017’ report (3 MB , PDF)",https://researchbriefings.files.parliament.uk/documents/CBP-7975/CBP-7975.pdf,local_elections/2017_results_analysis/CBP-7975.pdf,
local_elections,2018,results_analysis,Local Elections 2018,https://commonslibrary.parliament.uk/research-briefings/cbp-8306/,"Download full report Download ‘Local Elections 2018’ report (727 KB , PDF)",https://researchbriefings.files.parliament.uk/documents/CBP-8306/CBP-8306.pdf,local_elections/2018_results_analysis/CBP-8306.pdf,
local_elections,2018,results_analysis,Local Elections 2018,https://commonslibrary.parliament.uk/research-briefings/cbp-8306/,"Local Elections 2018 Appendix Local Elections 2018 Appendix (34 KB , Excel Spreadsheet )",https://researchbriefings.files.parliament.uk/documents/CBP-8306/CBP-8306.xlsx,local_elections/2018_results_analysis/CBP-8306.xlsx,
local_elections,2019,results_analysis,Local Elections 2019,https://commonslibrary.parliament.uk/research-briefings/cbp-8566/,"Download full report Download ‘Local Elections 2019’ report (3 MB , PDF)",https://researchbriefings.files.parliament.uk/documents/CBP-8566/CBP-8566.pdf,local_elections/2019_results_analysis/CBP-8566.pdf,
local_elections,2019,results_analysis,Local Elections 2019,https://commonslibrary.parliament.uk/research-briefings/cbp-8566/,"CBP8566 CBP8566 (60 KB , Excel Spreadsheet )",https://researchbriefings.files.parliament.uk/documents/CBP-8566/CBP8566.xlsx,local_elections/2019_results_analysis/CBP8566.xlsx,
local_elections,2021,handbook_dataset,2021 Local Elections Handbook and dataset,https://commonslibrary.parliament.uk/data/parliament-elections-data/2021-local-elections-handbook-and-dataset/,Download the handbook,https://commonslibrary.parliament.uk/content/uploads/2022/04/LEH2021-complete.pdf,local_elections/2021_handbook_dataset/LEH2021-complete.pdf,
local_elections,2021,handbook_dataset,2021 Local Elections Handbook and dataset,https://commonslibrary.parliament.uk/data/parliament-elections-data/2021-local-elections-handbook-and-dataset/,Download the dataset,https://commonslibrary.parliament.uk/content/uploads/2023/02/local_elections_2021_results-2.xlsx,local_elections/2021_handbook_dataset/local_elections_2021_results-2.xlsx,
local_elections,2021,results_analysis,May 2021 local elections,https://commonslibrary.parliament.uk/research-briefings/cbp-9228/,"Download full report Download ‘May 2021 local elections’ report (2 MB , PDF)",https://researchbriefings.files.parliament.uk/documents/CBP-9228/CBP-9228.pdf,local_elections/2021_results_analysis/CBP-9228.pdf,
local_elections,2021,results_analysis,May 2021 local elections,https://commonslibrary.parliament.uk/research-briefings/cbp-9228/,"CBP09228_detailed_results CBP09228_detailed_results (40 KB , Excel Spreadsheet )",https://researchbriefings.files.parliament.uk/documents/CBP-9228/CBP09228_detailed_results.xlsx,local_elections/2021_results_analysis/CBP09228_detailed_results.xlsx,
local_elections,2022,handbook_dataset,2022 Local Elections Handbook and dataset,https://commonslibrary.parliament.uk/data/parliament-elections-data/2022-local-elections-handbook-and-dataset/,Download the handbook,https://commonslibrary.parliament.uk/content/uploads/2023/01/LEH2022-complete-compressed-1.pdf,local_elections/2022_handbook_dataset/LEH2022-complete-compressed-1.pdf,
local_elections,2022,handbook_dataset,2022 Local Elections Handbook and dataset,https://commonslibrary.parliament.uk/data/parliament-elections-data/2022-local-elections-handbook-and-dataset/,Download the dataset,https://commonslibrary.parliament.uk/content/uploads/2023/02/local-elections-2022.xlsx,local_elections/2022_handbook_dataset/local-elections-2022.xlsx,
local_elections,2022,results_analysis,Local Elections 2022: Results and analysis,https://commonslibrary.parliament.uk/research-briefings/cbp-9545/,"Download full report Download ‘Local Elections 2022: Results and analysis’ report (5 MB , PDF)",https://researchbriefings.files.parliament.uk/documents/CBP-9545/CBP-9545.pdf,local_elections/2022_results_analysis/CBP-9545.pdf,
local_elections,2022,results_analysis,Local Elections 2022: Results and analysis,https://commonslibrary.parliament.uk/research-briefings/cbp-9545/,"CBP9545- detailed results for download CBP9545- detailed results for download (66 KB , Excel Spreadsheet )",https://researchbriefings.files.parliament.uk/documents/CBP-9545/CBP9545-detailed-results-for-download.xlsx,local_elections/2022_results_analysis/CBP9545-detailed-results-for-download.xlsx,
local_elections,2023,handbook_dataset,2023 Local Elections Handbook and dataset,https://commonslibrary.parliament.uk/2023-local-elections-handbook-and-dataset/,Download the dataset,https://commonslibrary.parliament.uk/content/uploads/2024/01/LEH-Candidates-2023.xlsx,local_elections/2023_handbook_dataset/LEH-Candidates-2023.xlsx,
local_elections,2023,handbook_dataset,2023 Local Elections Handbook and dataset,https://commonslibrary.parliament.uk/2023-local-elections-handbook-and-dataset/,Download the handbook,https://commonslibrary.parliament.uk/content/uploads/2024/01/local-elections-handbook-2023.pdf,local_elections/2023_handbook_dataset/local-elections-handbook-2023.pdf,
local_elections,2023,results_analysis,Local election 2023: Results and analysis,https://commonslibrary.parliament.uk/research-briefings/cbp-9798/,"Download full report Download ‘Local election 2023: Results and analysis’ report (857 KB , PDF)",https://researchbriefings.files.parliament.uk/documents/CBP-9798/CBP-9798.pdf,local_elections/2023_results_analysis/CBP-9798.pdf,
local_elections,2023,results_analysis,Local election 2023: Results and analysis,https://commonslibrary.parliament.uk/research-briefings/cbp-9798/,"Data tables with election results Data tables with election results (60 KB , Excel Spreadsheet )",https://researchbriefings.files.parliament.uk/documents/CBP-9798/data_tables.xlsx,local_elections/2023_results_analysis/data_tables.xlsx,
local_elections,2024,handbook_dataset,2024 Local Elections Handbook and dataset,https://commonslibrary.parliament.uk/2024-local-elections-handbook-and-dataset/,Download the dataset,https://commonslibrary.parliament.uk/content/uploads/2025/03/LEH-2024-results-HoC-version.xlsx,local_elections/2024_handbook_dataset/LEH-2024-results-HoC-version.xlsx,No separate 2024 Commons Library local-election results-analysis page was located during source collection.
local_elections,2024,handbook_dataset,2024 Local Elections Handbook and dataset,https://commonslibrary.parliament.uk/2024-local-elections-handbook-and-dataset/,Download the handbook,https://commonslibrary.parliament.uk/content/uploads/2025/03/Local-Elections-Handbook-2024.pdf,local_elections/2024_handbook_dataset/Local-Elections-Handbook-2024.pdf,No separate 2024 Commons Library local-election results-analysis page was located during source collection.
local_elections,2025,handbook_dataset,2025 Local Elections Handbook and dataset,https://commonslibrary.parliament.uk/2025-local-elections-handbook-and-dataset/,Download the dataset,https://commonslibrary.parliament.uk/content/uploads/2026/03/LEH-2025-results-HoC.xlsx,local_elections/2025_handbook_dataset/LEH-2025-results-HoC.xlsx,
local_elections,2025,handbook_dataset,2025 Local Elections Handbook and dataset,https://commonslibrary.parliament.uk/2025-local-elections-handbook-and-dataset/,Download the handbook,https://commonslibrary.parliament.uk/content/uploads/2026/03/Local-Elections-Handbook-2025.pdf,local_elections/2025_handbook_dataset/Local-Elections-Handbook-2025.pdf,
local_elections,2025,results_analysis,Local Elections 2025: results and analysis,https://commonslibrary.parliament.uk/research-briefings/cbp-10272/,"Download full report Download ‘Local elections 2025: Results and analysis’ report (1 MB , PDF)",https://researchbriefings.files.parliament.uk/documents/CBP-10272/CBP-10272.pdf,local_elections/2025_results_analysis/CBP-10272.pdf,
local_elections,2025,results_analysis,Local Elections 2025: results and analysis,https://commonslibrary.parliament.uk/research-briefings/cbp-10272/,"CBP10272 CBP10272 (12 KB , Excel Spreadsheet )",https://researchbriefings.files.parliament.uk/documents/CBP-10272/CBP10272.xlsx,local_elections/2025_results_analysis/CBP10272.xlsx,
national_general_elections,2017,results_analysis,General Election 2017: full results and analysis,https://commonslibrary.parliament.uk/research-briefings/cbp-7979/,"Download full report Download ‘General Election 2017: full results and analysis’ report (15 MB , PDF)",https://researchbriefings.files.parliament.uk/documents/CBP-7979/CBP-7979.pdf,national_general_elections/2017_results_analysis/CBP-7979.pdf,
national_general_elections,2017,results_analysis,General Election 2017: full results and analysis,https://commonslibrary.parliament.uk/research-briefings/cbp-7979/,"Detailed results by candidate (csv) Detailed results by candidate (csv) (484 KB , )",https://researchbriefings.files.parliament.uk/documents/CBP-7979/HoC-GE2017-results-by-candidate.csv,national_general_elections/2017_results_analysis/HoC-GE2017-results-by-candidate.csv,
national_general_elections,2017,results_analysis,General Election 2017: full results and analysis,https://commonslibrary.parliament.uk/research-briefings/cbp-7979/,"Detailed results by candidate (xlsx) Detailed results by candidate (xlsx) (489 KB , Excel Spreadsheet )",https://researchbriefings.files.parliament.uk/documents/CBP-7979/HoC-GE2017-results-by-candidate.xlsx,national_general_elections/2017_results_analysis/HoC-GE2017-results-by-candidate.xlsx,
national_general_elections,2017,results_analysis,General Election 2017: full results and analysis,https://commonslibrary.parliament.uk/research-briefings/cbp-7979/,"Detailed results by constituency (csv) Detailed results by constituency (csv) (116 KB , )",https://researchbriefings.files.parliament.uk/documents/CBP-7979/HoC-GE2017-results-by-constituency.csv,national_general_elections/2017_results_analysis/HoC-GE2017-results-by-constituency.csv,
national_general_elections,2017,results_analysis,General Election 2017: full results and analysis,https://commonslibrary.parliament.uk/research-briefings/cbp-7979/,"Detailed results by constituency (xlsx) Detailed results by constituency (xlsx) (157 KB , Excel Spreadsheet )",https://researchbriefings.files.parliament.uk/documents/CBP-7979/HoC-GE2017-results-by-constituency.xlsx,national_general_elections/2017_results_analysis/HoC-GE2017-results-by-constituency.xlsx,
national_general_elections,2019,results_analysis,General Election 2019: full results and analysis,https://commonslibrary.parliament.uk/research-briefings/cbp-8749/,"Download full report Download ‘General Election 2019: full results and analysis’ report (20 MB , PDF)",https://researchbriefings.files.parliament.uk/documents/CBP-8749/CBP-8749.pdf,national_general_elections/2019_results_analysis/CBP-8749.pdf,
national_general_elections,2019,results_analysis,General Election 2019: full results and analysis,https://commonslibrary.parliament.uk/research-briefings/cbp-8749/,"Detailed results by candidate (csv) Detailed results by candidate (csv) (483 KB , )",https://researchbriefings.files.parliament.uk/documents/CBP-8749/HoC-GE2019-results-by-candidate.csv,national_general_elections/2019_results_analysis/HoC-GE2019-results-by-candidate.csv,
national_general_elections,2019,results_analysis,General Election 2019: full results and analysis,https://commonslibrary.parliament.uk/research-briefings/cbp-8749/,"Detailed results by candidate (xlsx) Detailed results by candidate (xlsx) (462 KB , Excel Spreadsheet )",https://researchbriefings.files.parliament.uk/documents/CBP-8749/HoC-GE2019-results-by-candidate.xlsx,national_general_elections/2019_results_analysis/HoC-GE2019-results-by-candidate.xlsx,
national_general_elections,2019,results_analysis,General Election 2019: full results and analysis,https://commonslibrary.parliament.uk/research-briefings/cbp-8749/,"Detailed results by constituency (csv) Detailed results by constituency (csv) (116 KB , )",https://researchbriefings.files.parliament.uk/documents/CBP-8749/HoC-GE2019-results-by-constituency.csv,national_general_elections/2019_results_analysis/HoC-GE2019-results-by-constituency.csv,
national_general_elections,2019,results_analysis,General Election 2019: full results and analysis,https://commonslibrary.parliament.uk/research-briefings/cbp-8749/,"Detailed results by constituency (xlsx) Detailed results by constituency (xlsx) (159 KB , Excel Spreadsheet )",https://researchbriefings.files.parliament.uk/documents/CBP-8749/HoC-GE2019-results-by-constituency.xlsx,national_general_elections/2019_results_analysis/HoC-GE2019-results-by-constituency.xlsx,
national_general_elections,2024,results_analysis,General election 2024 results,https://commonslibrary.parliament.uk/research-briefings/cbp-10009/,"Download full report Download ‘General election 2024: results and analysis full briefing PDF’ report (11 MB , PDF)",https://researchbriefings.files.parliament.uk/documents/CBP-10009/CBP-10009.pdf,national_general_elections/2024_results_analysis/CBP-10009.pdf,"Includes constituency, candidate, regional, MP and change-log files published on the Commons Library page."
national_general_elections,2024,results_analysis,General election 2024 results,https://commonslibrary.parliament.uk/research-briefings/cbp-10009/,"Defeated MPs Defeated MPs (34 KB , Excel Spreadsheet )",https://researchbriefings.files.parliament.uk/documents/CBP-10009/Defeated-MPs.xlsx,national_general_elections/2024_results_analysis/Defeated-MPs.xlsx,"Includes constituency, candidate, regional, MP and change-log files published on the Commons Library page."
national_general_elections,2024,results_analysis,General election 2024 results,https://commonslibrary.parliament.uk/research-briefings/cbp-10009/,"Detailed results by candidate (csv) Detailed results by candidate (csv) (660 KB , )",https://researchbriefings.files.parliament.uk/documents/CBP-10009/HoC-GE2024-results-by-candidate.csv,national_general_elections/2024_results_analysis/HoC-GE2024-results-by-candidate.csv,"Includes constituency, candidate, regional, MP and change-log files published on the Commons Library page."
national_general_elections,2024,results_analysis,General election 2024 results,https://commonslibrary.parliament.uk/research-briefings/cbp-10009/,"Detailed results by candidate (xlsx) Detailed results by candidate (xlsx) (564 KB , Excel Spreadsheet )",https://researchbriefings.files.parliament.uk/documents/CBP-10009/HoC-GE2024-results-by-candidate.xlsx,national_general_elections/2024_results_analysis/HoC-GE2024-results-by-candidate.xlsx,"Includes constituency, candidate, regional, MP and change-log files published on the Commons Library page."
national_general_elections,2024,results_analysis,General election 2024 results,https://commonslibrary.parliament.uk/research-briefings/cbp-10009/,"Detailed results by constituency (csv) Detailed results by constituency (csv) (113 KB , )",https://researchbriefings.files.parliament.uk/documents/CBP-10009/HoC-GE2024-results-by-constituency.csv,national_general_elections/2024_results_analysis/HoC-GE2024-results-by-constituency.csv,"Includes constituency, candidate, regional, MP and change-log files published on the Commons Library page."
national_general_elections,2024,results_analysis,General election 2024 results,https://commonslibrary.parliament.uk/research-briefings/cbp-10009/,"Detailed results by constituency (xlsx) Detailed results by constituency (xlsx) (152 KB , Excel Spreadsheet )",https://researchbriefings.files.parliament.uk/documents/CBP-10009/HoC-GE2024-results-by-constituency.xlsx,national_general_elections/2024_results_analysis/HoC-GE2024-results-by-constituency.xlsx,"Includes constituency, candidate, regional, MP and change-log files published on the Commons Library page."
national_general_elections,2024,results_analysis,General election 2024 results,https://commonslibrary.parliament.uk/research-briefings/cbp-10009/,"MPs elected MPs elected (75 KB , Excel Spreadsheet )",https://researchbriefings.files.parliament.uk/documents/CBP-10009/MPs-elected.xlsx,national_general_elections/2024_results_analysis/MPs-elected.xlsx,"Includes constituency, candidate, regional, MP and change-log files published on the Commons Library page."
national_general_elections,2024,results_analysis,General election 2024 results,https://commonslibrary.parliament.uk/research-briefings/cbp-10009/,"Record of dataset changes (updated 5 Jan 2026) Record of dataset changes (updated 5 Jan 2026) (14 KB , Excel Spreadsheet )",https://researchbriefings.files.parliament.uk/documents/CBP-10009/Record-of-changes.xlsx,national_general_elections/2024_results_analysis/Record-of-changes.xlsx,"Includes constituency, candidate, regional, MP and change-log files published on the Commons Library page."
